claim_id,branch,claim,value,unit,status,source_url,locator,quote,source_date,retrieved,confidence,notes
R1-001,MPNN,MPNN framework unifies prior graph networks as message function + aggregation + update over T steps,,,DESIGN,https://arxiv.org/abs/1704.01212,Abstract,we reformulate existing models into a single common framework we call Message Passing Neural Networks (MPNNs) and explore additional novel variations within this framework.,2017-04-04,2026-10-01,High,
R1-002,THEORY,A GNN with injective aggregation/readout is as powerful as the 1-WL test (upper bound for MPNNs),,,THEOREM,https://arxiv.org/abs/1810.00826,"Section 4, Theorem 3","if the neighbor aggregation and graph-level readout functions are injective, then the resulting GNN is as powerful as the WL test.",2018-10-01,2026-10-01,High,Expressivity ceiling = 1-WL for anonymous MPNNs
R1-003,THEORY,1-WL coloring always refines any 1-GNN coloring: MPNNs cannot distinguish more than 1-WL,,,THEOREM,https://arxiv.org/abs/1810.02244,"Section 3, Theorem 1","We show that GNNs have the same expressiveness as the 1-WL in terms of distinguishing non-isomorphic (sub-)graphs. Hence, both algorithms also have the same shortcomings.",2018-10-04,2026-10-01,High,Applies regardless of number of iterations: recurrence alone does not lift the 1-WL ceiling
R1-004,THEORY,Many graph problems impossible for message passing GNNs unless depth x width exceeds a polynomial in graph size,,,THEOREM,https://arxiv.org/abs/1907.03199,"Abstract; Section 4, Theorem 4.1",several of these problems are deemed impossible unless the product of a GNNmp’s depth and width exceeds a polynomial of the graph size; this dependence remains significant even for tasks that appear simple or when considering approximation.,2019-07-06,2026-10-01,High,Directly relevant: iterations (depth d) trade against width w; capacity dw lower bound (CONGEST reduction)
R1-005,THEORY,CONGEST round lower bounds transfer to GNN depth/width lower bounds,,,THEOREM,https://arxiv.org/abs/1907.03199,"Section 4, Theorem 4.1","If a problem P cannot be solved in less than d rounds in CONGEST using messages of at most b bits, then P cannot be solved by a GNNnmp of width w ≤ (b − log2 n)/p = O(b/ log",2019-07-06,2026-10-01,High,Iteration count T needed by a recurrent graph substrate is bounded below by distributed-computing round complexity
R1-006,THEORY,GCN output exponentially approaches a subspace carrying only connected-component and degree information as depth grows (oversmoothing),,,THEOREM,https://arxiv.org/abs/1905.10947,"Section 4, Theorem 1; Abstract",its output exponentially approaches the set of signals that carry information of the connected components and node degrees only for distinguishing nodes.,2019-05-27,2026-10-01,High,Condition: weight singular values small relative to Laplacian spectrum
R1-007,THEORY,Dirichlet energy of node embeddings converges to zero with depth in general GNNs under spectral weight conditions,,,THEOREM,https://arxiv.org/abs/2006.13318,Abstract,"the Dirichlet energy of embeddings will converge to zero, resulting in the loss of discriminative power.",2020-06-23,2026-10-01,High,
R1-008,THEORY,"Graph attention (GAT, graph transformers) cannot prevent oversmoothing; loses expressive power exponentially",,,THEOREM,https://arxiv.org/abs/2305.16102,Abstract; Section 4.5 main theorems,"We establish that, contrary to popular belief, the graph attention mechanism cannot prevent oversmoothing and loses expressive power exponentially.",2023-05-25,2026-10-01,High,"Covers state-dependent, time-varying aggregation: state-conditioned routing alone does not escape oversmoothing"
R1-009,THEORY,"The oversmoothing result covers asymmetric, state-dependent, time-varying aggregation operators incl. transformers",,,THEOREM,https://arxiv.org/abs/2305.16102,Abstract,"our analysis accounts for asymmetric, state-dependent and time-varying aggregation operators and a wide range of common nonlinear activation functions, such as ReLU, LeakyReLU, GELU and SiLU.",2023-05-25,2026-10-01,High,Directly applies to a candidate with state-conditioned dynamic edges (C8)
R1-010,THEORY,Over-squashing: exponentially growing receptive field compressed into fixed-size vectors; GNNs fail on long-range interactions,,,THEOREM,https://arxiv.org/abs/2006.05205,Abstract,"This bottleneck causes the over-squashing of exponentially growing information into fixed-size vectors. As a result, GNNs fail to propagate messages originating from distant nodes",2020-06-09,2026-10-01,High,Status THEOREM is loose: argument is analytical + empirical
R1-011,MPNN,Replacing the last layer with a fully-adjacent layer reduces error by 42% on QM9 for tuned GNNs,42,% error reduction,REPORTED,https://arxiv.org/abs/2006.05205,"Section 1 / Section 4, Table 1","breaking the bottleneck using a simple fully adjacent layer reduces the error rate by 42% in the QM9 dataset, by 12% in ENZYMES, by 4.8% in NCI1",2020-06-09,2026-10-01,High,"Baseline: same tuned GNN without FA layer; param-matched approx (same model, one layer adjacency changed); FLOPs not matched"
R1-012,THEORY,Negatively curved edges cause over-squashing bottlenecks (Balanced Forman curvature),,,THEOREM,https://arxiv.org/abs/2111.14522,"Section 4, Theorem 4; Abstract",we introduce a new edge-based combinatorial curvature and prove that negatively curved edges are responsible for the over-squashing issue.,2021-11-29,2026-10-01,High,
R1-013,THEORY,Depth cannot mitigate over-squashing: more layers lead to vanishing gradients dominating,,,THEOREM,https://arxiv.org/abs/2302.02941,Abstract; Theorems 4.1-4.2,depth cannot help mitigate over-squashing: increasing the number of layers leads to over-squashing being dominated by vanishing gradients,2023-02-06,2026-10-01,High,Key negative for time-replaces-depth: iterating longer on a fixed graph does not solve over-squashing
R1-014,THEORY,Width mitigates over-squashing only at the cost of sensitivity; topology (commute time) plays the greatest role,,,THEOREM,https://arxiv.org/abs/2302.02941,Abstract,"Neural network width can mitigate over-squashing, but at the cost of making the whole network more sensitive",2023-02-06,2026-10-01,High,
R1-015,THEORY,Topology dominates over-squashing: it occurs between nodes at high commute time,,,THEOREM,https://arxiv.org/abs/2302.02941,Abstract,"The graph topology plays the greatest role, since over-squashing occurs between nodes at high commute time.",2023-02-06,2026-10-01,High,Supports topology-as-computation: changing edges matters more than depth
R1-016,THEORY,Over-smoothing and over-squashing trade off via the spectral gap; cannot be alleviated simultaneously by rewiring,,,THEOREM,https://arxiv.org/abs/2212.02374,Abstract; Cheeger-inequality section,"over-smoothing and over-squashing are intrinsically related to the spectral gap of the graph Laplacian, resulting in an inevitable trade-off between these two issues, as they cannot be alleviated simultaneously.",2022-12-05,2026-10-01,Medium,Constraint on learned edge creation: adding edges speeds mixing and accelerates oversmoothing
R1-017,THEORY,Mitigating over-smoothing is necessary but not sufficient for expressive deep GNNs,,,AUTHOR-CLAIM,https://arxiv.org/abs/2303.10993,Abstract,mitigating over-smoothing is a necessary but not sufficient condition for building deep GNNs that are expressive on a wide range of graph learning tasks.,2023-03-20,2026-10-01,Medium,Survey with experiments
R1-018,RGNN,"GG-NN: weight-shared GRU node update unrolled for a fixed number of steps T, trained by BPTT",,,DESIGN,https://arxiv.org/abs/1511.05493,Section 3,"we use Gated Recurrent Units (Cho et al., 2014) and unroll the recurrence for a fixed number of steps T and use backpropagation through time in order to compute gradients.",2015-11-17,2026-10-01,High,"C1,C3,C4,C5 yes; fixed T, no halting"
R1-019,RGNN,"Original GNN (Scarselli) fixed-point recurrence requires contraction maps, which may limit expressivity and long-range propagation",,,AUTHOR-CLAIM,https://arxiv.org/abs/1511.05493,Section 2 (GNN background),"parameters must be constrained so that the propagation step is a contraction map. This is needed to ensure convergence, but it may limit the expressivity of the model.",2015-11-17,2026-10-01,High,Stability-vs-expressivity tension for converge-until-fixed-point substrates
R1-020,RGNN,"IGNN: predictions from a fixed-point equilibrium state, well-posedness via Perron-Frobenius, trained by implicit differentiation",,,DESIGN,https://arxiv.org/abs/2009.06211,Abstract,predictions are based on the solution of a fixed-point equilibrium equation involving implicitly defined “state” vectors. We use the Perron-Frobenius theory to derive sufficient conditions that ensure well-posedness of the framework.,2020-09-14,2026-10-01,High,"Weight-tied, infinite-depth; training by implicit differentiation (no BPTT memory)"
R1-021,RGNN,"EIGNN derives a closed-form infinite-depth solution, avoiding iterative solvers and IGNN convergence conditions",,,DESIGN,https://arxiv.org/abs/2202.10720,"Section 1, contributions","Instead of relying on iterative solvers to generate the solution like in IGNN [10], we derive a closed-form solution for EIGNN without additional conditions",2022-02-22,2026-10-01,High,Linear propagation; infinite depth equals one closed-form solve
R1-022,RGNN,"IterGNN learns to terminate message passing adaptively via a readout-based confidence score, trained without stopping supervision",,,DESIGN,https://arxiv.org/abs/2010.13547,Section 4.1,"With the help of our iterative module, IterGNN can adaptively adjust the number of iterations. Moreover, it can be trained without any supervision of the stopping condition.",2020-10-26,2026-10-01,High,"Learned graph-level halting (C11/C12 partial: global, not per-node)"
R1-023,RGNN,IterGNN reaches 100% shortest-path success on graphs up to 5000 nodes after training on sizes 4-33,5000,nodes,REPORTED,https://arxiv.org/abs/2010.13547,"Section 5.1, Table 2","our model achieves a 100% success rate of identifying the shortest paths on graphs with as large as 5000 nodes even though it is trained on graphs of sizes within [4, 34).",2020-10-26,2026-10-01,High,Compared against fixed-depth GCN/GAT/Path variants; not param- or FLOP-matched (iterative model uses many more iterations)
R1-024,RGNN,Iterative module improves performance from ~60% to 100% on graphs of size >=500,100,% success,REPORTED,https://arxiv.org/abs/2010.13547,Section 5.1,The iterative module successfully improves the performance from ∼ 60% to 100% on graphs of sizes ≥ 500.,2020-10-26,2026-10-01,High,Ablation vs same model without iterative module; parameter count same; FLOPs not matched
R1-025,RGNN,A 100-layer non-iterative Path model generalizes worse (relative loss ~0.13) on weighted shortest path,0.13,relative loss,REPORTED,https://arxiv.org/abs/2010.13547,Section 5.1,"We also evaluated a deeper Path model, i.e., with 100 layers, on the weighted shortest path problem (Lob). The generalization performance (relative loss≈ 0.13) became even worse.",2020-10-26,2026-10-01,Medium,Evidence that depth without adaptive iteration does not substitute; unmatched
R1-026,RGNN,"IterGNN contrasts its unbounded iterations with ACT, whose iterations are small by design",,,AUTHOR-CLAIM,https://arxiv.org/abs/2010.13547,Section 2 related work,The numbers of iterations for ACT are usually small by design (e.g.the formulation of regularizations and halting distributions).,2020-10-26,2026-10-01,Medium,
R1-027,RGNN,"Recurrent GNNs (RecGRU-E) trained on size-10 graphs extrapolate to graphs 1,000 times larger",1000,x training size,REPORTED,https://arxiv.org/abs/2212.04934,"Experimental Evaluation, Table 1 caption","The RecGRU-E outperforms IterGNN and can extrapolate well to graphs that are 1,000 times larger than the graphs encountered during training.",2022-12-09,2026-10-01,High,"Baselines: non-recurrent 10-layer GIN, IterGNN; not param- or FLOP-matched; tasks: path finding, prefix sum, distance"
R1-028,RGNN,"Recurrence is necessary but not sufficient for extrapolation; needs skip connections, state regularization, edge convolutions",,,AUTHOR-CLAIM,https://arxiv.org/abs/2212.04934,Introduction,"While a recurrent architecture seems to be necessary to achieve extrapolation, we show that it is not sufficient.",2022-12-09,2026-10-01,High,Iterating longer requires explicit stabilizers
R1-029,RGNN,"Without L2 state regularization, accuracy declines rapidly after ~100 rounds; with it, stable up to 10,000 rounds (graphs of size 10)",100,rounds,REPORTED,https://arxiv.org/abs/2212.04934,"Section on stabilization, Figure 4","both versions output correct predictions until approximately 100 layers. Afterwards, the models trained with L2 regularization still stay stable while accuracy declines rapidly without regularization.",2022-12-09,2026-10-01,High,Direct evidence on iterating beyond training horizon: collapses without a stabilizer; trained with 12 recurrent instances
R1-030,RGNN,Training setup: 12 recurrent instances on size-10 graphs; extrapolation test at size 100 with 120 rounds,12,training iterations,REPORTED,https://arxiv.org/abs/2212.04934,Experimental Evaluation,"All models were trained for 100 epochs on graphs of size 10 using 12 instances of the recurrent layer. To evaluate extrapolation, we use graphs of size 100 and execute 120 rounds.",2022-12-09,2026-10-01,High,Test iterations = 10x training iterations
R1-031,RGNN,Non-recurrent GIN cannot extrapolate (fixed 10 rounds),,,REPORTED,https://arxiv.org/abs/2212.04934,Table 1 caption,All models were only trained on graphs of size 10. The non-recurrent GIN can not extrapolate.,2022-12-09,2026-10-01,High,Fixed-depth baseline 10 separate GIN layers; parameters NOT matched (10 separate layers vs one shared)
R1-032,RGNN,GRAND maintains accuracy as layers increase while GCN baselines degrade by 50% after 4 layers,50,% degradation,REPORTED,https://arxiv.org/abs/2106.10934,"Section 6.2, Figure 2",our model maintains performance as the layers increase whilst the baselines degrade by 50% after 4 layers.,2021-06-21,2026-10-01,Medium,Baselines GCN and residual GCN; not param- or FLOP-matched; branch ODE kept because graph-first continuous diffusion (assigned to R1 as graph neural diffusion)
R1-033,RGNN,GRAND treats GNNs as discretisations of a continuous diffusion PDE; layers = time steps,,,DESIGN,https://arxiv.org/abs/2106.10934,Abstract,"approaches deep learning on graphs as a continuous diffusion process and treats Graph Neural Networks (GNNs) as discretisations of an underlying PDE. In our model, the layer structure and topology correspond to the discretisation choices of temporal and spatial operators.",2021-06-21,2026-10-01,High,"Time replaces depth by construction, weight-tied across time"
R1-034,X,Recurrent and implicit maze extrapolators fail along several test axes; non-converging models show limit cycles,,,REPORTED,https://arxiv.org/abs/2410.03020,Abstract,"models explicitly trained to converge to a fixed point are likely to do so when extrapolating, while models that are not may exhibit more exotic limiting behavior such as limit cycles, even when they correctly solve the problem.",2024-10-03,2026-10-01,High,Non-graph (CNN-RNN) logical extrapolators; cross-family negative evidence; primarily R2 territory
R1-035,X,More diverse training data does not improve logical extrapolation of recurrent/implicit maze solvers,,,REPORTED,https://arxiv.org/abs/2410.03020,Abstract,"We show that training these models on more diverse data addresses some failure modes but, paradoxically, does not improve logical extrapolation.",2024-10-03,2026-10-01,Medium,Negative result for iteration-based extrapolation
R1-036,RGNN,"GraphCON: coupled-oscillator ODE GNN; zero-Dirichlet-energy steady states are unstable, mitigating oversmoothing",,,THEOREM,https://arxiv.org/abs/2202.02296,Abstract,"We relate the oversmoothing problem, commonly encountered in GNNs, to the stability of steady states of the underlying ODE and show that zero-Dirichlet energy steady states are not stable for our proposed ODEs.",2022-02-04,2026-10-01,High,
R1-037,RGNN,GraphCON-GCN accuracy on MNIST superpixel increases up to 32 layers while GCN worsens with depth,32,layers,REPORTED,https://arxiv.org/abs/2202.02296,"Section 5, Table 7",the test accuracy for GraphCON-GCN increases as more layers (up to 32 layers) are added to the model.,2022-02-04,2026-10-01,Medium,Baseline GCN same depth; param-matched approx per layer; not FLOP-audited
R1-038,RGNN,A-DGN with constant-in-time ODE parameters is a recursive DGN with weight sharing between layers,,,DESIGN,https://arxiv.org/abs/2210.09789,"Section 2, after Eq. 7","having assumed the parameters of the ODE constant in time, A-DGN can also be interpreted as a recursive DGN with weight sharing between layers.",2022-10-18,2026-10-01,High,Weight-tied recurrent graph substrate with antisymmetric (non-dissipative) weights
R1-039,RGNN,"A-DGN proven stable and non-dissipative: long-range information preserved, no gradient vanishing/explosion",,,THEOREM,https://arxiv.org/abs/2210.09789,Abstract,"We give theoretical proof that our method is stable and non-dissipative, leading to two key results: long-range information between nodes is preserved, and no gradient vanishing or explosion occurs in training.",2022-10-18,2026-10-01,High,Stability fix candidate for a recurrent substrate: antisymmetric weight parametrization
R1-040,RGNN,G2 keeps Dirichlet energy near constant up to 1000 layers,1000,layers,REPORTED,https://arxiv.org/abs/2210.00513,"Section 4, Figure 2","adding G2 decisively prevents this behavior and the Dirichlet energy remains (near) constant, even for very deep architectures (up to 1000 layers).",2022-10-02,2026-10-01,High,"Compared against GCN/GAT at same depth; energy metric, not accuracy"
R1-041,RGNN,Deep GCN degrades after 8 layers; DropEdge/GraphCON degrade after 16/64; G2-GCN peaks at 128 layers,128,layers,REPORTED,https://arxiv.org/abs/2210.00513,Section 4 (Cornell depth experiment),"G2 -GCN exhibits a small but noticeable increase in performance for increasing number of layers, reaching its peak performance for 128 layers.",2022-10-02,2026-10-01,Medium,Small heterophilic dataset; gains are small; unmatched FLOPs
R1-042,THEORY,Traditional GNNs are prone to extreme gradient vanishing even after a few layers; feature collapse linked to vanishing gradients,,,THEOREM,https://arxiv.org/abs/2502.10818,Abstract,Traditional GNNs are by design prone to extreme gradient vanishing even after a few layers; (ii) Feature collapse is directly related to the mechanism causing vanishing gradients,2025-02-15,2026-10-01,High,NeurIPS 2025 per search result (venue not independently verified)
R1-043,THEORY,Long-range modeling is most easily achieved by combining graph rewiring with vanishing-gradient mitigation,,,AUTHOR-CLAIM,https://arxiv.org/abs/2502.10818,Abstract,Long-range modeling is most easily achieved by a combination of graph rewiring and vanishing gradient mitigation.,2025-02-15,2026-10-01,Medium,Supports C8 (topology) + recurrent-stability combination
R1-044,THEORY,Shared contractive GNN layers converge to a unique fixed point under repeated application,,,THEOREM,https://arxiv.org/abs/2502.10818,"Section 4, discussion of Lemma 4.1","With shared layers (as in [31]), repeated applications of the GNN will result in convergence to a unique fixed point",2025-02-15,2026-10-01,High,A contractive weight-tied substrate converges to an input-dependent but unique fixed point: iterations beyond convergence add nothing
R1-045,RGNN,State-space GNN reformulation alleviates collapse at no extra trainable parameter cost,,,AUTHOR-CLAIM,https://arxiv.org/abs/2502.10818,Abstract,a simple state-space formulation of a GNN effectively alleviates these issues at no extra trainable parameter cost.,2025-02-15,2026-10-01,Medium,
R1-046,RGNN,gLSTM reframes over-squashing as a storage-capacity limit and adds associative-memory (xLSTM-style) node memory,,,DESIGN,https://arxiv.org/abs/2510.08450,"Section 1, Contributions","we introduce an MPNN architecture that utilizes associative memory (Beck et al., 2024; Schlag et al., 2021; Hopfield, 1982), and demonstrate that this exhibits improved storage capacity.",2025-10-09,2026-10-01,High,Closest graph-first instance of C9 persistent associative memory inside node state
R1-047,THEORY,Over-squashing split into capacity over-squashing and sensitivity over-squashing,,,AUTHOR-CLAIM,https://arxiv.org/abs/2510.08450,"Section 1, Contributions","we re-characterize oversquashing into two distinct failure modes: saturating capacity and low sensitivity, which we term capacity over-squashing and sensitivity over-squashing respectively.",2025-10-09,2026-10-01,Medium,Relevant to separating computational capacity vs storage per parameter
R1-048,RGNN,GHR (hierarchical recurrence) outperforms graph models on long-range benchmarks with as little as 1% of SOTA parameters,1,% of parameters,REPORTED,https://arxiv.org/abs/2605.18387,Abstract,GHR consistently outperforms existing graph models while using as little as 1% of the parameters of current state-of-the-art models.,2026-05-18,2026-10-01,Medium,Not param-matched by design (claims efficiency); FLOPs not stated in abstract; 2026 preprint
R1-049,RGNN,Only GHR (recurrent) achieves out-of-range distance generalization; 10-layer DeepGIN does not,10,hops trained,REPORTED,https://arxiv.org/abs/2605.18387,Synthetic distance experiment section,"We compare DeepGIN (10 layers) with our model GHR (TL = 4, TH = 3), both trained on distances of up to 10 hops. While both GIN and GHR accurately predict on in-range distances, only GHR achieves out-of-range generalization.",2026-05-18,2026-10-01,Medium,Unmatched params/FLOPs
R1-050,RGNN,Existing GNN/GT limitations worsen in out-of-range generalization (test distances longer than training),,,AUTHOR-CLAIM,https://arxiv.org/abs/2605.18387,Abstract,"the limitations of existing models are even more pronounced in outof-range generalization, where test instances involve interactions over distances longer than those observed during training.",2026-05-18,2026-10-01,Medium,Quote contains pdftotext token outofrange (hyphen lost)
R1-051,RGNN,GRED: linear RNN over hop-sequences per target node; comparable to graph transformers at reduced cost,,,AUTHOR-CLAIM,https://arxiv.org/abs/2312.01538,Abstract,"the performance of our model is comparable to or better than that of state-of-the-art graph transformers on various benchmarks, with a significantly reduced computational cost.",2023-12-03,2026-10-01,Medium,
R1-052,RGNN,MP-SSM integrates SSM computation into MPNNs with exact sensitivity analysis and lower bounds for vanishing gradients/over-squashing,,,AUTHOR-CLAIM,https://arxiv.org/abs/2505.18728,Section 1 contributions,We provide lower bounds that directly link architectural design choices to the alleviation of vanishing gradients and over-squashing.,2025-05-24,2026-10-01,Medium,
R1-053,RGNN,LGSM decouples information depth (linear propagation) from processing depth (nonlinear),,,DESIGN,https://arxiv.org/abs/2605.12358,Figure 1 caption,"LGSM decouples information propagation (horizontal) from non-linear processing (vertical). Unlike MPNNs that advance both dimensions simultaneously, LGSM enables information to flow across the graph through linearized computation before applying non-linear transformations.",2026-05-12,2026-10-01,Medium,Relevant to time-vs-depth: propagation steps and nonlinear depth can be separated
R1-054,DYN,"DGCNN/EdgeConv recomputes a kNN graph in feature space after every layer, so topology is a function of current node embeddings",,,DESIGN,https://arxiv.org/abs/1801.07829,Section 3 (EdgeConv),"our graph is not fixed but rather is dynamically updated after each layer of the network. That is, the set of k-nearest neighbors of a point changes from layer to layer of the network and is computed from the sequence",2018-01-24,2026-10-01,High,"State-conditioned top-k edges at inference (C6, C8 yes); not weight-shared across layers; no recurrence"
R1-055,DYN,DGM notes that DGCNN kNN graph construction is not differentiable and built ad hoc without a dedicated loss,,,AUTHOR-CLAIM,https://arxiv.org/abs/2002.04999,Section 2 related work,"The graph, however, is constructed ad-hoc as a kNN graph on the activations after each layer, without a dedicated loss. As such, the graph is built dynamically but not learned",2020-02-11,2026-10-01,High,
R1-056,DYN,"DGM: learnable module predicting edge probabilities optimal for the downstream task, trained end-to-end",,,DESIGN,https://arxiv.org/abs/2002.04999,Abstract,"we introduce Differentiable Graph Module (DGM), a learnable function that predicts edge probabilities in the graph which are optimal for the downstream task. DGM can be combined with convolutional graph neural network layers and trained in an end-to-end fashion.",2020-02-11,2026-10-01,High,Learned latent graph from features (C6 partial)
R1-057,DYN,NRI: VAE whose latent code is a discrete interaction graph; dynamics decoded by GNNs; recovers ground-truth interactions unsupervised,,,DESIGN,https://arxiv.org/abs/1802.04687,Abstract,"Our model takes the form of a variational auto-encoder, in which the latent code represents the underlying interaction graph and the reconstruction is based on graph neural networks.",2018-02-13,2026-10-01,High,"Edges inferred once per trajectory, not re-inferred per message-passing step (in base model)"
R1-058,DYN,LDS jointly learns a discrete edge distribution and GCN parameters via bilevel optimization; graph sampled at train and prediction time,,,DESIGN,https://arxiv.org/abs/1903.11960,Abstract; Section 1,jointly learn the graph structure and the parameters of graph convolutional networks (GCNs) by approximately solving a bilevel program that learns a discrete probability distribution on the edges of the graph.,2019-03-28,2026-10-01,High,"Transductive; edge distribution parameters are global hyperparameters, not state-conditioned"
R1-059,DYN,Co-GNN: each node chooses per layer to listen/broadcast/both/isolate via an action network given its state and neighbors,,,DESIGN,https://arxiv.org/abs/2310.01267,Section 4,"an action network π predicts, for each node v, a probability (ℓ) distribution pv ∈ R4 over the actions {S, L, B, I} that v can take, given its state and the state of its neighbors Nv",2023-10-02,2026-10-01,High,"State-conditioned topology at inference (C8 yes); edge removal only, cannot create new edges; Gumbel-softmax straight-through"
R1-060,DYN,Co-GNN decouples the input graph from the computational graph via dynamic per-node actions,,,AUTHOR-CLAIM,https://arxiv.org/abs/2310.01267,Section 1,The interplay between these actions and the ability to change them dynamically makes the overall approach richer and allows to decouple the input graph from the computational one,2023-10-02,2026-10-01,High,
R1-061,DYN,"Co-GNN shares the action network across layers, giving parameter counts comparable to baselines",,,AUTHOR-CLAIM,https://arxiv.org/abs/2310.01267,Section 5.1 (Efficient),C O -GNNs are also parameter-efficient: they share the same action network across layers and as a result a comparable number of parameters to their baseline models.,2023-10-02,2026-10-01,Medium,Quote contains pdftotext split of CO-GNNs
R1-062,DYN,Co-GNN optimisation becomes increasingly difficult once the number of layers gets too large,,,AUTHOR-CLAIM,https://arxiv.org/abs/2310.01267,Section 5.1 (Mitigates over-smoothing); Appendix C.5,"We validate this empirically in Appendix C.5, but we also note that the optimisation becomes increasingly difficult once the number of layers gets too large.",2023-10-02,2026-10-01,High,Negative: dynamic topology + depth is hard to optimize
R1-063,DYN,Co-GNNs more expressive than 1-WL and better suited for long-range tasks (authors),,,AUTHOR-CLAIM,https://arxiv.org/abs/2310.01267,Section 1 contributions; Sections 5.2-5.3,"show that they are more expressive than 1-dimensional Weisfeiler-Leman algorithm (1WL) (Section 5.2), and better suited for long-range tasks due to their adaptive nature (Section 5.3).",2023-10-02,2026-10-01,Medium,Expressivity via stochastic actions
R1-064,DYN,Co-GNN improves 3.19% accuracy on roman-empire and 3.62% ROC AUC on minesweeper over best baseline,3.19,% accuracy,REPORTED,https://arxiv.org/abs/2310.01267,"Section 6, Table 2",we report 3.19% improvement in accuracy on the roman-empire and 3.62% improvement in ROC AUC on minesweeper compared to the best performing baseline.,2023-10-02,2026-10-01,Medium,Baselines GCN/SAGE/GAT/GT from Platonov et al.; not param- or FLOP-matched explicitly
R1-065,DYN,Co-GNN per-layer time complexity adds an action-network pass: O(Lπ dπ(|E|dπ+|V|) + dη(|E|dη+|V|)),,,DESIGN,https://arxiv.org/abs/2310.01267,Appendix D Runtime Analysis,the time complexity of a single C O -GNN layer is O(Lπ dπ (|E|dπ + |V |) + dη (|E|dη + |V |)).,2023-10-02,2026-10-01,Medium,Linear in edges
R1-066,DYN,AMP jointly learns message-passing depth and message filtering in a variational framework,,,DESIGN,https://arxiv.org/abs/2312.16560,Section 2-3,AMP uses a variational framework to jointly learn both the depth of the DGN and filter messages passed between nodes in each of these layers.,2023-12-27,2026-10-01,High,"Learned depth (C12 partial: learned at training, not per-input halting) + message filtering (C8 partial)"
R1-067,DYN,"N2: a single shared recurrent layer moves graph nodes and pseudo nodes in a common space, building dynamic pathways at linear complexity",,,DESIGN,https://arxiv.org/abs/2410.23686,Abstract; Section 1,N2 incorporates a recurrent layer to parameterize the displacements of graph nodes and pseudo nodes in the common space.,2024-10-31,2026-10-01,High,"Weight-shared recurrence + state-conditioned topology (C4,C5,C8 yes); NeurIPS 2024 poster per search result"
R1-068,DYN,N2 requires significantly fewer parameters for graph classification with the shared recurrent layer,,,AUTHOR-CLAIM,https://arxiv.org/abs/2410.23686,Abstract,N2 successfully scales to large-scale benchmarks and requires significantly fewer parameters for graph classification with the shared recurrent layer.,2024-10-31,2026-10-01,Medium,"Capacity-per-parameter claim, not FLOP-matched"
R1-069,DYN,MAVN dynamically introduces virtual nodes per layer in response to evolving node representations; up to 46.5% improvement over backbones,46.5,% improvement,REPORTED,https://arxiv.org/abs/2606.03068,Abstract,"MAVN consistently improves the performance of backbone MPNNs, achieving up to 46.5% improvement over the backbones and outperforms the baselines.",2026-06-02,2026-10-01,Medium,Baseline: same backbone MPNN without VNs; parameters not matched (adds VN pool); 2026 preprint
R1-070,DYN,MAVN learns when (which layer) and where (which nodes) to connect virtual nodes from a candidate pool,,,DESIGN,https://arxiv.org/abs/2606.03068,Abstract,MAVN learns to adaptively determine when (at which layer) and where (to which nodes) to introduce and connect VNs based on the relative importance of connections.,2026-06-02,2026-10-01,Medium,"State-conditioned edge/hub creation at inference (C6,C8)"
R1-071,DYN,CAMP updates only a centrality-guided batch of nodes per layer (asynchronous message passing),,,DESIGN,https://arxiv.org/abs/2509.06777,Abstract,"At each layer, only a centrality-guided batch of nodes updates, letting information propagate sequentially rather than compress simultaneously into fixed-capacity channels.",2025-09-08,2026-10-01,Medium,"Schedule is centrality-based (structural), not state-conditioned"
R1-072,DYN,CAMP gains 5% on REDDIT-BINARY and 4% on Peptides-struct,5,% improvement,REPORTED,https://arxiv.org/abs/2509.06777,Abstract,"it achieves notable gains, including 5% and 4% improvements on REDDIT-BINARY and Peptides-struct, respectively.",2025-09-08,2026-10-01,Medium,Baseline: same backbone with synchronous MP; unmatched FLOPs
R1-073,DYN,DRew: layer-dependent rewiring gradually densifies the graph; delay mechanism adds distance-dependent skip connections,,,DESIGN,https://arxiv.org/abs/2305.08018,Abstract,performs a layer-dependent rewiring to ensure gradual densification of the graph. We also propose a delay mechanism that permits skip connections between nodes depending on the layer and their mutual distance.,2023-05-13,2026-10-01,High,"Topology changes over depth but by a fixed schedule (hop distance), not node state"
R1-074,DYN,DRew claims to outperform graph Transformers and multi-hop MPNNs on long-range tasks,,,AUTHOR-CLAIM,https://arxiv.org/abs/2305.08018,Abstract,We validate our approach on several long-range tasks and show that it outperforms graph Transformers and multi-hop,2023-05-13,2026-10-01,Medium,LRGB; 500k param budget (LRGB convention)
R1-075,DYN,EGP uses sparse Cayley expander graphs as a message-passing template; 24-node 4-regular graph has diameter <=4,4,hops,REPORTED,https://arxiv.org/abs/2210.02997,Figure 1 caption,"It has |V | “ 24 nodes and it is 4-regular (implying |E| “ 2|V |), hence it is sparse. Despite its sparsity, it is highly interconnected: any node is reachable from any other node by no more than 4",2022-10-06,2026-10-01,Medium,Input-independent topology
R1-076,DYN,"Expander templates necessarily contain negatively curved edges, which EGP argues are required for scalable bottleneck-free message passing",,,THEOREM,https://arxiv.org/abs/2210.02997,Abstract; Section 4,using expander graphs as a template for message passing necessarily gives rise to negative curvature.,2022-10-06,2026-10-01,Medium,Tension with curvature-based rewiring theory
R1-077,DYN,FoSR adds edges by first-order spectral expansion and uses a relational GNN to prevent oversmoothing,,,DESIGN,https://arxiv.org/abs/2210.11790,Abstract,"prevents oversquashing by systematically adding edges to the graph based on spectral expansion. We combine this with a relational architecture, which lets the GNN preserve the original graph structure and provably prevents oversmoothing.",2022-10-21,2026-10-01,High,"Preprocessing rewiring, static at inference"
R1-078,DYN,SJLR rewires during training but keeps the graph unchanged at test time,,,DESIGN,https://arxiv.org/abs/2212.02374,Abstract,SJLR performs edge addition and removal during GNN training while maintaining the graph unchanged during testing.,2022-12-05,2026-10-01,High,Example of rewiring that does not change topology at inference
R1-079,DYN,DGMN2 samples nodes conditioned on input and predicts node-dependent filters and affinities; outperforms fully-connected graphs with fewer FLOPs and parameters,,,AUTHOR-CLAIM,https://arxiv.org/abs/2209.09760,Abstract,Our approach also outperforms fully-connected graphs while using substantially fewer floating-point operations and parameters.,2022-09-20,2026-10-01,Medium,Vision backbone; compared to fully-connected self-attention; a graph-first state-conditioned sparse-attention replacement for transformer layers
R1-080,DYN,DGMN2 adaptively samples nodes conditioned on the input for message passing and predicts the affinity matrix dynamically,,,DESIGN,https://arxiv.org/abs/2209.09760,Abstract,"This is achieved by adaptively sampling nodes in the graph, conditioned on the input, for message passing. Based on the sampled nodes, we dynamically predict node-dependent filter weights and the affinity matrix for propagating information between them.",2022-09-20,2026-10-01,High,
R1-081,GT,"GPS decouples local real-edge message passing from global attention, giving O(N+E) complexity with linear attention",,,DESIGN,https://arxiv.org/abs/2205.12454,Abstract,we propose the first architecture with a complexity linear in the number of nodes and edges O(N + E) by decoupling the local real-edge aggregation from the fully-connected Transformer.,2022-05-25,2026-10-01,High,Linear only with Performer/BigBird global attention; full attention is O(N^2)
R1-082,GT,GPS recipe = positional/structural encoding + local message passing + global attention,,,DESIGN,https://arxiv.org/abs/2205.12454,Abstract,"Our GPS recipe consists of choosing 3 main ingredients: (i) positional/structural encoding, (ii) local message-passing mechanism, and (iii) global attention mechanism.",2022-05-25,2026-10-01,High,Layers not weight-shared; fixed depth
R1-083,GT,Standard global graph attention costs O(|V|^2) time and memory; large-graph GTs often do not fit in GPU memory,,,AUTHOR-CLAIM,https://arxiv.org/abs/2303.06147,Section 1,"the standard global attention mechanism incurs time and memory complexity of O(|V |2 ), quadratic in the number of nodes in the graph.",2023-03-10,2026-10-01,High,
R1-084,GT,"Exphormer sparse attention via virtual global nodes and expander graphs, linear in graph size",,,DESIGN,https://arxiv.org/abs/2303.06147,Abstract,E XPHORMER consists of a sparse attention mechanism based on two mechanisms: virtual global nodes and expander graphs,2023-03-10,2026-10-01,High,"Attention pattern fixed (input-independent expander), not state-conditioned top-k"
R1-085,GT,Graphormer: standard Transformer + structural encodings; many GNN variants are special cases,,,AUTHOR-CLAIM,https://arxiv.org/abs/2106.05234,Abstract,"with our ways of encoding the structural information of graphs, many popular GNN variants could be covered as the special cases of Graphormer.",2021-06-09,2026-10-01,Medium,
R1-086,BENCH,LRGB protocol: 500k parameter budget; MP-GNNs 8 layers vs transformers 4 layers,500,k parameters,REPORTED,https://arxiv.org/abs/2206.08164,"Section 5, Table 2 caption","The MP-GNN models are 8 layers deep, while the transformer-based models have 4 layers in order to maintain comparable hidden representation size at the fixed parameter budget of 500k.",2022-06-16,2026-10-01,High,"Param-matched (500k), not FLOP-matched"
R1-087,BENCH,LRGB original: GCN 0.5930 vs GPS 0.6535 AP on Peptides-func,0.5930,AP,REPORTED,https://arxiv.org/abs/2309.00367,Figure 1 / Table 1a (original LRGB numbers reproduced),GCN 0.5930 ± 0.0023 GINE 0.5498 ± 0.0079 G ATED GCN 0.6069 ± 0.0035 T RANSFORMER 0.6326 ± 0.0126 SAN 0.6439 ± 0.0075 GPS 0.6535 ± 0.0041,2023-09-01,2026-10-01,High,500k param budget (matched); untuned MPNN baselines
R1-088,BENCH,"After tuning, all three MPGNNs outperform GPS on Peptides-func/struct; GCN reaches 68.60% AP",68.60,% AP,REPORTED,https://arxiv.org/abs/2309.00367,"Section 3, Table 1a","all three MPGNNs outperform GPS after tuning. The average precision on Peptides-Func increased relatively by around 10% to 20%. GCN achieves a score of 68.60%, which is competitive with newer GTs such as GRIT or Graph ViT.",2023-09-01,2026-10-01,High,500k param budget (matched); FLOPs not matched; key negative for global attention on LRGB
R1-089,BENCH,LRGB gap between GTs and MPGNNs completely vanishes on multiple datasets after basic hyperparameter optimization,,,REPORTED,https://arxiv.org/abs/2309.00367,Abstract,It is noteworthy that across multiple datasets the performance gap completely vanishes after basic hyperparameter optimization.,2023-09-01,2026-10-01,High,"Vision datasets (PascalVOC-SP, COCO-SP) still favor GPS (0.4440 vs GatedGCN 0.3880 F1)"
R1-090,BENCH,Tuned GPS still leads on PascalVOC-SP: 0.4440 F1 vs tuned GatedGCN 0.3880,0.4440,F1,REPORTED,https://arxiv.org/abs/2309.00367,Table 1b,0.2078 ± 0.0031 0.2718 ± 0.0054 0.3880 ± 0.0040 0.4440 ± 0.0065,2023-09-01,2026-10-01,Medium,"Order GCN, GINE, GatedGCN, GPS; 500k budget"
R1-091,BENCH,Tuned classic GNNs (GCN/GAT/SAGE) match or exceed GTs on 17 of 18 node classification datasets,17,datasets of 18,REPORTED,https://arxiv.org/abs/2406.08993,Abstract,"with slight hyperparameter tuning, these classic GNN models achieve state-of-the-art performance, matching or even exceeding that of recent GTs across 17 out of the 18 diverse datasets examined.",2024-06-13,2026-10-01,High,Not param- or FLOP-matched; node classification (not algorithmic)
R1-092,THEORY,Logarithmic transformer depth is necessary and sufficient for graph connectivity,,,THEOREM,https://arxiv.org/abs/2405.18512,Abstract; Section 3.1,"We prove that logarithmic depth is necessary and sufficient for tasks like graph connectivity, while single-layer transformers with small embedding dimensions can solve contextual retrieval tasks.",2024-05-28,2026-10-01,High,Objection: a transformer needs only O(log n) depth for connectivity where an MPNN needs ~diameter rounds
R1-093,BENCH,"Transformers outperform GNNs on global tasks (connectivity, shortest path); GNNs win on local tasks in low-sample regime",,,REPORTED,https://arxiv.org/abs/2405.18512,Section 4 findings 1-2,"Transformers outperform GNNs on tasks that require efficiently aggregating information about distant nodes in a graph, such as connectivity and shortest path.",2024-05-28,2026-10-01,High,Transformers up to 60M params vs GCN/MPNN/GIN; not param-matched
R1-094,BENCH,"Connectivity accuracy at 100K samples: GCN 94.0, MPNN 94.4, GIN 94.0 vs 60M transformer 98.4",98.4,% accuracy,REPORTED,https://arxiv.org/abs/2405.18512,Figure 3a table,GCN [42] MPNN [26] GIN [82] 83.8 94.0 93.8 83.8 94.4 94.0 60M transformer 11B transformer (FT) 92.9 98.4 98.0,2024-05-28,2026-10-01,Medium,Row/column order reconstructed from extracted table text (1K / 100K samples); unmatched params
R1-095,THEORY,Neither GT self-attention nor MPGNN+virtual node is uniform-universal; neither uniform expressivity subsumes the other,,,THEOREM,https://arxiv.org/abs/2405.11951,Abstract,"We prove that none of the models is a uniform-universal approximator, before proving our main result: Neither model’s uniform expressivity subsumes the other’s.",2024-05-20,2026-10-01,High,Uniform = one network for all graph sizes (the extrapolation setting)
R1-096,THEORY,"Short-range oversquashing: MPNNs (even with virtual nodes) fail the Two-Radius task, transformers succeed",,,REPORTED,https://arxiv.org/abs/2511.20406,Abstract; Section 5,"standard MPNNs, even when augmented with virtual nodes, perform poorly on these problems, whereas transformers solve them easily.",2025-11-25,2026-10-01,High,Strong evidence for the objection: global attention beats MPNN bottleneck even at short range
R1-097,THEORY,Solving Two-Radius with MPNNs requires feature dimensions that grow with graph size,,,THEOREM,https://arxiv.org/abs/2511.20406,Section 5 Conclusion,solving the Two-Radius problem with MPNNs requires large feature dimensions that depend on the graph size,2025-11-25,2026-10-01,High,Capacity per node state bounded; width must grow with n
R1-098,X,"Looped transformer with graph-attention heads simulates Dijkstra, BFS, DFS, Kosaraju with parameters independent of graph size; finite precision limits it",,,THEOREM,https://arxiv.org/abs/2402.01107,Abstract,"The number of parameters in the networks does not increase with the input graph size, which implies that the networks can simulate the above algorithms for any graph. Despite this property, we show a limit to simulation in our solution",2024-02-02,2026-10-01,High,LOOP family (R2 overlap): the weight-shared looped transformer already achieves size-independent graph-algorithm simulation
R1-099,X,Transformers are message-passing GNNs on fully connected token graphs that win the hardware lottery via dense matmuls,,,AUTHOR-CLAIM,https://arxiv.org/abs/2506.22084,Abstract,Transformers are implemented via dense matrix operations that are significantly more efficient on modern hardware than sparse message passing. This leads to the perspective that Transformers are GNNs currently winning the hardware lottery.,2025-06-27,2026-10-01,High,Central objection
R1-100,X,Self-attention = message passing on a fully connected graph of tokens,,,AUTHOR-CLAIM,https://arxiv.org/abs/2506.22084,Abstract,"We show how Transformers can be viewed as message passing GNNs operating on fully connected graphs of tokens, where the self-attention mechanism capture the relative importance of all tokens w.r.t. each-other",2025-06-27,2026-10-01,High,
R1-101,THEORY,Pure self-attention without skips/MLPs converges doubly exponentially to rank-1 (token uniformity) with depth,,,THEOREM,https://arxiv.org/abs/2103.03404,Abstract,"without skip connections or multi-layer perceptrons (MLPs), the output converges doubly exponentially to a rank-1 matrix. On the other hand, skip connections and MLPs stop the output from degeneration.",2021-03-05,2026-10-01,High,Attention-graph analogue of oversmoothing
R1-102,THEORY,"Decoder-only transformers suffer representational collapse and over-squashing analogous to GNNs, worsened by low precision",,,THEOREM,https://arxiv.org/abs/2406.04267,Abstract,"decoder-only Transformer language models can lose sensitivity to specific tokens in the input, which relates to the well-known phenomenon of over-squashing in graph neural networks.",2024-06-06,2026-10-01,High,The transformer comparator shares the graph pathology
R1-103,HYP,HGNN: hyperedge convolution over a given (fixed) hypergraph structure,,,DESIGN,https://arxiv.org/abs/1809.09401,Abstract,a hyperedge convolution operation is designed to handle the data correlation during representation learning.,2018-09-25,2026-10-01,High,"Hypergraph fixed, given as input"
R1-104,HYP,AllSet: hypergraph layers as compositions of two learnable multiset functions; generalizes MPNNs to hypergraphs,,,DESIGN,https://arxiv.org/abs/2106.13264,Abstract; Section 1,implements hypergraph neural network layers as compositions of two multiset functions that can be efficiently learned for each task and each dataset.,2021-06-24,2026-10-01,High,Node->hyperedge->node two-stage message passing
R1-105,HYP,"AllSet shows prior hypergraph propagation rules (HGNN, HCHA, HNHN, HyperSAGE) are compositions of two multiset functions",,,THEOREM,https://arxiv.org/abs/2106.13264,Section 1 contributions,we show that all these propagation rules can be described as a composition of two multiset functions,2021-06-24,2026-10-01,Medium,
R1-106,HYP,ED-HNN provably approximates any continuous equivariant hypergraph diffusion operator; implemented via star expansion + standard MPNN,,,THEOREM,https://arxiv.org/abs/2207.06680,Abstract,ED-HNN can be implemented efficiently by combining star expansions of hypergraphs with standard message passing neural networks.,2022-07-14,2026-10-01,High,Hyperedges reduce to bipartite graph message passing: C7 implementable on a standard graph substrate
R1-107,HYP,ED-HNN outperforms best baselines on nine hypergraph datasets by more than 2% and supports deep models,2,% accuracy,REPORTED,https://arxiv.org/abs/2207.06680,Abstract,ED-HNN uniformly outperforms the best baselines over these nine datasets and achieves more than 2%↑ in predi,2022-07-14,2026-10-01,Medium,Truncated quote due to extraction break; baselines AllSet etc.; not param-matched
R1-108,HYP,LFH dynamically constructs implicit hyperedges during learning; +12.9% average node classification gain over SOTA,12.9,% average gain,REPORTED,https://arxiv.org/abs/2307.03411,Abstract,The experiment results demonstrate a significant performance gain (an average of 12.9% in node classification and 12.8% in link prediction) compared with recent state-of-the-art methods.,2023-07-07,2026-10-01,Low,Baselines GCN/GAT/SAGE etc.; unmatched; venue not verified
R1-109,HYP,"DyHSL learns hypergraph structure by low-rank decomposition, contrasted with DHGNN kNN/K-means hyperedge construction",,,DESIGN,https://arxiv.org/abs/2309.12028,Related work,"Compared to DHGNN that builds hypergraphs using kNN and K-Means algorithm to cluster node features, our DyHSL explicitly learns the structure of the hypergraph based on low rank matrix decomposition",2023-09-21,2026-10-01,Medium,Learned hyperedges (C7 learned) in a spatio-temporal setting
R1-110,TOP,MPSN (simplicial message passing) strictly more powerful than WL and not less powerful than 3-WL,,,THEOREM,https://arxiv.org/abs/2103.03212,Abstract,SWL and MPSNs are strictly more powerful than the WL test and not less powerful than the 3-WL test.,2021-03-04,2026-10-01,High,Expressivity gain from higher-order cells requires a lifting (clique complex)
R1-111,TOP,"CW Networks on cell complexes strictly more powerful than WL, not less than 3-WL; compress distances between nodes",,,THEOREM,https://arxiv.org/abs/2106.12575,Abstract,"The resulting methods, which we collectively call CW Networks (CWNs), are strictly more powerful than the WL test and not less powerful than the 3-WL test.",2021-06-23,2026-10-01,High,Ring lifting fixed by preprocessing; not learned
R1-112,TOP,Combinatorial complexes generalize hypergraphs and cell complexes with hierarchical higher-order relations (CCNN framework),,,DESIGN,https://arxiv.org/abs/2206.00606,Abstract,"combinatorial complexes generalize and combine useful traits of both hypergraphs and cell complexes, which have emerged as two promising abstractions that facilitate the generalization of graph neural networks to topological spaces.",2022-06-01,2026-10-01,High,
R1-113,TOP,DCM learns higher-order cell complexes (latent topology inference) end-to-end with a two-step inference avoiding exhaustive cell search,,,DESIGN,https://arxiv.org/abs/2305.16174,Abstract,"a two-step inference procedure that avoids an exhaustive search across all possible cells in the input, thus maintaining scalability.",2023-05-25,2026-10-01,High,"Learned higher-order structure (C7 learned), per-input but not iterated"
R1-114,TOP,"TopoBench: higher-order networks best on 15 of 22 datasets, GNNs best on 6; GNN wins closely matched by TNNs",fifteen of twenty-two,datasets,REPORTED,https://arxiv.org/abs/2406.06642,"Section 5.2, Table 1","higher-order neural networks (based on hypergraphs, simplicial, and cell complexes) achieve the best performance on fifteen of twenty-two datasets, whereas GNNs achieve the best performance on six datasets",2024-06-09,2026-10-01,Medium,Value 15 written in words in source (fifteen); per-dataset tuned; not param-matched; OOM entries exist
R1-115,TOP,For hypergraph datasets no single model consistently wins; AllSetTransformer best on 5 of 10,5,datasets of 10,REPORTED,https://arxiv.org/abs/2406.06642,Section 5 (higher-order datasets),"For the hypergraph datasets, no single model consistently outperforms others across all benchmarks. Among the evaluated models, AllSetTransformer achieves the best performance on 5 out of 10 datasets.",2024-06-09,2026-10-01,Medium,
R1-116,TOP,TDL position: computational complexity and scalability are major challenges due to higher-order data,,,AUTHOR-CLAIM,https://arxiv.org/abs/2402.08871,Section on complexity and scalability,computational complexity and scalability are major challenges that become particularly prominent in TDL due to the inclusion of higher-order data.,2024-02-14,2026-10-01,High,Cost evidence against C7 hyperedges
R1-117,TOP,TDL position: benchmark suites still needed for objective evaluation (open problem 3),,,AUTHOR-CLAIM,https://arxiv.org/abs/2402.08871,"Section 2.3, Open problem 3",Open problem 3. Benchmark suites are needed to enable efficient and objective evaluation of novel TDL research.,2024-02-14,2026-10-01,Medium,
R1-118,THEORY,Converging RGNNs express exactly graded modal mu-calculus (relative to MSO); output-converging at least as expressive,,,THEOREM,https://arxiv.org/abs/2604.25551,Abstract,"converging RGNNs express exactly the graded modal µ-calculus (µGML), and output-converging RGNNs express at least µGML. These results hold even when restricting to ReLU networks with sum aggregation.",2026-04-28,2026-10-01,High,Iterate-to-convergence substrate: expressivity is a fixed-point logic; still graded-bisimulation invariant (no escape from WL-type invariance)
R1-119,THEORY,Simulating halting RGNNs by converging ones is hard because vertices may locally halt at different times,,,AUTHOR-CLAIM,https://arxiv.org/abs/2604.25551,Abstract,"without a global halting classifier, vertices may locally decide to halt at different times, causing desynchro",2026-04-28,2026-10-01,Medium,Truncated at extraction boundary; per-node halting causes desynchronization (relevant to C12)
R1-120,THEORY,Set-aggregation recurrent GNNs with weight-checkable conditions are equivalent to Boolean closure of reachability and safety (fragment of mu-calculus); no composition of opposite-polarity fixed points,,,THEOREM,https://arxiv.org/abs/2609.15932,Abstract,"it is the exact expressive level of stabilization over finite vocabulary, which supports fixed points of a single polarity and Boolean combinations thereof, but not the composition of fixed points of opposite polarities.",2026-09-14,2026-10-01,Medium,2026 preprint; a stabilizing recurrent graph has a precise logical ceiling
R1-121,THEORY,Recurrent GNNs are exactly as expressive as recurrent arithmetic circuits over the reals,,,THEOREM,https://arxiv.org/abs/2603.05140,Abstract,In this way we establish an exact correspondence between the expressivity of recurrent GNNs and recurrent arithmetic circuits operating over real numbers.,2026-03-05,2026-10-01,Medium,
R1-122,THEORY,Sufficient conditions under which MPNNs learn algorithms from small instances and provably approximate them at arbitrary size; impossibility for many tasks,,,THEOREM,https://arxiv.org/abs/2602.13106,Abstract/Introduction,"we establish impossibility results for a wide range of algorithmic tasks, showing that standard MPNNs cannot learn them",2026-02-13,2026-10-01,High,"Size-generalization theory for MPNNs (SSSP, MST, DP)"
R1-123,THEORY,"Exact learnability of graph algorithms by GNNs with an MLP-ensemble update, under bounded degree and finite precision (NTK)",,,THEOREM,https://arxiv.org/abs/2601.23207,Abstract,we prove exact learnability results for graph algorithms under bounded-degree and finite-precision constraints.,2026-01-30,2026-10-01,High,
R1-124,THEORY,"The exact-learnability results rely on bounded degree, finite-precision identifiers and infinite-width NTK analyses, needing large ensembles",,,AUTHOR-CLAIM,https://arxiv.org/abs/2601.23207,Section 8 Limitations,"Our results rely on assumptions, in particular, bounded degree graphs, finite-precision identifiers, and infinitewidth NTK-based analyses, which naturally lead to large ensemble requirements",2026-01-30,2026-10-01,High,Negative: positive theory comes with impractical capacity assumptions
R1-125,THEORY,Many common beliefs about oversmoothing/oversquashing/long-range tasks are universal statements that do not always hold,,,AUTHOR-CLAIM,https://arxiv.org/abs/2505.15547,Abstract/Introduction,came with the consolidation of commonly accepted beliefs and assumptions – under the form of universal statements – that are not always true nor easy to distinguish from each other.,2025-05-21,2026-10-01,Medium,Caution against over-reading oversmoothing theory
R1-126,DYN,Rewiring survey: multi-hop aggregation can intensify compression/over-squashing while densification may accelerate over-smoothing,,,AUTHOR-CLAIM,https://arxiv.org/abs/2411.17429,Section 1/related,"aggregating over large hop neighborhoods can intensify information compression and accentuate over-squashing [Alon and Yahav, 2021; Topping et al., 2022], while the graph densification may accelerat",2024-11-26,2026-10-01,Medium,Truncated at extraction boundary
R1-127,GPU,PyG implements message passing via gather/scatter over edge indices alternating node- and edge-parallel space,,,DESIGN,https://arxiv.org/abs/1903.02428,"Section 2, Figure 1","Computation scheme of a GNN layer by leveraging gather and scatter methods based on edge indices I, hence alternating between node parallel space and edge parallel space.",2019-03-06,2026-10-01,High,
R1-128,GPU,PyG trains up to 40x faster than DGL v0.2 degree bucketing; GAT up to 7x faster with custom sparse softmax,40,x speedup,REPORTED,https://arxiv.org/abs/1903.02428,"Section 3, Table 4","Compared to the Degree Bucketing (DB) approach of the Deep Graph Library (DGL) v0.2 (Wang et al., 2018a), PyG trains models up to 40 times faster.",2019-03-06,2026-10-01,Medium,2019 framework versions; not a comparison against dense attention
R1-129,GPU,DGL GAT 1.68x faster than PyG on ogbn-arxiv because g-SpMM avoids materializing message tensors; PyG OOM on ogbn-proteins,1.68,x speedup,REPORTED,https://arxiv.org/abs/1909.01315,Section 6.1,"For GAT, DGL is 1.68× faster than PyG on OGBN - ARXIV because DGL’s g-SpMM kernel avoids generating message tensors while PyG’s scatter-gather kernel does.",2019-09-03,2026-10-01,Medium,Materializing per-edge messages costs memory: relevant to edge-rich learned topologies
R1-130,GPU,DGL notes performance gaps between sparse graph access patterns and dense-optimized parallel hardware,,,AUTHOR-CLAIM,https://arxiv.org/abs/1909.01315,Section 1,performance gaps between the computation/memory-access patterns induced by the sparse nature of graphs and the underlying parallel hardware that are highly optimized for dense tensor operations.,2019-09-03,2026-10-01,High,
R1-131,GPU,GNN sparse aggregation on RTX3090 shows ~37% L1 cache hit ratio and frequent global memory access,37,% cache hit,REPORTED,https://arxiv.org/abs/2112.02052,Section 2 / Table 1,"GNN sparse operations could not well benefit from the GPU cache system, thus, showing a low cache-hit ratio (around 37%) and frequent global memory access.",2021-12-03,2026-10-01,High,Profile of DGL GCN aggregation; measured fact supporting GPU-hostility of sparse MP
R1-132,GPU,TC-GNN maps sparse GNN aggregation to Tensor Cores: 1.70x average speedup over DGL,1.70,x speedup,REPORTED,https://arxiv.org/abs/2112.02052,Abstract,Rigorous experiments show an average of 1.70× speedup over the state-of-the-art DGL framework across various models and datasets.,2021-12-03,2026-10-01,High,"Speedup vs sparse baseline, not vs dense attention"
R1-133,GPU,GNN operators are sparse/irregular with low arithmetic intensity; frameworks materialize edge-wise intermediates,,,AUTHOR-CLAIM,https://arxiv.org/abs/2605.31500,Abstract/Introduction,"Popular frameworks such as DGL and PyTorch Geometric support general message passing, but complex layers often materialize edge-wise intermediates, increasing memory traffic and limiting scalability on large graphs.",2026-05-29,2026-10-01,High,
R1-134,GPU,"IO-aware fused graph attention kernels: up to 3.9x (median 1.6x) for Graph Transformer, 8.5x for GATv2, peak memory down up to 76x",3.9,x speedup,REPORTED,https://arxiv.org/abs/2605.31500,Abstract,"our fused attention kernels reach up to 3.9× speedup for Graph Transformer (median 1.6×), with Tensor Core (block-sparse) variants up to 7.3× on locally dense graphs; for GATv2 we reach up to 8.5× speedup (median 2.0×)",2026-05-29,2026-10-01,Medium,Baseline PyG/DGL kernels; 2026 preprint; shows headroom but sparse MP remains memory-bound
R1-135,GPU,Reducing FLOPs alone often does not translate into wall-clock speedups for memory-bound kernels,,,AUTHOR-CLAIM,https://arxiv.org/abs/2605.31500,Section on Roofline,"As a result, reducing FLOPs alone often does not translate into wall-clock speedups (Zhang et al., 2025).",2026-05-29,2026-10-01,High,Directly relevant to V5: FLOP-matched sparse graph may lose on wall-clock
R1-136,GPU,Sparse GNN trained on dense TPU hardware: 13 minutes on 512-core TPUv2 pod vs almost a day originally,13,minutes,REPORTED,https://arxiv.org/abs/1906.11786,Abstract,"enable training the sparse graph neural network model from Allamanis et al. [2018] in 13 minutes using a 512-core TPUv2 Pod, whereas the original training takes almost a day.",2019-06-27,2026-10-01,Medium,Different hardware scale; not apples-to-apples
R1-137,GPU,"PyTorch Geometric: license MIT, language Python, last push 2026-09-29, archived=False",,,CODE,https://github.com/pyg-team/pytorch_geometric,GitHub API repos/pyg-team/pytorch_geometric (saved gh_pyg-team_pytorch_geometric.json),"{""archived"":false,""full_name"":""pyg-team/pytorch_geometric"",""language"":""Python"",""license"":""MIT"",""pushed_at"":""2026-09-29T17:21:23Z""}",2026-09-29,2026-10-01,High,license null = GitHub detected no license file; NOASSERTION = unrecognized license
R1-138,GPU,"DGL: license Apache-2.0, language Python, last push 2025-07-31, archived=False",,,CODE,https://github.com/dmlc/dgl,GitHub API repos/dmlc/dgl (saved gh_dmlc_dgl.json),"{""archived"":false,""full_name"":""dmlc/dgl"",""language"":""Python"",""license"":""Apache-2.0"",""pushed_at"":""2025-07-31T23:53:10Z""}",2025-07-31,2026-10-01,High,license null = GitHub detected no license file; NOASSERTION = unrecognized license
R1-139,GPU,"jraph (JAX GNN library): license Apache-2.0, language Python, last push 2024-03-18, archived=True",,,CODE,https://github.com/google-deepmind/jraph,GitHub API repos/google-deepmind/jraph (saved gh_google-deepmind_jraph.json),"{""archived"":true,""full_name"":""google-deepmind/jraph"",""language"":""Python"",""license"":""Apache-2.0"",""pushed_at"":""2024-03-18T13:56:39Z""}",2024-03-18,2026-10-01,High,license null = GitHub detected no license file; NOASSERTION = unrecognized license
R1-140,GT,"GraphGPS official repo: license MIT, language Python, last push 2024-07-04, archived=False",,,CODE,https://github.com/rampasek/GraphGPS,GitHub API repos/rampasek/GraphGPS (saved gh_rampasek_GraphGPS.json),"{""archived"":false,""full_name"":""rampasek/GraphGPS"",""language"":""Python"",""license"":""MIT"",""pushed_at"":""2024-07-04T10:43:08Z""}",2024-07-04,2026-10-01,High,license null = GitHub detected no license file; NOASSERTION = unrecognized license
R1-141,RGNN,"Recurrent GNNs for algorithm learning (Grötschla et al.) official repo: license Apache-2.0, language Jupyter Notebook, last push 2022-12-16, archived=False",,,CODE,https://github.com/floriangroetschla/Recurrent-GNNs-for-algorithm-learning,GitHub API repos/floriangroetschla/Recurrent-GNNs-for-algorithm-learning (saved gh_floriangroetschla_Recurrent-GNNs-for-algorithm-learning.json),"{""archived"":false,""full_name"":""floriangroetschla/Recurrent-GNNs-for-algorithm-learning"",""language"":""Jupyter Notebook"",""license"":""Apache-2.0"",""pushed_at"":""2022-12-16T13:40:53Z""}",2022-12-16,2026-10-01,High,license null = GitHub detected no license file; NOASSERTION = unrecognized license
R1-142,HYP,"ED-HNN official repo: license MIT, language Python, last push 2024-08-16, archived=False",,,CODE,https://github.com/Graph-COM/ED-HNN,GitHub API repos/Graph-COM/ED-HNN (saved gh_Graph-COM_ED-HNN.json),"{""archived"":false,""full_name"":""Graph-COM/ED-HNN"",""language"":""Python"",""license"":""MIT"",""pushed_at"":""2024-08-16T23:56:32Z""}",2024-08-16,2026-10-01,High,license null = GitHub detected no license file; NOASSERTION = unrecognized license
R1-143,DYN,"Co-GNN official repo: license MIT, language Python, last push 2024-11-12, archived=False",,,CODE,https://github.com/benfinkelshtein/CoGNN,GitHub API repos/benfinkelshtein/CoGNN (saved gh_benfinkelshtein_CoGNN.json),"{""archived"":false,""full_name"":""benfinkelshtein/CoGNN"",""language"":""Python"",""license"":""MIT"",""pushed_at"":""2024-11-12T13:33:38Z""}",2024-11-12,2026-10-01,High,license null = GitHub detected no license file; NOASSERTION = unrecognized license
R1-144,RGNN,"GRED official repo: license none detected, language Python, last push 2024-06-10, archived=False",,,CODE,https://github.com/skeletondyh/GRED,GitHub API repos/skeletondyh/GRED (saved gh_skeletondyh_GRED.json),"{""archived"":false,""full_name"":""skeletondyh/GRED"",""language"":""Python"",""license"":null,""pushed_at"":""2024-06-10T10:49:28Z""}",2024-06-10,2026-10-01,High,license null = GitHub detected no license file; NOASSERTION = unrecognized license
R1-145,RGNN,"IGNN official repo: license MIT, language Python, last push 2021-11-15, archived=False",,,CODE,https://github.com/SwiftieH/IGNN,GitHub API repos/SwiftieH/IGNN (saved gh_SwiftieH_IGNN.json),"{""archived"":false,""full_name"":""SwiftieH/IGNN"",""language"":""Python"",""license"":""MIT"",""pushed_at"":""2021-11-15T12:40:36Z""}",2021-11-15,2026-10-01,High,license null = GitHub detected no license file; NOASSERTION = unrecognized license
R1-146,BENCH,"LRGB reassessment official repo: license MIT, language Python, last push 2024-04-03, archived=False",,,CODE,https://github.com/toenshoff/LRGB,GitHub API repos/toenshoff/LRGB (saved gh_toenshoff_LRGB.json),"{""archived"":false,""full_name"":""toenshoff/LRGB"",""language"":""Python"",""license"":""MIT"",""pushed_at"":""2024-04-03T06:22:58Z""}",2024-04-03,2026-10-01,High,license null = GitHub detected no license file; NOASSERTION = unrecognized license
R1-147,BENCH,"tunedGNN official repo: license MIT, language Python, last push 2025-06-05, archived=False",,,CODE,https://github.com/LUOyk1999/tunedGNN,GitHub API repos/LUOyk1999/tunedGNN (saved gh_LUOyk1999_tunedGNN.json),"{""archived"":false,""full_name"":""LUOyk1999/tunedGNN"",""language"":""Python"",""license"":""MIT"",""pushed_at"":""2025-06-05T08:27:52Z""}",2025-06-05,2026-10-01,High,license null = GitHub detected no license file; NOASSERTION = unrecognized license
R1-148,RGNN,"A-DGN official repo: license none detected, language Python, last push 2025-01-02, archived=False",,,CODE,https://github.com/gravins/Anti-SymmetricDGN,GitHub API repos/gravins/Anti-SymmetricDGN (saved gh_gravins_Anti-SymmetricDGN.json),"{""archived"":false,""full_name"":""gravins/Anti-SymmetricDGN"",""language"":""Python"",""license"":null,""pushed_at"":""2025-01-02T11:29:16Z""}",2025-01-02,2026-10-01,High,license null = GitHub detected no license file; NOASSERTION = unrecognized license
R1-149,TOP,"CW Networks official repo: license MIT, language Python, last push 2023-06-13, archived=False",,,CODE,https://github.com/twitter-research/cwn,GitHub API repos/twitter-research/cwn (saved gh_twitter-research_cwn.json),"{""archived"":false,""full_name"":""twitter-research/cwn"",""language"":""Python"",""license"":""MIT"",""pushed_at"":""2023-06-13T17:22:59Z""}",2023-06-13,2026-10-01,High,license null = GitHub detected no license file; NOASSERTION = unrecognized license
R1-150,TOP,"TopoModelX (CCNN library): license MIT, language Jupyter Notebook, last push 2026-09-27, archived=False",,,CODE,https://github.com/pyt-team/TopoModelX,GitHub API repos/pyt-team/TopoModelX (saved gh_pyt-team_TopoModelX.json),"{""archived"":false,""full_name"":""pyt-team/TopoModelX"",""language"":""Jupyter Notebook"",""license"":""MIT"",""pushed_at"":""2026-09-27T09:43:02Z""}",2026-09-27,2026-10-01,High,license null = GitHub detected no license file; NOASSERTION = unrecognized license
R1-151,TOP,"TopoBench official repo: license MIT, language Python, last push 2026-10-01, archived=False",,,CODE,https://github.com/geometric-intelligence/TopoBench,GitHub API repos/geometric-intelligence/TopoBench (saved gh_geometric-intelligence_TopoBench.json),"{""archived"":false,""full_name"":""geometric-intelligence/topobench"",""language"":""Python"",""license"":""MIT"",""pushed_at"":""2026-10-01T06:36:48Z""}",2026-10-01,2026-10-01,High,license null = GitHub detected no license file; NOASSERTION = unrecognized license
R1-152,DYN,"DGCNN official repo: license MIT, language Python, last push 2022-05-20, archived=False",,,CODE,https://github.com/WangYueFt/dgcnn,GitHub API repos/WangYueFt/dgcnn (saved gh_WangYueFt_dgcnn.json),"{""archived"":false,""full_name"":""WangYueFt/dgcnn"",""language"":""Python"",""license"":""MIT"",""pushed_at"":""2022-05-20T07:11:52Z""}",2022-05-20,2026-10-01,High,license null = GitHub detected no license file; NOASSERTION = unrecognized license
R1-153,DYN,"NRI official repo: license MIT, language Python, last push 2019-11-19, archived=False",,,CODE,https://github.com/ethanfetaya/NRI,GitHub API repos/ethanfetaya/NRI (saved gh_ethanfetaya_NRI.json),"{""archived"":false,""full_name"":""ethanfetaya/NRI"",""language"":""Python"",""license"":""MIT"",""pushed_at"":""2019-11-19T10:46:33Z""}",2019-11-19,2026-10-01,High,license null = GitHub detected no license file; NOASSERTION = unrecognized license
R1-154,DYN,"LDS-GNN official repo: license NOASSERTION, language Python, last push 2024-03-06, archived=False",,,CODE,https://github.com/lucfra/LDS-GNN,GitHub API repos/lucfra/LDS-GNN (saved gh_lucfra_LDS-GNN.json),"{""archived"":false,""full_name"":""lucfra/LDS-GNN"",""language"":""Python"",""license"":""NOASSERTION"",""pushed_at"":""2024-03-06T14:47:04Z""}",2024-03-06,2026-10-01,High,license null = GitHub detected no license file; NOASSERTION = unrecognized license
R1-155,GT,"Graphormer official repo: license MIT, language Python, last push 2026-09-26, archived=False",,,CODE,https://github.com/microsoft/Graphormer,GitHub API repos/microsoft/Graphormer (saved gh_microsoft_Graphormer.json),"{""archived"":false,""full_name"":""microsoft/Graphormer"",""language"":""Python"",""license"":""MIT"",""pushed_at"":""2026-09-26T01:05:56Z""}",2026-09-26,2026-10-01,High,license null = GitHub detected no license file; NOASSERTION = unrecognized license
R1-156,GT,"Exphormer official repo: license MIT, language Python, last push 2024-02-26, archived=False",,,CODE,https://github.com/hamed1375/Exphormer,GitHub API repos/hamed1375/Exphormer (saved gh_hamed1375_Exphormer.json),"{""archived"":false,""full_name"":""hamed1375/Exphormer"",""language"":""Python"",""license"":""MIT"",""pushed_at"":""2024-02-26T03:54:33Z""}",2024-02-26,2026-10-01,High,license null = GitHub detected no license file; NOASSERTION = unrecognized license
R1-157,DYN,"DRew official repo: license Apache-2.0, language Python, last push 2023-12-13, archived=False",,,CODE,https://github.com/BenGutteridge/DRew,GitHub API repos/BenGutteridge/DRew (saved gh_BenGutteridge_DRew.json),"{""archived"":false,""full_name"":""BenGutteridge/DRew"",""language"":""Python"",""license"":""Apache-2.0"",""pushed_at"":""2023-12-13T12:18:39Z""}",2023-12-13,2026-10-01,High,license null = GitHub detected no license file; NOASSERTION = unrecognized license
R1-158,RGNN,"gLSTM official repo: license none detected, language Python, last push 2025-11-19, archived=False",,,CODE,https://github.com/HughBlayney/gLSTM,GitHub API repos/HughBlayney/gLSTM (saved gh_HughBlayney_gLSTM.json),"{""archived"":false,""full_name"":""HughBlayney/gLSTM"",""language"":""Python"",""license"":null,""pushed_at"":""2025-11-19T17:03:59Z""}",2025-11-19,2026-10-01,High,license null = GitHub detected no license file; NOASSERTION = unrecognized license
R1-159,DYN,"N2 official repo: license none detected, language Python, last push 2025-05-20, archived=False",,,CODE,https://github.com/sunjss/N2,GitHub API repos/sunjss/N2 (saved gh_sunjss_N2.json),"{""archived"":false,""full_name"":""sunjss/N2"",""language"":""Python"",""license"":null,""pushed_at"":""2025-05-20T02:25:00Z""}",2025-05-20,2026-10-01,High,license null = GitHub detected no license file; NOASSERTION = unrecognized license
R1-160,DYN,"MAVN official repo: license NOASSERTION, language Python, last push 2026-05-29, archived=False",,,CODE,https://github.com/bdi-lab/MAVN,GitHub API repos/bdi-lab/MAVN (saved gh_bdi-lab_MAVN.json),"{""archived"":false,""full_name"":""bdi-lab/MAVN"",""language"":""Python"",""license"":""NOASSERTION"",""pushed_at"":""2026-05-29T14:34:57Z""}",2026-05-29,2026-10-01,High,license null = GitHub detected no license file; NOASSERTION = unrecognized license
R1-161,DYN,"AMP official repo: license NOASSERTION, language Python, last push 2025-07-07, archived=False",,,CODE,https://github.com/nec-research/Adaptive-Message-Passing,GitHub API repos/nec-research/Adaptive-Message-Passing (saved gh_nec-research_Adaptive-Message-Passing.json),"{""archived"":false,""full_name"":""nec-research/Adaptive-Message-Passing"",""language"":""Python"",""license"":""NOASSERTION"",""pushed_at"":""2025-07-07T16:41:07Z""}",2025-07-07,2026-10-01,High,license null = GitHub detected no license file; NOASSERTION = unrecognized license
R1-162,GPU,"TC-GNN official repo: license none detected, language Python, last push 2023-10-16, archived=False",,,CODE,https://github.com/YukeWang96/TC-GNN_ATC23,GitHub API repos/YukeWang96/TC-GNN_ATC23 (saved gh_YukeWang96_TC-GNN_ATC23.json),"{""archived"":false,""full_name"":""YukeWang96/TC-GNN_ATC23"",""language"":""Python"",""license"":null,""pushed_at"":""2023-10-16T01:40:11Z""}",2023-10-16,2026-10-01,High,license null = GitHub detected no license file; NOASSERTION = unrecognized license
R1-163,DYN,"DGMN2 official repo: license Apache-2.0, language Python, last push 2022-09-21, archived=False",,,CODE,https://github.com/fudan-zvg/DGMN2,GitHub API repos/fudan-zvg/DGMN2 (saved gh_fudan-zvg_DGMN2.json),"{""archived"":false,""full_name"":""fudan-zvg/DGMN2"",""language"":""Python"",""license"":""Apache-2.0"",""pushed_at"":""2022-09-21T05:16:08Z""}",2022-09-21,2026-10-01,High,license null = GitHub detected no license file; NOASSERTION = unrecognized license
R1-164,HYP,Set-to-hypergraph model uses a recurrent network that iteratively refines edge and node features to predict the incidence matrix (learned hyperedges),,,DESIGN,https://arxiv.org/abs/2106.13919,Section 1 / Section 3,"We propose a simple recurrent neural network that refines the edge and node features, based on wich it predicts the incidence matrix while preserving the permutatio",2021-06-26,2026-10-01,High,"Closest found instance of recurrent + learned hyperedges (C5+C7 learned); task is structure prediction, not computation substrate; typo wich is in source"
R1-165,HYP,Iterative-refinement training lets the hypergraph predictor skip backward iterations for constant memory; positive-edge supervision makes memory linear not exponential,,,DESIGN,https://arxiv.org/abs/2106.13919,Abstract,"we introduce a training method that encourages iterative refinement of the predicted hypergraph, which allows us to skip iterations in the backward pass for improved efficiency and constant memory usage.",2021-06-26,2026-10-01,High,Truncated-BPTT-like training for a recurrent structure learner
R1-166,HYP,Blindly increasing message-passing rounds degrades hypergraph neural networks,,,REPORTED,https://arxiv.org/abs/2508.14101,Abstract,blindly increasing the message-passing rounds to capture longrange dependency also degrades the performance of hyper-graph neural networks.,2025-08-16,2026-10-01,Medium,Negative for iterating longer on hypergraphs; pdftotext token longrange
R1-167,HYP,IHNN jointly learns fixed-point representations for nodes and hyperedges via implicit differentiation,,,DESIGN,https://arxiv.org/abs/2508.14101,Abstract,a novel framework that jointly learns fixed-point representations for both nodes and hyperedges in an end-to-end manner to alleviate this issue.,2025-08-16,2026-10-01,Medium,Implicit (equilibrium) hypergraph substrate; hypergraph fixed
R1-168,HYP,Hypergraph Neural Diffusion: continuous-time diffusion PDE on hypergraphs with learnable structure-aware coefficients,,,DESIGN,https://arxiv.org/abs/2604.10955,Abstract,"HND is grounded in a continuous-time hypergraph diffusion equation, formulated via hypergraph gradient and divergence operators, and modulated by a learnable, structure-aware coeﬀicient matrix over hyperedge–node pairs.",2026-04-13,2026-10-01,Low,2026 preprint; ligature in quote is from source
R1-169,RGNN,Graph Recurrent NNs: parameter count independent of sequence length and graph size; time/node/edge gates against vanishing gradients,,,DESIGN,https://arxiv.org/abs/2002.01038,Abstract,"In the GRNN, the number of learnable parameters is independent of the length of the sequence and of the size of the graph, guaranteeing scalability.",2020-02-03,2026-10-01,High,"Recurrence over an external time sequence, not over computation steps"
R1-170,MPNN,GAT: masked self-attention over neighborhoods implicitly assigns different weights to neighbors (state-conditioned edge weights on fixed support),,,DESIGN,https://arxiv.org/abs/1710.10903,Abstract,"By stacking layers in which nodes are able to attend over their neighborhoods’ features, we enable (implicitly) specifying different weights to different nodes in a neighborhood",2017-10-30,2026-10-01,High,Soft routing over the given edges; no edge creation
R1-171,MPNN,GCN scales linearly in the number of graph edges,,,AUTHOR-CLAIM,https://arxiv.org/abs/1609.02907,Abstract,Our model scales linearly in the number of graph edges and learns hidden layer representations that encode both local graph structure and features of nodes.,2016-09-09,2026-10-01,High,
R1-172,DYN,Total effective resistance bounds oversquashing; adding edges to minimize it alleviates oversquashing,,,THEOREM,https://arxiv.org/abs/2302.06835,Abstract/Introduction,"We further develop an algorithm to identify edges to be added to an input graph to minimize the total effective resistance, thereby alleviating oversquashing.",2023-02-14,2026-10-01,Medium,Gives a target for learned edge creation
R1-173,TOP,Neural Sheaf Diffusion: geometry of a (learnable) sheaf on the graph controls heterophily performance and oversmoothing,,,THEOREM,https://arxiv.org/abs/2202.04579,Abstract,we use cellular sheaf theory to show that the underlying geometry of the graph is deeply linked with the performance of GNNs in heterophilic settings and their oversmoothing behaviour.,2022-02-09,2026-10-01,Medium,
R1-174,MPNN,SPN: messages along shortest-path neighbourhoods break the bottleneck and are more expressive than MPNNs,,,AUTHOR-CLAIM,https://arxiv.org/abs/2206.01003,Abstract,"nodes can directly communicate between each other even if they are not neighbors, breaking the information bottleneck and hence leading to more adequately learned representations.",2022-06-02,2026-10-01,Medium,Static multi-hop rewiring
R1-175,GT,GEN (hop-wise attention MPNN) +7.7/+6.0 pp over MPNN baselines on PascalVOC-SP/COCO-SP; full-batch on OGBN-Products where Exphormer hits memory limits,7.7,percentage points,REPORTED,https://arxiv.org/abs/2401.01233,Abstract,"GENs outperform strong MPNN baselines by 7.7 and 6.0 percentage points (pp) on PascalVOC-SP and COCO-SP, and achieve performance on par with or better than state-of-the-art Graph Transformers.",2024-01-02,2026-10-01,Medium,LRGB budget; vs MPNN and GT baselines
R1-176,GT,"Graph transformer global attention costs O(|V|^2), a severe burden for large sparse graphs",,,AUTHOR-CLAIM,https://arxiv.org/abs/2401.01233,Section 1,"their computational and memory costs typically scale as O(|V |2 ), posing a severe burden for large, sparse graphs.",2024-01-02,2026-10-01,High,
R1-177,RGNN,IterGNN Table 1: GCN 0.0% vs Iter-Homo-Path 99.6% on component counting (ER) at larger test sizes,99.6,% accuracy,REPORTED,https://arxiv.org/abs/2010.13547,"Section 5.1, Table 1",0.0005 0.09 86.7% 96.1% 0.0007 0.02 99.6% 97.5%,2020-10-26,2026-10-01,Low,"Table cells extracted out of layout; mapping to columns (SP-ER, SP-Lob, CC-ER, CC-Lob) inferred from header order; unmatched"
R1-178,X,OpenReview forum for Co-GNN (venue/decision) could not be read: browser verification wall,,,ACCESS-FAILED,https://openreview.net/forum?id=T0FuEDnODP,forum page,,2024,2026-10-01,Low,curl and WebFetch both returned a verification page; venue left unverified
R2-001,LOOP,Universal Transformer applies one shared transition block recurrently over depth; authors state UT is Turing-complete under assumptions,,,AUTHOR-CLAIM,https://arxiv.org/abs/1807.03819,Abstract / §1,"In contrast to the standard Transformer, under certain assumptions UTs can be shown to be Turing-complete.",2018-07,2026-10-01,High,Turing-completeness argument in §4; assumption-dependent
R2-002,LOOP,"UT with dynamic halting reaches 0.21 average bAbI error (0/20 failed tasks) vs 15.2 for Transformer (10k setting, train single)",0.21,% error,REPORTED,https://arxiv.org/abs/1807.03819,Table 1 (bAbI),"Transformer (Vaswani et al., 2017) Universal Transformer (this work) UT w/ dynamic halting (this work) 15.2 (10/20) 0.23 (0/20) 0.21 (0/20)",2018-07,2026-10-01,Medium,"Baseline: vanilla Transformer; not parameter- or FLOP-matched (UT shares weights, runs more steps). Table layout extracted by pdftotext; column assignment read from table"
R2-003,HALT,UT with dynamic halting (ACT per position) claimed SOTA on LAMBADA,,,AUTHOR-CLAIM,https://arxiv.org/abs/1807.03819,§1 Introduction,"Furthermore, on the challenging LAMBADA text understanding data set UTs with dynamic halting achieve a new state of the art.",2018-07,2026-10-01,High,SOTA as of 2018; author claim
R2-004,LOOP,Recurrent-depth LM (Huginn) scaled to 3.5B parameters and 800B tokens,3.5,billion parameters,REPORTED,https://arxiv.org/abs/2502.05171,Abstract,We scale a proof-ofconcept model to 3.5 billion parameters and 800 billion tokens.,2025-02,2026-10-01,High,Design scale fact; quote as extracted (hyphen dropped by pdftotext)
R2-005,LOOP,Huginn benchmarks keep improving with test-time recurrence up to FLOP budgets equal to a 50B fixed-depth transformer,50,billion params (FLOP-equivalent),REPORTED,https://arxiv.org/abs/2502.05171,§5 Benchmark results (Fig. on test-time scaling),continuously improve in performance with test-time scaling up to FLOP budgets equivalent to a standard 50B parameter fixed-depth transformer.,2025-02,2026-10-01,Medium,FLOP equivalence to a hypothetical 50B dense model; no trained 50B comparator; unmatched
R2-006,LOOP,Huginn is trained with truncated backprop through only the last k=8 recurrent iterations,8,iterations,DESIGN,https://arxiv.org/abs/2502.05171,§3.2 Truncated Backpropagation,We fix k = 8 in our main experiments.,2025-02,2026-10-01,High,Training: truncated BPTT in depth; mean recurrence 32 sampled log-normal Poisson
R2-007,LOOP,"Huginn trains with mean recurrence r=32 sampled per step; layers (prelude 2, core 4, coda 2)",32,mean recurrent iterations,DESIGN,https://arxiv.org/abs/2502.05171,§4 Training at scale,"We scale the architecture described in Section 3, setting the layers to (2, 4, 2), and train with a mean recurrence value of r̄ = 32.",2025-02,2026-10-01,High,
R2-008,LOOP,First two large-scale Huginn runs failed: hidden-state collapse and collapse of the recurrence; success depended on architecture and initialization,,,REPORTED,https://arxiv.org/abs/2502.05171,"§4, Figure 5 caption","Note the hidden state collapse (middle) and collapse of the recurrence (right) in the first two failed runs, underlining the importance of our architecture and initialization in inducing a recurrent model",2025-02,2026-10-01,High,Negative result: recurrent-depth training at scale is fragile
R2-009,LOOP,Each recurrence iteration in the failed run increased token correlation until collapse,,,REPORTED,https://arxiv.org/abs/2502.05171,§4 (Bad Run 1 discussion),"Every iteration of the recurrence block increases token correlation, mixing the sequence until collapse.",2025-02,2026-10-01,High,Oversmoothing-like failure of weight-shared depth recurrence
R2-010,LOOP,"Huginn parameter split: ~1.5B prelude+head, 1.5B recurrent core, 0.5B tied embedding",1.5,billion parameters (core block),REPORTED,https://arxiv.org/abs/2502.05171,§4 Training at scale,"Overall this model shape has about 1.5B parameters in non-recurrent prelude and head, 1.5B parameters in the core recurrent block, and 0.5B in the tied input embedding.",2025-02,2026-10-01,High,Design
R2-011,LOOP,"At 180B tokens, recurrent model vs its non-recurrent twin trained identically: recurrent is 5x better on GSM8k",5,times (GSM8k ratio),REPORTED,https://arxiv.org/abs/2502.05171,"§5, Table 4",where the 180B recurrent model is already 5 times better than the baseline at this early snapshot in the pretraining,2025-02,2026-10-01,Medium,"Baseline: non-recurrent twin, same data/setup; NOT parameter-matched in the FLOP sense (recurrent spends many more FLOPs/token); stored params comparison per Table 4 not stated in quote"
R2-012,LOOP,Huginn evaluated with 1 recurrence stops improving between 180B and 800B tokens: gains live in iterations,,,REPORTED,https://arxiv.org/abs/2502.05171,§5 Baseline comparison,further improvements are not built into the prelude or coda non-recurrent layers but encoded entirely into the iterations of the recurrent block.,2025-02,2026-10-01,Medium,Internal comparison
R2-013,HALT,Zero-shot per-token exit in Huginn: stop when KL between successive steps < 5e-4,5,x10^-4 KL threshold,DESIGN,https://arxiv.org/abs/2502.05171,§6.1 Zero-shot adaptive compute,"If this divergence falls below 5 × 10−4 , we stop iterating, sample the output token, and move to generate the next token.",2025-02,2026-10-01,High,"Convergence-signal halt, untrained"
R2-014,LOOP,Latent trajectories in Huginn are not all fixed points: orbits and sliders emerge,,,REPORTED,https://arxiv.org/abs/2502.05171,§7 / Figure (latent trajectories),"While on many tokens, the state simply converges (top row), the model also learns to use orbits (middle row), and “sliders” (bottom row, middle)",2025-02,2026-10-01,High,Relevant to convergence-based halting: not all states converge
R2-015,LOOP,Huginn compared against Pythia/OLMo: comparable to OLMo-7B (1st gen) but lags later OLMo models,,,REPORTED,https://arxiv.org/abs/2502.05171,"§5 Standard Benchmarks, Table 1","our model outperforms the older Pythia series and is roughly comparable to the first OLMo generation, OLMo7B in most metrics, but lags behind the later OLMo models",2025-02,2026-10-01,High,"Unmatched: different data, tokens, params"
R2-016,LOOP,"Ouro LoopLM 1.4B and 2.6B trained on 7.7T tokens match 4B and 8B standard transformers, 2-3x parameter efficiency",2,x parameter efficiency (2-3x),REPORTED,https://arxiv.org/abs/2510.25741,§1 Contributions,"we demonstrate that 1.4B and 2.6B parameter LoopLMs match 4B and 8B standard transformers on most benchmarks, yielding 2-3× parameter-efficiency gains",2025-10,2026-10-01,Medium,Parameter-matched in stored params only; looped models spend ~4x FLOPs/token at R4; NOT FLOP-matched; baselines are external SOTA models with different data
R2-017,THEORY,"Ouro controlled study: recurrence does not increase raw knowledge storage, ~2 bits/parameter for looped and non-looped",2,bits per parameter,REPORTED,https://arxiv.org/abs/2510.25741,§1 Contributions (and §6.1),we find recurrence does not increase raw knowledge storage (approximately 2 bits per parameter for looped and non-looped models) but dramatically enhances knowledge manipulation capabilities,2025-10,2026-10-01,High,Key separation: compute capacity vs storage capacity; synthetic bioS-style probe
R2-018,LOOP,Ouro performance peaks at trained depth T=4 and degrades when extrapolating to T=5..8,4,recurrent steps (trained max),REPORTED,https://arxiv.org/abs/2510.25741,"§5.3, Table 10",Performance peaks at the trained depth (T = 4) and then degrades.,2025-10,2026-10-01,High,"NEGATIVE for ""more iterations help beyond training horizon"""
R2-019,LOOP,Ouro: degradation for deeper unseen steps reinforces that performance is optimized for training depth,6,recurrent steps (T=6-8),REPORTED,https://arxiv.org/abs/2510.25741,§5.3,"For both models, performance degrades as they extrapolate to deeper, unseen recurrent steps (T = 6 − 8), reinforcing that performance is optimized for the depth seen during training.",2025-10,2026-10-01,High,Negative extrapolation evidence at LM scale
R2-020,HALT,Ouro: adaptive exits tend to collapse to shallow depths or overuse long loops (motivates entropy regularisation),,,AUTHOR-CLAIM,https://arxiv.org/abs/2510.25741,§1 / §3.3,Adaptive exits tend to collapse to shallow depths or overuse long loops.,2025-10,2026-10-01,High,Halting instability; fixed with entropy-regularized objective with uniform prior
R2-021,LOOP,Ouro: reusing KV caches during prefilling degrades GSM8K by >10 points,10,points GSM8K,REPORTED,https://arxiv.org/abs/2510.25741,§5.4 / KV-cache sharing,Attempting to reuse KV caches during prefilling leads to performance degradation (>10 points on GSM8K).,2025-10,2026-10-01,Medium,Memory cost of looped LMs: KV per loop
R2-022,ROUTE,"MoR (expert-choice router, 2 recursions) beats vanilla few-shot accuracy 43.1% vs 42.3% with ~50% fewer parameters",43.1,% avg few-shot accuracy,REPORTED,https://arxiv.org/abs/2507.10524,"§3 Main results, Table 3",achieves a lower validation loss and surpasses the vanilla baseline in average few-shot accuracy (43.1% vs. 42.3%).,2025-07,2026-10-01,Medium,Baseline: vanilla transformer at equal training FLOPs (FLOP-matched training budget); MoR has ~50% fewer params (not param-matched)
R2-023,ROUTE,MoR Nr=2 outperforms vanilla and recursive baselines with 25% fewer training FLOPs,25,% fewer training FLOPs,REPORTED,https://arxiv.org/abs/2507.10524,§3 (compute-optimal comparison),"Specifically, our MoR model with Nr = 2 outperforms both vanilla and recursive baselines—achieving lower validation loss and higher accuracy—despite using 25% fewer training FLOPs.",2025-07,2026-10-01,Medium,Unmatched in favour of baseline FLOPs; params fewer for MoR
R2-024,ROUTE,MoR-4 inference throughput up to 2.06x vs vanilla (B=Max),2.06,x throughput,REPORTED,https://arxiv.org/abs/2507.10524,"§3, Figure 4a","This, in turn, boosts throughput significantly (e.g., MoR-4 achieves up to a 2.06× speedup with B = Max).",2025-07,2026-10-01,Medium,Vanilla with continuous sequence-wise batching; depends on depth-wise batching implementation
R2-025,ROUTE,MoR token-choice routing causes load imbalance requiring balancing loss; expert-choice has causality violation,,,DESIGN,https://arxiv.org/abs/2507.10524,Table / §2.2 routing strategies,"While effective, this approach often leads to load imbalance across experts, necessitating auxiliary balancing losses.",2025-07,2026-10-01,High,Router cost/instability tradeoffs carry over to depth routing
R2-026,LOOP,MoR scales 135M-1.7B; claims new Pareto frontier at equal training FLOPs,1.7,billion parameters (max),AUTHOR-CLAIM,https://arxiv.org/abs/2507.10524,Abstract,"Across model scales ranging from 135M to 1.7B parameters, MoR forms a new Pareto frontier: at equal training FLOPs and smaller model sizes, it significantly lowers validation perplexity",2025-07,2026-10-01,High,Author claim; small scale
R2-027,LOOP,Relaxed Recursive: recursive Gemma 1B uptrained from Gemma 2B gains up to 13.5 absolute accuracy over non-recursive Gemma 1B,13.5,absolute accuracy points,REPORTED,https://arxiv.org/abs/2410.20672,§1 Introduction,we observed up to 13.5 absolute accuracy improvement (22% error reduction) on few-shot tasks compared to a non-recursive Gemma 1B model (pretrained from scratch).,2024-10,2026-10-01,Medium,Parameter-matched (1B vs 1B) but recursive model inherits knowledge from Gemma 2B init (distillation-like); not FLOP-matched
R2-028,GPU,Relaxed Recursive: early exits with continuous depth-wise batching give simulated 2-3x throughput,2,x throughput (2-3x),REPORTED,https://arxiv.org/abs/2410.20672,§1 Introduction,"From our simulation, Early Exits reveal a substantial throughput improvement of up to 2-3× compared to a vanilla Transformer with the same architecture.",2024-10,2026-10-01,Low,"Simulation / theoretical analysis, not measured end-to-end"
R2-029,LOOP,"HRM: 27M parameters, ~1000 training samples, claims exceptional performance on complex reasoning tasks",27,million parameters,REPORTED,https://arxiv.org/abs/2506.21734,Abstract,"With only 27 million parameters, HRM achieves exceptional performance on complex reasoning tasks using only 1000 training samples.",2025-06,2026-10-01,High,Design/scale fact
R2-030,LOOP,HRM claims near-perfect Sudoku-Extreme Full and optimal 30x30 maze pathfinding where CoT LLMs get 0%,0,% (CoT baseline accuracy),REPORTED,https://arxiv.org/abs/2506.21734,§1 Introduction,"it achieves near-perfect accuracy in complex Sudoku puzzles (Sudoku-Extreme Full) and optimal pathfinding in 30x30 mazes, where state-of-the-art CoT methods completely fail (0% accuracy).",2025-06,2026-10-01,Medium,"Baseline: CoT LLMs (no task training); grossly unmatched in params, data and training regime"
R2-031,LOOP,HRM uses a one-step gradient approximation (DEQ/IFT-motivated) with O(1) memory instead of BPTT,1,O(1) memory,DESIGN,https://arxiv.org/abs/2506.21734,§2 Approximate gradient,This design maintains a constant memory footprint (O(1) compared to BPTT’s O(T ) for T timesteps) throughout the backpropagation process,2025-06,2026-10-01,High,Training: 1-step gradient + deep supervision
R2-032,HALT,"HRM halting: Q-learning head predicts halt/continue values to choose number of segments, with deep supervision",,,DESIGN,https://arxiv.org/abs/2506.21734,§2 Adaptive computational time,This integration leverages deep supervision and uses the Q-learning 7 algorithm 47 to adaptively determine the number of segments.,2025-06,2026-10-01,High,Q-learning halt (requires extra forward pass for continue target per TRM)
R2-033,LOOP,HRM authors state recurrent architectures suffer early convergence that renders later steps inert,,,AUTHOR-CLAIM,https://arxiv.org/abs/2506.21734,§1 Introduction,"Recurrent architectures, a natural alternative for sequential tasks, often suffer from early convergence, rendering subsequent computational steps inert",2025-06,2026-10-01,High,Motivates hierarchical two-timescale design; stability problem of plain recurrence
R2-034,LOOP,"TRM: single 2-layer network, 7M params, 45% ARC-AGI-1 and 8% ARC-AGI-2",45,% ARC-AGI-1 test accuracy,REPORTED,https://arxiv.org/abs/2510.04871,Abstract,"With only 7M parameters, TRM obtains 45% test-accuracy on ARC-AGI1 and 8% on ARC-AGI-2",2025-10,2026-10-01,Medium,Baselines: LLMs (unmatched) and HRM 27M; ARC numbers on public eval with test-time augmentation/voting; not param or FLOP matched to a looped transformer
R2-035,LOOP,"TRM vs HRM: Sudoku-Extreme 55%->87%, Maze-Hard 75%->85%, ARC-AGI-1 40%->45%, ARC-AGI-2 5%->8%",87,% Sudoku-Extreme,REPORTED,https://arxiv.org/abs/2510.04871,§1 Introduction,"we improve the state-of-the-art test accuracy on SudokuExtreme from 55% to 87%, Maze-Hard from 75% to 85%, ARC-AGI-1 from 40% to 45%, and ARC-AGI-2 from 5% to 8%.",2025-10,2026-10-01,Medium,Baseline HRM 27M; TRM 5-7M (fewer params); not FLOP-matched
R2-036,LOOP,"TRM ablation: with HRM-style 1-step gradient, Sudoku-Extreme accuracy drops from 87.4% to 56.5%",56.5,% Sudoku-Extreme,REPORTED,https://arxiv.org/abs/2510.04871,Table 1 (ablation),w/ 1-step gradient 56.5 42 1 5M,2025-10,2026-10-01,High,Same params (5M) and effective depth: backprop through full recursion is decisive; NEGATIVE for IFT/1-step shortcuts
R2-037,LOOP,TRM ablation: 4-layer network with n=3 gives 79.5% vs 87.4% for 2 layers (more layers hurt on small data),79.5,% Sudoku-Extreme,REPORTED,https://arxiv.org/abs/2510.04871,Table 1 (ablation),"w/ 4-layers, n = 3 79.5 48 1 10M",2025-10,2026-10-01,High,Approx. compute matched (depth 48 vs 42) but 2x params; more params lower accuracy here
R2-038,LOOP,TRM ablation: replacing the MLP mixer with self-attention gives 74.7% vs 87.4% on Sudoku-Extreme,74.7,% Sudoku-Extreme,REPORTED,https://arxiv.org/abs/2510.04871,Table 1 / §4.5,"Using an MLP instead of self-attention, we obtain better generalization on Sudoku-Extreme (improving from 74.7% to 87.4%; see Table 1).",2025-10,2026-10-01,High,Self-attention helps on Maze/ARC per authors; task-dependent
R2-039,LOOP,TRM: adding layers decreased generalization due to overfitting; fewer layers + more recursions at matched emulated depth was best,2,layers,REPORTED,https://arxiv.org/abs/2510.04871,§4.4,we found that using 2 layers (instead of 4 layers) maximized generalization.,2025-10,2026-10-01,High,Compute/emulated depth approximately matched by authors
R2-040,LOOP,TRM: HRM fixed-point assumption unlikely to hold when the IFT 1-step gradient is applied,,,AUTHOR-CLAIM,https://arxiv.org/abs/2510.04871,§2.7 / §4.1,a fixed point is unlikely to be reached when the theorem is actually applied.,2025-10,2026-10-01,High,Critique of DEQ-style gradient in HRM
R2-041,LOOP,TRM: HRM tends to overfit then diverge on small data; EMA of weights prevents sharp collapse (79.9% -> 87.4%),87.4,% Sudoku-Extreme,REPORTED,https://arxiv.org/abs/2510.04871,§4.7 / Table 1,We find that it prevents sharp collapse and leads to higher generalization (going from 79.9% to 87.4%; see Table 1).,2025-10,2026-10-01,High,Stability fix: EMA 0.999
R2-042,LOOP,"TRM: why recursion beats a larger, deeper network remains unexplained; authors suspect overfitting, no theory",,,AUTHOR-CLAIM,https://arxiv.org/abs/2510.04871,§6 Conclusion,"the question of why recursion helps so much compared to using a larger and deeper network remains to be explained; we suspect it has to do with overfitting, but we have no theory",2025-10,2026-10-01,High,Open problem; capacity-per-parameter not explained
R2-043,LOOP,TRM: backprop through full recursion means increasing n too much causes OOM,,,REPORTED,https://arxiv.org/abs/2510.04871,§4.1,"Note that TRM requires backpropagation through a full recursion process, thus increasing n too much leads to Out Of Memory (OOM) errors.",2025-10,2026-10-01,High,Memory cost of BPTT limits recursion depth in training
R2-044,HALT,"TRM simplifies HRM halting: drops Q-learning continue loss, removing the second forward pass",,,DESIGN,https://arxiv.org/abs/2510.04871,§4.6,"By removing the continue loss, we remove the need for the expensive second forward pass, while still being able to determine when to halt with relatively good accuracy.",2025-10,2026-10-01,High,BCE halt on correctness
R2-045,X,ARC Prize verified HRM on semi-private set: 32% ARC-AGI-1 and 2% ARC-AGI-2,32,% ARC-AGI-1 semi-private,REPORTED,https://arcprize.org/blog/hrm-analysis,Summary of findings,"ARC-AGI-1: 32% - Though not state of the art, this is impressive for such a small model. ARC-AGI-2: 2%",2025-08-15,2026-10-01,High,Independent reproduction (ARC Prize Foundation); lower than paper public-eval 40%
R2-046,LOOP,ARC Prize: a regular transformer with same ~27M params and HRM pipeline comes within ~5pp of HRM,5,percentage points,REPORTED,https://arcprize.org/blog/hrm-analysis,"Finding #1, Figure 3","First, a regular transformer comes within ~5pp of the HRM model without any hyperparameter optimization.",2025-08-15,2026-10-01,High,"Param-matched (~27M); HRM uses more compute (not FLOP-matched, favours HRM). KEY: architecture adds little over a transformer"
R2-047,LOOP,"ARC Prize: HRM uses more compute than the param-matched transformer, which may explain part of the gap",,,REPORTED,https://arcprize.org/blog/hrm-analysis,Finding #1,"Please note that although matched in parameter count, HRM uses more compute, which may explain parts of the difference.",2025-08-15,2026-10-01,High,"Matching statement: params matched, FLOPs not"
R2-048,LOOP,ARC Prize: outer refinement loop drives performance: +13pp from 1 to 2 loops; 1->8 refinement loops doubles public eval score,13,percentage points,REPORTED,https://arcprize.org/blog/hrm-analysis,"Finding #2, Figure 4","from no refinement (1 loop) to just 1 refinement, performance jumps by +13pp. From 1 to 8 refinement loops, the Public Evaluation set performance doubles.",2025-08-15,2026-10-01,High,Internal comparison (training loops varied)
R2-049,HALT,ARC Prize: ACT improves performance only within a few points of a fixed 16-loop run,16,loops,REPORTED,https://arcprize.org/blog/hrm-analysis,Finding #2,"while using ACT does improve performance, the difference is within a few percentage points when compared to a fixed 16-loop run.",2025-08-15,2026-10-01,High,Halting adds little accuracy; it saves refinement steps
R2-050,LOOP,ARC Prize: training with refinement loops matters more than using refinement at inference,,,REPORTED,https://arcprize.org/blog/hrm-analysis,Finding #2 (inference loops),This indicates that training with refinement loops is more important than using the refinement for inference.,2025-08-15,2026-10-01,High,Weak test-time iteration benefit
R2-051,X,ARC Prize: training only on the 400 evaluation tasks gives 31% vs 41% pass@2: mostly test-time training on eval tasks,31,% pass@2,REPORTED,https://arcprize.org/blog/hrm-analysis,Finding #3,"we trained on only the 400 evaluation tasks -- cutting out the 400 tasks from the training set and the 160 tasks from the ConceptARC dataset. With this setup, the model reached 31% pass@2 accuracy",2025-08-15,2026-10-01,High,Shows HRM ARC result is largely per-task memorisation (puzzle_id)
R2-052,LOOP,"Ge, Liao & Poggio: original HRM evaluation ignores learned halting and always runs maximum steps",,,REPORTED,https://arxiv.org/abs/2510.00355,§4 ACT in HRM,"There is a critical mismatch in the original HRM implementation: while its ACT module learns to decide when to halt during training, evaluation ignores this policy and always executes the maximum number of reasoning steps.",2025-10,2026-10-01,High,Critique of HRM halting claims
R2-053,LOOP,Mechanistic HRM study: HRM can fail on a Sudoku with only one unknown cell (fixed-point property violated),,,REPORTED,https://arxiv.org/abs/2601.10679,Abstract,HRM can fail on a puzzle with only one unknown cell.,2026-01,2026-10-01,High,Negative: convergence assumption broken in practice
R2-054,LOOP,"Mechanistic HRM study: multiple fixed points; HRM ""guesses"" the first, possibly wrong, fixed point and gets trapped",,,REPORTED,https://arxiv.org/abs/2601.10679,Abstract,"HRM “guesses” the first fixed point, which could be incorrect, and gets trapped there for a while or forever.",2026-01,2026-10-01,High,Convergence signal != correctness
R2-055,LOOP,Augmented HRM (augmentation + input perturbation + bootstrapping) raises Sudoku-Extreme from 55.0% to 96.9%,96.9,% Sudoku-Extreme,REPORTED,https://arxiv.org/abs/2601.10679,Abstract / §1,"by combining all methods, we develop Augmented HRM, boosting accuracy on SudokuExtreme from 55.0% to 96.9%.",2026-01,2026-10-01,Medium,"Gain from sampling many guesses (more inference compute), not architecture; unmatched compute"
R2-056,LOOP,PTRM: Gaussian noise per recursion + Q-head selection lifts TRM Sudoku-Extreme 87.4% -> 98.75% without retraining,98.75,% Sudoku-Extreme,REPORTED,https://arxiv.org/abs/2605.19943,Abstract,"PTRM enables substantial accuracy gains across benchmarks, including Sudoku-Extreme (87.4% to 98.75%)",2026-05,2026-10-01,Medium,Same 7M weights; more inference compute (parallel trajectories); not FLOP-matched
R2-057,LOOP,PTRM: many TRM errors come from deterministic recursions trapped in bad latent basins,,,REPORTED,https://arxiv.org/abs/2605.19943,§1 Introduction,We show that many of TRM’s incorrect answers are from rollouts trapped in bad latent space basins,2026-05,2026-10-01,High,Failure mode of deterministic latent recurrence
R2-058,LOOP,Tiny Autoregressive Recursive Models: no reliable gains from full autoregressive TRM in compute-matched tests,,,REPORTED,https://arxiv.org/abs/2603.08082,Abstract,"Contrary to expectations, we find no reliable performance gains from the full Autoregressive TRM architecture.",2026-03,2026-10-01,High,Compute-matched (block evaluations); NEGATIVE replication of TRM benefit in AR setting
R2-059,LOOP,Tiny AR Recursive: untied depth and flat two-stream recurrent baseline give strongest generalization per block evaluation,,,REPORTED,https://arxiv.org/abs/2603.08082,§1 Introduction,untied depth and a flat two-stream recurrent baseline yield the strongest generalization per block evaluation.,2026-03,2026-10-01,High,Compute-matched; untied (non-shared) depth wins per block evaluation: NEGATIVE for weight sharing at matched compute
R2-060,LOOP,TRM as policy improvement: modifications cut forward passes 18x at maintained performance,18,x fewer forward passes,REPORTED,https://arxiv.org/abs/2511.16886,Abstract,we can avoid dead compute steps and reduce the total number of forward passes by 18× while maintaining performance.,2025-11,2026-10-01,Medium,Baseline: TRM; implies most TRM recursions are dead compute
R2-061,LOOP,Policy-improvement TRM variant: 24% ARC-AGI-1 with 0.8M parameters,24,% ARC-AGI-1,REPORTED,https://arxiv.org/abs/2511.16886,Abstract / §1,our model achieves a 24% accuracy on ARC-AGI-1 with 0.8 million parameters,2025-11,2026-10-01,Medium,Unmatched comparison to LLMs; ICML 2026 per paper header
R2-062,X,ARC Prize 2025 report: refinement loops in weight space by zero-pretraining methods reach competitive results with 7M params,7,million parameters,REPORTED,https://arxiv.org/abs/2601.10904,Abstract,"Such refinement loops are also possible in weight space, as evidenced by zero-pretraining deep learning methods which are now achieving competitive performance with remarkably small networks (7M parameters).",2026-01,2026-10-01,High,Context: Kaggle top score 24% ARC-AGI-2 private
R2-063,THEORY,"Looped transformer with <13 layers, hard-coded weights, can emulate a general-purpose computer (SUBLEQ), calculator, linear algebra, in-context SGD",13,layers,THEOREM,https://arxiv.org/abs/2301.13196,§1 contributions (constructions in §5-9),"There exists a looped transformer with less than 13 layers that can emulate a general purpose computer (see Sec. 5), a basic calculator (see Sec. 7)",2023-01,2026-10-01,High,"Construction (existence), not learnability"
R2-064,LOOP,"Looped transformers for in-context learning: with input injection, inference beyond trained loop count reaches a stable fixed point",30,loop iterations (trained),REPORTED,https://arxiv.org/abs/2311.12424,Figure 1 caption,"While trained for 30 loop iterations, the looped transformer during inference achieves a stable fixed-point solution beyond the trained loop iterations.",2023-11,2026-10-01,High,Linear-regression ICL task; positive extrapolation in iterations for a convex problem
R2-065,LOOP,"Without input injection, looped transformer performance deteriorates beyond trained loop iterations; weight-tied model quickly diverges",,,REPORTED,https://arxiv.org/abs/2311.12424,§ / Figure 3,"Without input injection, the transformer’s performance deteriorates beyond the trained loop iterations.",2023-11,2026-10-01,High,Stability fix = input injection (re-injecting x each loop)
R2-066,DEQ,Yang et al.: Jacobian regularization for stabilising implicit/weight-tied training needs extensive tuning and still suffers instability,,,AUTHOR-CLAIM,https://arxiv.org/abs/2311.12424,§2 related work,"Nevertheless, this approach requires extensive hyperparameter tuning and still suffers from instability challenges.",2023-11,2026-10-01,Medium,Comment on DEQ fixes by looped-transformer authors
R2-067,LOOP,Looped transformers with an adaptive number of steps significantly improve length generalization,,,AUTHOR-CLAIM,https://arxiv.org/abs/2409.15647,Abstract,"In this work, we demonstrate that looped Transformers with an adaptive number of steps significantly improve length generalization.",2024-09,2026-10-01,High,Tasks: n-RASP-L algorithmic problems; training uses known step counts
R2-068,HALT,Fan et al. stopping rules: oracle step count or maximum-confidence stopping,,,DESIGN,https://arxiv.org/abs/2409.15647,§4.3 Adaptive inference,1) Oracle: We can assume that the number of steps needed is given; 2) Maximum confidence: We can use confidence base rules to decide when to stop,2024-09,2026-10-01,High,Confidence-based halt; training requires step-count supervision
R2-069,LOOP,"Saunshi et al.: k-layer transformer looped L times nearly matches kL-layer non-looped model on synthetic reasoning, much better than k-layer",,,REPORTED,https://arxiv.org/abs/2502.17416,Abstract,"a k-layer transformer looped L times nearly matches the performance of a kL-layer non-looped model, and is significantly better than a k-layer model.",2025-02,2026-10-01,High,"Comparison both iso-FLOP (kL x1, L times more params) and iso-param (k x1). Tasks: addition, p-hop induction, math"
R2-070,LOOP,Saunshi: looped LM has worse perplexity than iso-FLOP baseline but reasoning performance close to (sometimes exceeding) it,,,REPORTED,https://arxiv.org/abs/2502.17416,§1 Claim 2,"the looped model has reasoning performance much closer to the iso-flop baseline, sometimes even exceeding it despite having L times fewer parameters and worse perplexity.",2025-02,2026-10-01,High,Iso-FLOP comparison (looped has L times fewer params). Storage (perplexity/memorization) does NOT transfer
R2-071,THEORY,Saunshi: looped models can simulate T steps of chain-of-thought with T loops,,,THEOREM,https://arxiv.org/abs/2502.17416,Abstract (theorem in §5),We further elucidate the connection to CoT reasoning by proving that looped models implicitly generate latent thoughts and can simulate T steps of CoT with T loops.,2025-02,2026-10-01,High,
R2-072,LOOP,Saunshi: downstream accuracy scales as logarithm of effective depth for looped and non-looped models,,,REPORTED,https://arxiv.org/abs/2502.17416,§1,accuracy on downstream tasks scale as logarithm of the effective depth.,2025-02,2026-10-01,Medium,Diminishing returns in loops
R2-073,THEORY,Merrill & Sabharwal: transformers with depth Θ(log n) (middle layers repeated) recognise regular languages and graph connectivity,,,THEOREM,https://arxiv.org/abs/2503.03961,Abstract; Theorems 1-2,We show even highly uniform transformers with depth Θ(log n) can express two important problems: recognizing regular languages,2025-03,2026-10-01,High,Looping log n times suffices; fixed-depth cannot (unless TC0=NC1)
R2-074,THEORY,Merrill & Sabharwal: depth scaling is more efficient than scaling width (superpolynomial) or CoT steps (superlogarithmic) for these problems,,,THEOREM,https://arxiv.org/abs/2503.03961,"Abstract; Theorems 3-4, Figure 1",showing that depth scaling is more efficient than scaling width or chain-of-thought steps.,2025-03,2026-10-01,High,Theoretical support for looping over width
R2-075,THEORY,Transformers without intermediate steps lie in TC0: cannot simulate automata (NC1-complete) or directed connectivity (NL-complete) unless classes collapse,0,TC0,THEOREM,https://arxiv.org/abs/2310.07923,§1,Recent work has shown transformer decoders without any intermediate steps can only solve problems that lie inside the fairly small circuit complexity class TC0,2023-10,2026-10-01,High,Value refers to TC^0 class; bounds fixed-depth transformers
R2-076,THEORY,CoT expressivity: linear CoT steps recognise all regular languages; polynomial steps give exactly P,,,THEOREM,https://arxiv.org/abs/2310.07923,Abstract,"a linear number of decoding steps, assuming projected pre-norm (a slight generalization of standard pre-norm), adds a clear new ability (under standard complexity conjectures): recognizing all regular languages.",2023-10,2026-10-01,High,CoT vs latent loops comparison point
R2-077,THEORY,Padded transformers with O(log^d n) looping recognise exactly FO-uniform TC^d; polylog looping gives FO-uniform NC,,,THEOREM,https://arxiv.org/abs/2505.18948,Abstract,we prove that padded transformers with O(logd n) looping on inputs of length n recognize exactly the class FO-uniform TCd of moderately parallelizable problems.,2025-05,2026-10-01,High,Exact characterisation of what loops buy; ceiling NC without losing parallelism
R2-078,THEORY,Pause tokens strictly increase expressivity of constant-depth transformers (constant precision: AC0),0,AC0,THEOREM,https://arxiv.org/abs/2505.21024,Abstract,"We provide the first formal separation result, proving that adding pause tokens to constant-depth, logarithmic-width Transformers strictly increases their computational expressivity.",2025-05,2026-10-01,Medium,Alternative inference-time compute to loops
R2-079,THEORY,Svete et al. 2026: log^d N-looped constant-precision transformers reach FO-uniform AC^d; growing precision reach TC^d; width beyond does not help,,,THEOREM,https://arxiv.org/abs/2605.30523,Abstract,"looping enables sequential processing analogous to circuits: logd N -looped constantprecision transformers reach FO-uniform ACd , and growing-precision ones reach FO-uniform TCd .",2026-05,2026-10-01,High,"Looping depth, not width, buys expressivity"
R2-080,THEORY,Looped transformer approximation rate has a limitation specific to the looped architecture; fixed by per-loop scaling with timestep encodings,,,THEOREM,https://arxiv.org/abs/2410.01405,Abstract,This reveals a limitation specific to the looped architecture.,2024-10,2026-10-01,Medium,Pure weight sharing loses expressivity per-loop; motivates loop-conditioned params
R2-081,THEORY,"Looped transformer can simulate Dijkstra, BFS, DFS, Kosaraju SCC with constant width; limited by finite precision",,,THEOREM,https://arxiv.org/abs/2402.01107,Abstract,"We prove by construction that this architecture can simulate individual algorithms such as Dijkstra’s shortest path, Breadth- and Depth-First Search, and Kosaraju’s strongly connected components",2024-02,2026-10-01,High,Graph stored in attention via extra heads; existence proof
R2-082,THEORY,De Luca & Fountoulakis: graph simulation is limited by finite precision,,,THEOREM,https://arxiv.org/abs/2402.01107,Abstract,"Despite this property, we show a limit to simulation in our solution due to finite precision.",2024-02,2026-10-01,High,Capacity bound for fixed-width looped models on growing graphs
R2-083,THEORY,Transformers learn O(log T)-depth shortcuts to automata; shortcuts are statistically brittle out of distribution,,,THEOREM,https://arxiv.org/abs/2210.10749,§1 Theorem 1; §5,"Shortcut solutions, with depth logarithmic in the sequence length, always exist (Theorem 1).",2022-10,2026-10-01,High,Fixed-depth shortcuts fail length generalisation (Section 5)
R2-084,THEORY,Shortcuts found by transformers: poor OOD/length generalisation and worse than RNNs under limited supervision,,,REPORTED,https://arxiv.org/abs/2210.10749,§1 / §5,We identify empirical weaknesses of the shortcuts found by Transformers: poor out-of-distribution generalization (including to unseen sequence lengths) and worse performance than RNNs under limited supervision.,2022-10,2026-10-01,High,Recurrent inductive bias helps extrapolation
R2-085,THEORY,"Knowledge capacity scaling law: language models store 2 bits of knowledge per parameter, even int8",2,bits per parameter,REPORTED,https://arxiv.org/abs/2404.05405,Abstract,"we establish that language models can and only can store 2 bits of knowledge per parameter, even when quantized to int8",2024-04,2026-10-01,High,Bounds storage per stored parameter; recurrence cannot add storage beyond parameters
R2-086,THEORY,Knowledge capacity: int4 quantization reduces capacity to 0.7 bit/param,0.7,bits per parameter,REPORTED,https://arxiv.org/abs/2404.05405,Result 8,"however, quantizing to int4 reduces capacity to 0.7bit/param.",2024-04,2026-10-01,High,
R2-087,DEQ,Implicit SSMs (fixed-point self-iteration) implement non-linear RNN state transitions; only approximate convergence needed,,,AUTHOR-CLAIM,https://arxiv.org/abs/2502.07827,Abstract,"Empirically, we find that only approximate fixed-point convergence suffices, enabling the design of a scalable training curriculum that largely retains parallelization",2025-02,2026-10-01,Medium,ICML 2025; implicit 1.3B Mamba2 / Llama3
R2-088,DEQ,Implicit LMs show superior state tracking on regular languages vs transformers and SSMs,,,AUTHOR-CLAIM,https://arxiv.org/abs/2502.07827,Abstract,"Our approach demonstrates superior state-tracking capabilities on regular languages, surpassing transformers and SSMs.",2025-02,2026-10-01,Medium,Depth-recurrent implicit model beats fixed-depth on state tracking
R2-089,LOOP,"SMELT: looping MoE middle layers twice with per-token FLOPs, total params and KV cache all matched saves 6.8-18.0% training FLOPs on compute-optimal frontier",6.8,% training FLOPs saved (6.8-18.0),REPORTED,https://arxiv.org/abs/2609.01343,Abstract,"SMELT’s loss drops faster with compute, saving 6.8–18.0% of training FLOPs on the compute-optimal frontier.",2026-09,2026-10-01,Medium,"Matched on params AND per-token FLOPs AND KV cache (strictest matching found). Gain is modest, needs width/expert re-balancing"
R2-090,LOOP,"SMELT: most prior looping work compares at matched params only, conflating architecture advantage with extra FLOPs",,,AUTHOR-CLAIM,https://arxiv.org/abs/2609.01343,§1 / §2 related work,"Most other works above compare looped models against parameter-matched baselines, so the reported gains conflate architectural advantage with the extra FLOPs that repetition spends",2026-09,2026-10-01,High,Methodological critique directly relevant to PREREG matched-FLOP rule
R2-091,LOOP,SMELT: looping a 12-layer model to 24 executed layers halves weights but costs a 24-layer model per-token FLOPs and full KV cache,24,executed layers,AUTHOR-CLAIM,https://arxiv.org/abs/2609.01343,§1 Introduction,"looping a 12-layer model to 24 executed layers stores half the weights, yet spends roughly a 24-layer model’s per-token FLOPs and needs its full KV cache.",2026-09,2026-10-01,High,Cost reality of weight sharing
R2-092,LOOP,"Parcae: existing looped training recipes are unstable (residual explosion, loss spikes) due to large spectral norm of injection parameters",,,REPORTED,https://arxiv.org/abs/2604.12946,Abstract,"existing recipes for training looped architectures can be unstable, suffering from residual explosion and loss spikes.",2026-04,2026-10-01,High,"Stability fix: negative diagonal (ZOH-discretised) parameterisation of A, spectral norm < 1"
R2-093,LOOP,Parcae 1.3B/100B tokens outperforms parameter-matched Transformers by up to 2.99 (Core) and 1.18 (Core-Extended) points,2.99,points Core,REPORTED,https://arxiv.org/abs/2604.12946,§1 contributions,"Parcae outperforms parameter-matched Transformers by up to 2.99 and 1.18 points on Core and Core-Extended [45] benchmarks, respectively — matching Transformers up to twice the size.",2026-04,2026-10-01,Medium,Parameter-matched (and data-matched); NOT FLOP-matched — looped model spends more FLOPs
R2-094,LOOP,Parcae 770M reaches quality comparable to a 1.3B Transformer on Core with ~half the parameters,770,million parameters,REPORTED,https://arxiv.org/abs/2604.12946,§5 results,We find that our 770M Parcae model achieves quality comparable to the 1.3B Transformer on Core [45] with roughly half the parameters.,2026-04,2026-10-01,Medium,Param-efficiency claim; unmatched FLOPs
R2-095,LOOP,Parcae: test-time looping follows a saturating exponential decay L(T)=L_inf + Z e^{-zT},,,REPORTED,https://arxiv.org/abs/2604.12946,§6 test-time scaling,We find that the test-time scaling curves are well-described by a saturating exponential decay of the form: L(T ) = L∞ + Ze−z·T .,2026-04,2026-10-01,High,"Diminishing returns from extra test-time iterations (saturation, not divergence, when stabilised)"
R2-096,LOOP,Parcae: looping is an orthogonal scaling axis in a parameter-matched isoFLOP study (compute-optimal increases recurrence and data together),,,REPORTED,https://arxiv.org/abs/2604.12946,§1 / §5 scaling laws,"We find that looping introduces an orthogonal scaling axis, similar to parameters and data.",2026-04,2026-10-01,Medium,"isoFLOP, parameter-matched"
R2-097,LOOP,"Scaling-exponent study: for single-epoch compute-optimal pretraining, untied weights reach the same loss with less compute than tied",,,REPORTED,https://arxiv.org/abs/2609.19107,§4.2 / recommendations,"For single-epoch, compute-optimal pretraining, we recommend untied weights when memory is not a constraint: the untied variants reach the same loss with less compute than their tied counterparts",2026-09,2026-10-01,High,FLOP-matched: weight sharing NOT compute-optimal on fresh data. NEGATIVE for sharing
R2-098,LOOP,"Scaling-exponent study: in data-constrained multi-epoch training, scaling loops beats scaling parameters (tying regularises)",,,REPORTED,https://arxiv.org/abs/2609.19107,§5,"in the data-constrained regime, where we find that scaling the number of loops is preferable to scaling parameters.",2026-09,2026-10-01,High,"Weight sharing helps when data, not compute, is the limit — consistent with TRM small-data result"
R2-099,LOOP,Retrofit recurrent depth: recurrent model beats verbal CoT baseline 84% vs 72% and retains 53% vs 2.5% beyond depth 10,84,% accuracy,REPORTED,https://arxiv.org/abs/2608.11233,Abstract,"The recurrent model won overall, 84% versus 72%, retained 53% versus 2.5% beyond depth 10, and answered 7.6 times faster in fewer output tokens.",2026-07,2026-10-01,Low,Single-author preprint; synthetic task; baseline matching per paper (verbal reasoning variant)
R2-100,LOOP,"Retrofit recurrent depth extrapolates only ~1.5x its supervised depth, with a measured tail ceiling rather than indefinite extrapolation",1.5,x supervised depth,REPORTED,https://arxiv.org/abs/2608.11233,Abstract,"Second, the operation extrapolates to roughly 1.5 times its supervised depth, holding 70% accuracy through depth 18.",2026-07,2026-10-01,Low,Bounded extrapolation
R2-101,LOOP,"Loop, Think & Generalize: recurrent-depth transformers achieve systematic generalization and depth extrapolation (5-hop train -> 10-hop) where vanilla fail",10,hops,REPORTED,https://arxiv.org/abs/2604.07822,Abstract,"depth extrapolation, i.e. generalizing from limited reasoning depth (e.g. training on up to 5-hop) to deeper compositions (e.g. 10-hop).",2026-04,2026-10-01,Medium,COLM 2026; baseline vanilla transformer; matching per paper not stated in quote
R2-102,LOOP,"Loop, Think & Generalize: generalization beyond training depth unlocked by scaling inference-time recurrence",,,AUTHOR-CLAIM,https://arxiv.org/abs/2604.07822,Abstract,"For depth extrapolation, we show that generalization beyond training depth can be unlocked by scaling inference-time recurrence, with more iterations enabling deeper reasoning.",2026-04,2026-10-01,Medium,Positive extrapolation evidence on knowledge composition
R2-103,LOOP,Beyond Depth Truncation: naive truncation substantially overestimates the contribution of recurrent depth,1.4251,nats,REPORTED,https://arxiv.org/abs/2609.19934,§1 / Figure 1,"On a 542.8M parameter recurrent model trained for mathematical reasoning, naive truncation attributes a reduction of 1.4251 nats to latent depth.",2026-09,2026-10-01,Medium,Instrument critique: depth-truncation evaluation conflates factors; true depth contribution smaller
R2-104,LOOP,"Think Shallow, Solve Deep: settling operators do not degrade with added depth; Sudoku 0.19 -> 0.34 past training horizon",0.34,accuracy,REPORTED,https://arxiv.org/abs/2608.18222,Abstract,"settling operators do not degrade with added depth, and on some tasks convert it into higher accuracy on harder unseen instances (Sudoku, 0.19 to 0.34 past the training horizon).",2026-08,2026-10-01,Medium,"Same model, more iterations; extrapolation gain modest"
R2-105,LOOP,"Think Shallow, Solve Deep: TRM scores 0.00 on Sudoku without ~1000-fold augmentation; Huginn extra recurrence gives marginal gains that plateau",0.00,accuracy,REPORTED,https://arxiv.org/abs/2608.18222,§1 Introduction,"Yet the Tiny Recursive Model (Jolicoeur-Martineau 2025) solves Sudoku only after ∼1000-fold augmentation (without it, the same recurrence scores 0.00 under our protocol)",2026-08,2026-10-01,Medium,Replication under their protocol (800 unaugmented examples/tier). NEGATIVE: TRM gains depend on augmentation
R2-106,LOOP,"Think Shallow, Solve Deep: Huginn-3.5B falls in the non-settling family; label-free objective repairs depth-safety (digit copying 0.00->1.00)",1.00,accuracy,REPORTED,https://arxiv.org/abs/2608.18222,Abstract / §7,a label-free objective derived from the same taxonomy repairs its depth-safety (digit copying 0.00→1.00) without installing conversion.,2026-08,2026-10-01,Medium,Huginn extra iterations not reliably safe
R2-107,LOOP,"Think Shallow, Solve Deep: removing the terminal fixed-point objective turns settling into drift with architecture unchanged",,,REPORTED,https://arxiv.org/abs/2608.18222,§5.4,"the terminal fixed-point objective, removed, turns settling into drift and removes conversion or safety with the architecture unchanged",2026-08,2026-10-01,High,"Training objective, not architecture, determines whether more iterations help"
R2-108,HALT,Per-token convergence in 135M depth-recurrent LM: KL between successive outputs falls 3.9e-1 -> 8.5e-6 from loop 2 to 16,8.5,x10^-6 KL,REPORTED,https://arxiv.org/abs/2607.14427,Abstract,mean successive-output KL divergence falls from 3.9 × 10−1 at the second loop to 8.5 × 10−6 by the sixteenth,2026-07,2026-10-01,Low,Single-author preprint
R2-109,HALT,Training-free convergence exit matches uniform depth-8 quality at 4.94 avg loops (38% lower depth); trained linear router gives no reduction,4.94,average loops,REPORTED,https://arxiv.org/abs/2607.14427,Abstract,A training-free convergence exit attains uniform depth-8 quality at 4.94 average loops (38 percent lower average depth),2026-07,2026-10-01,Low,"Compute-saving halting without accuracy loss, but learned router fails; single small model"
R2-110,LOOP,"Depth-recurrent transformer for compositional generalisation: stable for 20+ steps via LayerScale, final-output-only loss and identity-biased gate (bias -2.0)",2.0,gate bias (negative),DESIGN,https://arxiv.org/abs/2603.21676,§3 / §5.3,"we use a gated recurrence with the gate bias initialized to −2.0, strongly biased toward preserving the previous hidden state.",2026-03,2026-10-01,Medium,Stability fix recipe
R2-111,LOOP,Adaptive loops + memory banks: looping mainly helps math; memory banks recover commonsense vs parameter- and FLOP-matched models,,,REPORTED,https://arxiv.org/abs/2603.08391,Abstract,"We find that looping primarily benefits mathematical reasoning, while memory banks help recover performance on commonsense tasks compared to parameter and FLOP matched models.",2026-03,2026-10-01,Medium,Both iso-param and iso-FLOP (3x layers) baselines; ICLR 2026 workshop. Supports compute vs storage separation
R2-112,LOOP,Adaptive loops + memory: combined model beats an iso-FLOP baseline with 3x layers on math benchmarks,,,REPORTED,https://arxiv.org/abs/2603.08391,Abstract,Combining both mechanisms yields a model that outperforms an iso-FLOP baseline—with three times the number of layers—on math benchmarks.,2026-03,2026-10-01,Medium,FLOP-matched; math only
R2-113,LOOP,UT needs memory tokens on Sudoku-Extreme: no config without them reaches non-trivial performance; plateau 57.4% exact match with 8-32 tokens,57.4,% exact match,REPORTED,https://arxiv.org/abs/2604.21999,Abstract,"followed by a stable plateau (T =8–32, 57.4% ± 0.7% exact-match) and a dilution boundary at T =64.",2026-04,2026-10-01,Medium,Single-block UT with ACT; weight-shared block alone insufficient without scratchpad state
R2-114,HALT,UT+ACT on Sudoku: ACT gives order of magnitude lower seed variance than fixed depth (±0.7 vs ±9.3 pp); λ warmup recovers 34% compute at matched accuracy,34,% compute recovered,REPORTED,https://arxiv.org/abs/2604.21999,Abstract,ACT yields an order of magnitude lower seed variance than fixed-depth processing (±0.7 vs ±9.3 pp); λ warmup recovers 34% of compute at matched accuracy,2026-04,2026-10-01,Medium,Halting saves compute at matched accuracy in this setting
R2-115,LOOP,Adaptive looped post-training: Ouro and Huginn looped variants have steeper accuracy-compute slopes but remain less accurate than non-looped Standard at matched compute,,,REPORTED,https://arxiv.org/abs/2609.35748,§1 / Figure 1a,"yield steeper scaling slopes than Standard (2.12, 2.27 and 2.26 versus 1.79), yet remain less accurate over the overlapping compute range",2026-09,2026-10-01,High,"Same checkpoint + data, matched test-time compute. NEGATIVE for looping at matched FLOPs"
R2-116,LOOP,"TaH2 (adaptive looped post-training) improves AIME accuracy-compute slope 53% over non-looped baseline, +3.4 points at matched test-time compute",53,% slope improvement,REPORTED,https://arxiv.org/abs/2609.35748,Abstract,"TaH2 improves the accuracy–compute slope by 53% (2.74 vs. 1.79) over the non-looped baseline, exceeding the baseline’s peak accuracy by about 3.4 points at matched test-time compute.",2026-09,2026-10-01,Medium,FLOP-matched test-time compute; 1.7B
R2-117,HALT,Ouro adaptive exit gate improves compute efficiency but not enough to surpass the non-looped Standard model,,,REPORTED,https://arxiv.org/abs/2609.35748,§1,"Ouro’s adaptive exit gate improves compute efficiency, but not enough to surpass Standard.",2026-09,2026-10-01,High,Matched compute; learned halting insufficient
R2-118,LOOP,"LoopFormer: prior looped models fix iteration count, spending the same budget as iso-FLOP baselines and forfeiting flexible compute",,,AUTHOR-CLAIM,https://arxiv.org/abs/2602.11451,§1 Introduction,"In practice, this means looped models spend the same budget as non-looped iso-FLOP baselines, forfeiting one of their key motivations: flexible compute.",2026-02,2026-10-01,Medium,ICLR 2026
R2-119,ROUTE,Expert Tying (sharing MoE experts across consecutive layers) cuts memory almost 2x with virtually no perplexity or downstream degradation,2,x memory reduction,REPORTED,https://arxiv.org/abs/2606.16825,Abstract,tying experts can reduce memory footprint by almost 2× at virtually no degradation in perplexity or downstream quality.,2026-06,2026-10-01,Medium,Parameter sharing across depth for sparse experts; compute unchanged
R2-120,ROUTE,Expert Tying ablation: tying the router barely affects loss; tying attention costs an order of magnitude more,,,REPORTED,https://arxiv.org/abs/2606.16825,§3 component ablation,"tying the router across consecutive layers barely affects loss, while tying attention costs an order of magnitude more.",2026-06,2026-10-01,Medium,Attention is what keeps depth-shared layers distinct
R2-121,DEQ,DEQ: finding the equilibrium by root-finding is equivalent to an infinite-depth weight-tied network; backprop by implicit differentiation,,,DESIGN,https://arxiv.org/abs/1909.01377,Abstract,"Such a method is equivalent to running an infinite depth (weight-tied) feedforward network, but has the notable advantage that we can analytically backpropagate through the equilibrium point using implicit differentiation.",2019-09,2026-10-01,High,DEQ = limit of looped transformer with input injection
R2-122,DEQ,"DEQ on WikiText-103: up to 88% memory reduction, performance similar to SOTA at similar parameter counts",88,% memory reduction,REPORTED,https://arxiv.org/abs/1909.01377,Abstract,"vastly reduce memory consumption (often the bottleneck for training large sequence models), demonstrating an up-to 88% memory reduction in our experiments.",2019-09,2026-10-01,Medium,Baseline: Transformer-XL / TrellisNet at similar parameter counts (param-matched); not FLOP-matched
R2-123,DEQ,"DEQ solved with Broyden quasi-Newton iterations, stopped at tolerance or max iterations",,,DESIGN,https://arxiv.org/abs/1909.01377,§3.1.2,the Broyden iterations are stopped when either the norm of gθ falls below a tolerance ε or when the maximum number of iterations is reached.,2019-09,2026-10-01,High,Fixed-point solver = convergence-based halting
R2-124,DEQ,"MDEQ reaches 77.5% ImageNet top-1, outperforming ResNet-101-class baselines with similar parameter counts",77.5,% top-1,REPORTED,https://arxiv.org/abs/2006.08656,Abstract / §5,"On ImageNet classification, MDEQs outperform baseline ResNets (e.g., ResNet-101) with similar parameter counts, reaching 77.5% top-1 accuracy.",2020-06,2026-10-01,Medium,Param-matched; MDEQs slower (not FLOP/time matched)
R2-125,DEQ,MDEQs are generally slower than explicit networks,,,AUTHOR-CLAIM,https://arxiv.org/abs/2006.08656,§6 / limitations,"Meanwhile, MDEQs are generally slower than explicit networks.",2020-06,2026-10-01,High,GPU cost of fixed-point solving
R2-126,DEQ,"DEQs are slower, brittle to architectural choices and potentially unstable",,,AUTHOR-CLAIM,https://arxiv.org/abs/2106.14342,Abstract,"Yet they are also slower, brittle to architectural choices, and introduce potential instability to the model.",2021-06,2026-10-01,High,From DEQ authors themselves
R2-127,DEQ,"Unregularised DEQ: iterations to reach equilibrium grow quickly during training, a trend toward instability",,,REPORTED,https://arxiv.org/abs/2106.14342,§3.2,"the number of iterations required to solve for the equilibrium quickly grows over the course of training, indicating a trend for approaching instability.",2021-06,2026-10-01,High,Solver cost drift (same as NFE growth in Neural ODEs)
R2-128,DEQ,DEQ-Transformer is ~3x slower than Transformer-XL; MDEQ >4x slower than ResNet-101 on ImageNet,3,x slower,REPORTED,https://arxiv.org/abs/2106.14342,§3.2,"a DEQ-Transformer (Bai et al., 2019) is about 3× slower than a deep Transformer-XL (Dai et al., 2019); a multiscale DEQ (Bai et al., 2020) is over 4× slower than ResNet-101 on ImageNet.",2021-06,2026-10-01,High,Comparable model sizes and training steps (param-matched); wall-clock cost
R2-129,DEQ,Jacobian regularisation cuts DEQ-Transformer training time from 3.1x to 1.5x of Transformer-XL,1.5,x relative training time,REPORTED,https://arxiv.org/abs/2106.14342,§5 / Table (WikiText-103),"Using the Transformer-XL as a time benchmark (1×), the speed of a DEQ-Transformer is significantly accelerated: training time goes from 3.1× to 1.5×.",2021-06,2026-10-01,High,Still 1.5x slower than explicit baseline after fix; param-matched (98M)
R2-130,DEQ,Weight decay alone does not fix DEQ instability,,,REPORTED,https://arxiv.org/abs/2106.14342,§5.5,simply resorting to weight decay doesn’t fix the instability of DEQs (see Section 5.5).,2021-06,2026-10-01,High,
R2-131,DEQ,Phantom gradients (damped unrolling / Neumann) accelerate implicit model backward passes ~1.7x and can beat exact implicit gradients on ImageNet,1.7,x backward acceleration,REPORTED,https://arxiv.org/abs/2111.05177,Abstract,"these lightweight phantom gradients significantly accelerate the backward passes in training implicit models by roughly 1.7×, and even boost the performance over approaches based on the exact gradient on ImageNet.",2021-11,2026-10-01,Medium,Inexact unrolled gradient >= exact IFT gradient: DEQ vs unrolling difference small
R2-132,DEQ,Path independence (convergence to same steady state from any init) strongly correlates with upward generalization on harder instances,,,REPORTED,https://arxiv.org/abs/2211.09961,Abstract,stronger performance on harder examples (which require more iterations of inference to get correct) strongly correlates with the path independence of the system,2022-11,2026-10-01,High,NeurIPS 2022; condition for useful extra iterations
R2-133,DEQ,Interventions promoting path independence improve harder-instance generalization; penalising it degrades it,,,REPORTED,https://arxiv.org/abs/2211.09961,Abstract,"Experimental interventions made to promote path independence result in improved generalization on harder problem instances, while those that penalize it degrade this ability.",2022-11,2026-10-01,High,Causal-intervention evidence
R2-134,DEQ,Continuous DEQ (infinite-time Neural ODE) reduces training cost vs standard Neural ODE by 2-4x,2,x (2-4x) training cost reduction,REPORTED,https://arxiv.org/abs/2201.12240,Abstract,"we increase the “implicitness” of the DEQ by redefining the method in terms of an infinite time neural ODE, which paradoxically decreases the training cost over a standard neural ODE by 2 −4 ×.",2022-01,2026-10-01,Medium,
R2-135,DEQ,LyaDEQ: Lyapunov-stable fixed points for provable stability and adversarial robustness,,,AUTHOR-CLAIM,https://arxiv.org/abs/2304.12707,Abstract,we propose a robust DEQ model named LyaDEQ with guaranteed provable stability via Lyapunov theory.,2023-04,2026-10-01,Medium,
R2-136,ODE,"Neural ODEs: constant memory in depth via adjoint, adaptive evaluation per input, precision/speed trade-off",,,DESIGN,https://arxiv.org/abs/1806.07366,Abstract,"These continuous-depth models have constant memory cost, adapt their evaluation strategy to each input, and can explicitly trade numerical precision for speed.",2018-06,2026-10-01,High,
R2-137,ODE,Neural ODE number of function evaluations increases throughout training,,,REPORTED,https://arxiv.org/abs/1806.07366,"§3, Figure 3d","Figure 3d shows that he number of function evaluations increases throughout training, presumably adapting to increasing complexity of the model.",2018-06,2026-10-01,High,Cost drift; quote verbatim incl. typo
R2-138,ODE,Training neural ODEs on large datasets intractable without regularisation: dynamics equivalent to hundreds or thousands of layers,,,AUTHOR-CLAIM,https://arxiv.org/abs/2002.02798,Abstract,In practice this leads to dynamics equivalent to many hundreds or even thousands of layers.,2020-02,2026-10-01,High,Fix: kinetic + Jacobian regularisation
R2-139,ODE,"Neural ODEs preserve input-space topology, so there exist simple functions they cannot represent (trajectories cannot cross)",,,THEOREM,https://arxiv.org/abs/1904.01681,Abstract / §3,We show that Neural Ordinary Differential Equations (ODEs) learn representations that preserve the topology of the input space and prove that this implies the existence of functions Neural ODEs cannot represent.,2019-04,2026-10-01,High,Fix: augmented state dimensions
R2-140,ODE,Regularising higher-order derivatives (Taylor-mode) trades accuracy for solver cost; method itself 1.7x slower on MNIST but lower test NFE,1.7,x slower training,REPORTED,https://arxiv.org/abs/2007.04504,§6.3,"For objectives where these cannot be re-used, like MNIST classification, our method is 1.7× slower, but achieves better test-time NFE.",2020-07,2026-10-01,Medium,Baseline: Finlay et al. RNODE
R2-141,ODE,STEER: randomly sampling ODE end time during training reduces training time and can improve performance,,,AUTHOR-CLAIM,https://arxiv.org/abs/2006.10711,Abstract,we propose a new regularization technique: randomly sampling the end time of the ODE during training.,2020-06,2026-10-01,Medium,Analogous to sampling recurrence count in Huginn
R2-142,HALT,ACT: halting time penalty must be hand-chosen and behaviour is quite sensitive to its value,,,AUTHOR-CLAIM,https://arxiv.org/abs/1603.08983,§ conclusion / experiments,"One weakness is that the numerical weight assigned to the time cost has to be hand-chosen, and the behaviour of the network is quite sensitive to its value.",2016-03,2026-10-01,High,Halting stability problem from the original paper
R2-143,HALT,"ACT gives dramatic gains on synthetic tasks (parity, logic, addition, sorting) but not large gains on character-level LM",,,REPORTED,https://arxiv.org/abs/1603.08983,Abstract,In this case ACT does not yield large gains in performance; however it does provide intriguing insight into the structure of the data,2016-03,2026-10-01,High,Negative on real LM data
R2-144,HALT,"PonderNet authors: ACT is notably unstable, hyperparameter-sensitive, with biased gradient for compute cost",,,AUTHOR-CLAIM,https://arxiv.org/abs/2107.05407,§1 Introduction,Unfortunately ACT is notably unstable and,2021-07,2026-10-01,Medium,"Quote split by footnote in source; continues ""sensitive to the choice of a hyper-parameter"""
R2-145,HALT,PonderNet: halting as geometric-like distribution with KL to a geometric prior; unbiased gradient; extrapolation on parity,,,DESIGN,https://arxiv.org/abs/2107.05407,§2,"LReg is the KL divergence between the distribution of halting probabilities pn and the prior (a geometric distribution truncated at N, parameterized by λp ).",2021-07,2026-10-01,High,
R2-146,HALT,PonderNet claims dramatic improvement over prior adaptive computation and success at extrapolation tests,,,AUTHOR-CLAIM,https://arxiv.org/abs/2107.05407,Abstract,PonderNet dramatically improves performance over previous adaptive computation methods and additionally succeeds at extrapolation tests where traditional neural networks fail.,2021-07,2026-10-01,Medium,ICML AutoML workshop paper
R2-147,HALT,"CALM: oracle analysis shows compute could be saved by up to 5.2x while preserving performance, given a good confidence measure",5.2,x compute saving (oracle),REPORTED,https://arxiv.org/abs/2207.07061,§3 oracle analysis,"there is remarkable potential for saving compute—by up to ×5.2—while preserving performance, given a good confidence measure.",2022-07,2026-10-01,Medium,"Oracle upper bound, not achieved speedup; early exit in fixed-depth T5"
R2-148,HALT,LayerSkip: layer dropout + shared early-exit loss + self-speculative decoding gives 1.34x-2.16x speedups,2.16,x speedup,REPORTED,https://arxiv.org/abs/2404.16710,Abstract / §1,The solution achieves speedups between 1.34× and 2.16× depending on the task.,2024-04,2026-10-01,Medium,Wall-clock on fixed-depth LLMs; accuracy preserved via verification
R2-149,HALT,RecurTrace: ACT and PonderNet collapse to one loop on a looped pretrained Qwen3; CALM 54.1% at 5.6 loops,54.1,% MathQA,REPORTED,https://arxiv.org/abs/2609.03379,§ results / Figure 1,"By comparison, ACT and PonderNet collapse to one loop, and CALM reaches only 54.1% with 5.6 loops",2026-09,2026-10-01,Medium,"1.7B, 3 training x 8 eval seeds; baseline: best fixed depth 54.71%. NEGATIVE for classic halting"
R2-150,HALT,RecurTrace (memory + oracle-supervised halting head) reaches 56.92% at ~2 loops vs best fixed depth 54.71%,56.92,% MathQA,REPORTED,https://arxiv.org/abs/2609.03379,Figure 1 caption,"RecurTrace reaches 56.92% at ∼2 loops, 1.25 points above TaH-Mismatch.",2026-09,2026-10-01,Medium,Fixed-depth best at 2 loops: little iteration headroom on this task
R2-151,HALT,"RecurTrace: on a looped pretrained model a loop penalty halts too early, a confidence threshold too late",,,REPORTED,https://arxiv.org/abs/2609.03379,§1,"On a pretrained model whose block is looped, a penalty on extra loops makes halting stop too early, and a confidence threshold makes it stop too late.",2026-09,2026-10-01,High,Halting failure modes
R2-152,HALT,Diagnosing halting gates: simple post-hoc confidence readouts often match or beat learned linear/MLP halting gates (synthetic + Ouro),,,REPORTED,https://arxiv.org/abs/2607.20519,Abstract,simple post-hoc confidence readouts often match or outperform learned linear and MLP gates.,2026-07,2026-10-01,Medium,Learned halting not necessary; trajectory shaping matters
R2-153,HALT,AdaPonderLM: token-wise monotonic halting with KV reuse reduces inference compute ~10% at comparable perplexity,10,% inference compute reduction,REPORTED,https://arxiv.org/abs/2603.01914,Abstract,AdaPonderLM reduces inference compute at about 10% while maintaining comparable language modeling perplexity and competitive downstream accuracy.,2026-03,2026-10-01,Medium,Baseline: PonderLM (looped Pythia) which uses ~4x vanilla FLOPs; saving is relative to looped not vanilla
R2-154,HALT,AdaPonderLM experiments run at ~4x inference FLOPs vs vanilla Pythia backbone,4,x inference FLOPs,REPORTED,https://arxiv.org/abs/2603.01914,§ experiments,All experiments are conducted with Pythia-70M and Pythia-410M suit and with approximately 4× inference flops compared with vanilla Pythia backbone.,2026-03,2026-10-01,High,Cost context
R2-155,HALT,Learning to Stop Overthinking: more test-time computation can lead to worse results,,,AUTHOR-CLAIM,https://arxiv.org/abs/2502.10954,Abstract,Excessive test time computation is wasteful and can cause the “overthinking” problem where more test time computation leads to worse results.,2025-02,2026-10-01,Medium,
R2-156,LOOP,"Deep Thinking: recurrent nets degenerate when many iterations are applied (""overthinking""); fixed with recall (input re-injection) and progressive training",,,REPORTED,https://arxiv.org/abs/2202.05826,Abstract,"We observe that this approach fails to scale to highly complex problems because behavior degenerates when many iterations are applied – an issue we refer to as ""overthinking.""",2022-02,2026-10-01,High,NeurIPS 2022
R2-157,LOOP,DT-Recall trained on 9x9 mazes solves 59x59 and 201x201 mazes by running longer,201,maze side length,REPORTED,https://arxiv.org/abs/2202.05826,Figure 1 caption,"A ‘thinking’ network trained on 9 × 9 mazes and their solutions (left) autonomously synthesizes a scalable algorithm. By running this algorithm for longer, it reliably solves problems of size 59 × 59 (middle), 201 × 201 (right)",2022-02,2026-10-01,High,Strong extrapolation with weight-shared conv recurrence; standard architectures fail
R2-158,LOOP,Schwarzschild: recurrent nets improve with more iterations without new params and beat feed-forward nets of comparable depth on harder problems,,,REPORTED,https://arxiv.org/abs/2106.04537,§1,"we find recurrent models tested with a sufficient number of extra iterations outperform the inflexible feed-forward models of comparable depth, often by a wide margin.",2021-06,2026-10-01,High,"Training: same effective depth; only difference = weight sharing (param count differs). Prefix sums, mazes, chess"
R2-159,LOOP,Schwarzschild: only training difference between feed-forward and recurrent model of same effective depth is weight sharing,,,DESIGN,https://arxiv.org/abs/2106.04537,§3 methods,the only difference during training between a feed-forward and recurrent model of the same effective depth is that the weights are shared between the residual blocks in the recurrent models.,2021-06,2026-10-01,High,Training-FLOP matched comparison design
R2-160,ROUTE,Sparsely-gated MoE: >1000x capacity increase with minor efficiency loss; trainable top-k gating,1000,x model capacity,REPORTED,https://arxiv.org/abs/1701.06538,Abstract,achieving greater than 1000x improvements in model capacity with only minor losses in computational efficiency on modern GPU clusters.,2017-01,2026-10-01,Medium,"Capacity = parameters (storage), not compute per parameter"
R2-161,ROUTE,MoE gating tends to collapse onto the same few experts without balancing losses,,,REPORTED,https://arxiv.org/abs/1701.06538,§4 Balancing expert utilization,We have observed that the gating network tends to converge to a state where it always produces large weights for the same few experts.,2017-01,2026-10-01,High,Router collapse; fix = importance/load losses + noise
R2-162,ROUTE,"Switch Transformer: MoE adoption hindered by complexity, communication cost, training instability",,,AUTHOR-CLAIM,https://arxiv.org/abs/2101.03961,Abstract,"despite several notable successes of MoE, widespread adoption has been hindered by complexity, communication costs, and training instability.",2021-01,2026-10-01,High,
R2-163,ROUTE,Switch: up to 7x pre-training speedup over T5 at same compute,7,x pre-training speed,REPORTED,https://arxiv.org/abs/2101.03961,Abstract,to obtain up to 7x increases in pre-training speed with the same computational resources.,2021-01,2026-10-01,Medium,FLOP-matched per token (not param-matched; Switch has far more params)
R2-164,ROUTE,Switch: expert capacity factor fixes per-expert batch size; overflow tokens are dropped,,,DESIGN,https://arxiv.org/abs/2101.03961,"§2.2, Figure 3",Expert Capacity: Batch size of each expert.,2021-01,2026-10-01,High,Static shapes on accelerators require capacity/padding/dropping
R2-165,ROUTE,ST-MoE: router z-loss resolves training instabilities while slightly improving quality,,,AUTHOR-CLAIM,https://arxiv.org/abs/2202.08906,§1 contributions,"An introduction of the router z-loss that resolves instability issues, while slightly improving model quality.",2022-02,2026-10-01,High,Instability = loss divergence in sparse models
R2-166,ROUTE,Expert-choice routing (experts pick top-k tokens) improves training convergence >2x vs Switch top-1 / GShard top-2,2,x convergence speedup,REPORTED,https://arxiv.org/abs/2202.09368,Abstract,find that our method improves training convergence time by more than 2×.,2022-02,2026-10-01,Medium,Same compute; fixes load imbalance; non-causal for decoding
R2-167,ROUTE,Token-choice routing often gives poor load balancing across experts,,,REPORTED,https://arxiv.org/abs/2202.09368,§3.1,Load Imbalance: Token-choice routing often lead to poor load balancing across experts.,2022-02,2026-10-01,High,
R2-168,ROUTE,Auxiliary-loss-free balancing: large auxiliary losses add interference gradients that impair performance; per-expert bias update instead,,,AUTHOR-CLAIM,https://arxiv.org/abs/2408.15664,Abstract,a large auxiliary loss will introduce non-negligible interference gradients into training and thus impair the model performance.,2024-08,2026-10-01,High,DeepSeek; fix used in later MoEs
R2-169,GPU,MegaBlocks: standard MoE forces choice between dropping tokens and wasting compute/memory on padding,,,AUTHOR-CLAIM,https://arxiv.org/abs/2211.15841,Abstract,users must choose between dropping tokens from the computation or wasting computation and memory on padding.,2022-11,2026-10-01,High,GPU cost of dynamic top-k routing
R2-170,GPU,MegaBlocks block-sparse kernels never drop tokens; up to 40% speedup over MoE frameworks and 2.4x over DNN frameworks,40,% end-to-end training speedup,REPORTED,https://arxiv.org/abs/2211.15841,Abstract,"enabling end-to-end training speedups of up to 40% and 2.4× over state-of-the-art frameworks for MoE and DNN training, respectively.",2022-11,2026-10-01,Medium,Baselines: Tutel (MoE) and Megatron-LM dense
R2-171,GPU,Tutel: adaptive parallelism and kernels give up to 5.75x single MoE-layer speedup on 2048 A100s,5.75,x MoE-layer speedup,REPORTED,https://arxiv.org/abs/2206.03382,Abstract / §5,"T UTEL finally delivers 4.96× and 5.75× speedup of a single MoE layer over 16 and 2,048 A100 GPUs, respectively, over the previous state-of-the-art.",2022-06,2026-10-01,Medium,Shows naive routing implementations are far from hardware-efficient
R2-172,GPU,Megatron Core: unoptimized all-to-all for expert dispatch can consume up to 60% of training time (DeepSeek-V3-like),60,% of training time,REPORTED,https://arxiv.org/abs/2603.07685,§2 / communication,"In architectures like DeepSeek-V3, where experts span multiple nodes, unoptimized all-to-all can consume up to 60% of total training time.",2026-03,2026-10-01,Medium,NVIDIA technical report; routing communication cost
R2-173,GPU,TritonMoE: grouped GEMM in Triton reaches 89-131% of CUDA MegaBlocks throughput at <=512 tokens; MegaBlocks wins at 2048+,131,% of MegaBlocks throughput,REPORTED,https://arxiv.org/abs/2605.23911,Abstract / §4,"On an NVIDIA A100, TritonMoE achieves 89–131% of the throughput of the CUDA-optimized Megablocks at inference batch sizes (≤512 tokens)",2026-05,2026-10-01,Low,Single-author preprint; shows Triton viable for top-k dispatch
R2-174,GPU,TritonMoE: PyTorch reference with 24 cuBLAS launches 55.18 ms vs fused Triton grouped GEMM 3.11 ms (17.7x),17.7,x speedup,REPORTED,https://arxiv.org/abs/2605.23911,Table 4 (fusion ablation),(a) PyTorch reference (24 cuBLAS launches) (b) Triton unfused (3 grouped GEMMs) (c) Triton fused gate+up 55.18 3.59 3.11 1.0× 15.4× 17.7×,2026-05,2026-10-01,Low,Naive per-expert loops are GPU-hostile; kernel engineering required
R2-175,ROUTE,Mixture-of-Depths: top-k token routing with fixed k keeps a static computation graph with known tensor sizes,,,DESIGN,https://arxiv.org/abs/2404.02258,§1 / §3,"Since k is defined a priori, this simple procedure uses a static computation graph with known tensor sizes, unlike other conditional computation techniques.",2024-04,2026-10-01,High,Hardware-friendly routing design principle
R2-176,ROUTE,MoD improves vanilla transformer by up to 1.5% on training objective at isoFLOP and equal wall-clock,1.5,% log-prob objective,REPORTED,https://arxiv.org/abs/2404.02258,§1,one can train an MoD transformer that improves upon vanilla transformers by as much as 1.5% on the final log probability training objective for equivalent training FLOPs (isoFLOP),2024-04,2026-10-01,Medium,FLOP-matched and wall-clock matched
R2-177,ROUTE,"MoD: top-k routing is non-causal, a problem for autoregressive sampling (needs auxiliary predictor)",,,DESIGN,https://arxiv.org/abs/2404.02258,§2 related / §3.5,the problem of efficient sequential decoding given the non-causal nature of the top-k operation.,2024-04,2026-10-01,High,Same issue in MoR expert-choice
R2-178,ROUTE,"All Routes Lead to Collapse: same concentration/collapse/norm-stratification signature in softmax attention, graph attention, SSMs, recurrent mixers and depth routers",,,AUTHOR-CLAIM,https://arxiv.org/abs/2606.22325,Abstract,"We test it on routers that score and aggregate over different axes: softmax attention over tokens (nine pretrained transformers), graph attention over nodes, a selective state-space model and a recurrent mixer over time",2026-06,2026-10-01,Low,Single-author preprint; implies learned graph routing inherits attention pathologies
R2-179,LOOP,Sparse Universal Transformer: scaling UT parameters is much more compute and memory intensive than scaling a vanilla transformer,,,AUTHOR-CLAIM,https://arxiv.org/abs/2310.07096,Abstract,"Despite its many advantages, scaling UT parameters is much more compute and memory intensive than scaling up a VT.",2023-10,2026-10-01,High,EMNLP 2023
R2-180,ROUTE,SUT (UT + sparse MoE + stick-breaking halting) matches baselines with half the computation and parameters on WMT14; halting cuts inference compute ~50%,50,% inference computation reduction,REPORTED,https://arxiv.org/abs/2310.07096,Abstract,The new halting mechanism also enables around 50% reduction in computation during inference with very little performance decrease on formal language tasks.,2023-10,2026-10-01,Medium,Baseline: strong VT/UT; formal language tasks
R2-181,LOOP,MoEUT: UTs are much less compute-efficient than standard Transformers for parameter-dominated tasks like LM,,,AUTHOR-CLAIM,https://arxiv.org/abs/2405.16039,§1 Introduction,"In sum, despite their potential, UTs are much less compute-efficient than standard Transformers, and thus, they are not popular for parameter-dominated tasks such as modern language modeling.",2024-05,2026-10-01,High,NeurIPS 2024
R2-182,ROUTE,MoEUT slightly outperforms parameter-matched dense models without layer sharing; gap grows with scale (up to 1B),1,billion parameters (max scale),REPORTED,https://arxiv.org/abs/2405.16039,"§3, Figure 4a",MoEUTs allow us to build parameter- and resource-efficient UT language models outperforming standard Transformers with less compute and memory requirements on all scales on which we can afford to test (up to 1B parameters).,2024-05,2026-10-01,Medium,"Parameter-matched; compute lower for MoEUT. ""Slight"" margin"
R2-183,LOOP,ALBERT: cross-layer parameter sharing reduces parameters vs BERT; best model sets SOTA with fewer params,,,AUTHOR-CLAIM,https://arxiv.org/abs/1909.11942,Abstract,"our best model establishes new state-of-the-art results on the GLUE, RACE, and SQuAD benchmarks while having fewer parameters compared to BERT-large.",2019-09,2026-10-01,Medium,"Weight sharing reduces params, not FLOPs; ALBERT-xxlarge is wide"
R2-184,LOOP,"Takase & Kiyono: relaxed sharing (SEQUENCE, CYCLE, CYCLE(REV)) more efficient than single-layer sharing of Universal Transformers",,,AUTHOR-CLAIM,https://arxiv.org/abs/2104.06022,Abstract,"we indicate that the proposed strategies are also more efficient than the previous approach (Dehghani et al., 2019) on automatic speech recognition and language modeling tasks.",2021-04,2026-10-01,Medium,Partial sharing beats full sharing
R2-185,DEQ,"DEQ: official repo https://github.com/locuslab/deq, license MIT, language Python, last push 2022-07-04, archived=False",,,CODE,https://api.github.com/repos/locuslab/deq,"GitHub REST repos/locuslab/deq (fields language, license.spdx_id, pushed_at)","""language"":""Python"",""license"":""MIT"",""pushed_at"":""2022-07-04T02:25:25Z""",2022-07-04,2026-10-01,High,Linked in paper abstract; PyTorch
R2-186,DEQ,"MDEQ: official repo https://github.com/locuslab/mdeq, license MIT, language Python, last push 2021-06-29, archived=False",,,CODE,https://api.github.com/repos/locuslab/mdeq,"GitHub REST repos/locuslab/mdeq (fields language, license.spdx_id, pushed_at)","""language"":""Python"",""license"":""MIT"",""pushed_at"":""2021-06-29T07:35:05Z""",2021-06-29,2026-10-01,High,Linked in paper abstract; PyTorch; stale since 2021
R2-187,LOOP,"Huginn recurrent-depth 3.5B: official repo https://github.com/seal-rg/recurrent-pretraining, license Apache-2.0, language Python, last push 2025-12-29, archived=False",,,CODE,https://api.github.com/repos/seal-rg/recurrent-pretraining,"GitHub REST repos/seal-rg/recurrent-pretraining (fields language, license.spdx_id, pushed_at)","""language"":""Python"",""license"":""Apache-2.0"",""pushed_at"":""2025-12-29T10:31:27Z""",2025-12-29,2026-10-01,High,Linked in paper (github.com/seal-rg/recurrent-...); Apache-2.0
R2-188,LOOP,"Hierarchical Reasoning Model: official repo https://github.com/sapientinc/HRM, license Apache-2.0, language Python, last push 2026-03-31, archived=False",,,CODE,https://api.github.com/repos/sapientinc/HRM,"GitHub REST repos/sapientinc/HRM (fields language, license.spdx_id, pushed_at)","""language"":""Python"",""license"":""Apache-2.0"",""pushed_at"":""2026-03-31T23:08:31Z""",2026-03-31,2026-10-01,High,Linked in paper
R2-189,LOOP,"Tiny Recursive Model: official repo https://github.com/SamsungSAILMontreal/TinyRecursiveModels, license MIT, language Python, last push 2026-04-01, archived=True",,,CODE,https://api.github.com/repos/SamsungSAILMontreal/TinyRecursiveModels,"GitHub REST repos/SamsungSAILMontreal/TinyRecursiveModels (fields language, license.spdx_id, pushed_at)","""language"":""Python"",""license"":""MIT"",""pushed_at"":""2026-04-01T00:50:39Z""",2026-04-01,2026-10-01,Medium,Author lab org; link not recoverable from v1 PDF text; repo archived
R2-190,ROUTE,"Mixture-of-Recursions: official repo https://github.com/raymin0223/mixture_of_recursions, license Apache-2.0, language Python, last push 2026-09-19, archived=False",,,CODE,https://api.github.com/repos/raymin0223/mixture_of_recursions,"GitHub REST repos/raymin0223/mixture_of_recursions (fields language, license.spdx_id, pushed_at)","""language"":""Python"",""license"":""Apache-2.0"",""pushed_at"":""2026-09-19T16:40:15Z""",2026-09-19,2026-10-01,High,Linked in paper
R2-191,ODE,"Neural ODE (torchdiffeq): official repo https://github.com/rtqichen/torchdiffeq, license MIT, language Python, last push 2025-04-04, archived=False",,,CODE,https://api.github.com/repos/rtqichen/torchdiffeq,"GitHub REST repos/rtqichen/torchdiffeq (fields language, license.spdx_id, pushed_at)","""language"":""Python"",""license"":""MIT"",""pushed_at"":""2025-04-04T01:06:00Z""",2025-04-04,2026-10-01,High,Linked in paper; PyTorch adjoint solvers
R2-192,GPU,"MegaBlocks block-sparse MoE kernels: official repo https://github.com/databricks/megablocks, license Apache-2.0, language Python, last push 2026-03-25, archived=False",,,CODE,https://api.github.com/repos/databricks/megablocks,"GitHub REST repos/databricks/megablocks (fields language, license.spdx_id, pushed_at)","""language"":""Python"",""license"":""Apache-2.0"",""pushed_at"":""2026-03-25T04:53:14Z""",2026-03-25,2026-10-01,Medium,Not linked in arXiv text; maintained org repo
R2-193,LOOP,"Deep Thinking / DT-Recall: official repo https://github.com/aks2203/deep-thinking, license MIT, language Python, last push 2023-08-09, archived=False",,,CODE,https://api.github.com/repos/aks2203/deep-thinking,"GitHub REST repos/aks2203/deep-thinking (fields language, license.spdx_id, pushed_at)","""language"":""Python"",""license"":""MIT"",""pushed_at"":""2023-08-09T16:43:25Z""",2023-08-09,2026-10-01,High,Linked in paper
R2-194,ROUTE,"MoEUT: official repo https://github.com/RobertCsordas/moeut, license MIT, language Python, last push 2024-08-18, archived=False",,,CODE,https://api.github.com/repos/RobertCsordas/moeut,"GitHub REST repos/RobertCsordas/moeut (fields language, license.spdx_id, pushed_at)","""language"":""Python"",""license"":""MIT"",""pushed_at"":""2024-08-18T17:25:41Z""",2024-08-18,2026-10-01,High,Linked in paper
R2-195,LOOP,"Looped transformers learn learning algorithms: official repo https://github.com/Leiay/looped_transformer, license MIT, language Jupyter Notebook, last push 2023-12-12, archived=False",,,CODE,https://api.github.com/repos/Leiay/looped_transformer,"GitHub REST repos/Leiay/looped_transformer (fields language, license.spdx_id, pushed_at)","""language"":""Jupyter Notebook"",""license"":""MIT"",""pushed_at"":""2023-12-12T05:10:05Z""",2023-12-12,2026-10-01,High,Linked in paper; notebook-based
R2-196,LOOP,"Looped transformers for length generalization: official repo https://github.com/UW-Madison-Lee-Lab/looped-tf, license None, language Python, last push 2025-04-30, archived=False",,,CODE,https://api.github.com/repos/UW-Madison-Lee-Lab/looped-tf,"GitHub REST repos/UW-Madison-Lee-Lab/looped-tf (fields language, license.spdx_id, pushed_at)","""language"":""Python"",""license"":null,""pushed_at"":""2025-04-30T00:37:56Z""",2025-04-30,2026-10-01,High,Linked in paper; no license declared (license null)
R2-197,LOOP,"Universal Transformer (tensor2tensor): official repo https://github.com/tensorflow/tensor2tensor, license Apache-2.0, language Python, last push 2023-06-02, archived=True",,,CODE,https://api.github.com/repos/tensorflow/tensor2tensor,"GitHub REST repos/tensorflow/tensor2tensor (fields language, license.spdx_id, pushed_at)","""language"":""Python"",""license"":""Apache-2.0"",""pushed_at"":""2023-06-02T18:55:09Z""",2023-06-02,2026-10-01,High,Linked in paper; TensorFlow; archived
R2-198,GPU,"Tutel MoE: official repo https://github.com/microsoft/Tutel, license MIT, language C, last push 2026-09-15, archived=False",,,CODE,https://api.github.com/repos/microsoft/tutel,"GitHub REST repos/microsoft/tutel (fields language, license.spdx_id, pushed_at)","""language"":""C"",""license"":""MIT"",""pushed_at"":""2026-09-15T05:55:02Z""",2026-09-15,2026-10-01,High,Linked in paper; C/CUDA + PyTorch
R2-199,LOOP,"Ouro 1.4B at 4 recurrent steps spends ~5.6B-dense-equivalent forward FLOPs/token, so matching a 4B dense model is a parameter win but not a FLOP win",5.6,billion-param-equivalent FLOPs/token,DERIVED,https://arxiv.org/abs/2510.25741,Figure 1 caption + §1 contributions,"Radar plots comparing the Ouro 1.4B and 2.6B models, both with 4 recurrent steps (red), against individual transformer baselines.",2025-10,2026-10-01,Medium,"FLOPs/token ≈ 2·N·R; N=1.4B, R=4 → 2·5.6B; 4B dense ≈ 2·4B. Ignores attention/embedding terms and early exit. Ratio 5.6/4 = 1.4x more forward FLOPs for Ouro"
R2-200,LOOP,"Huginn at r=32: per-token compute ≈ 1.5B non-recurrent + 32 x 1.5B core ≈ 49.5B-dense-equivalent, consistent with the authors 50B FLOP-equivalence",49.5,billion-param-equivalent FLOPs/token,DERIVED,https://arxiv.org/abs/2502.05171,§4 Training at scale,"Overall this model shape has about 1.5B parameters in non-recurrent prelude and head, 1.5B parameters in the core recurrent block, and 0.5B in the tied input embedding.",2025-02,2026-10-01,Medium,1.5 + 32×1.5 = 49.5 (B params touched per token); embedding excluded. Stored params 3.5B → ~14x compute per stored param
R2-201,GPU,"Huginn training reached 108.75 TFLOP/s per GPU, 87% achievable FLOP utilisation on AMD MI250X",87,% AFU,REPORTED,https://arxiv.org/abs/2502.05171,§4 / Appendix A (hardware),"speed of 108.75 TFLOP/s, i.e. 87% AFU (“Achievable Flop Utilization”).",2025-02,2026-10-01,Medium,Recurrent-depth dense blocks are GPU-friendly (same kernels as transformers); AMD hardware
R2-202,LOOP,SMELT scaled across four sizes up to 54B non-embedding parameters (MoE),54,billion non-embedding parameters,REPORTED,https://arxiv.org/abs/2609.01343,§4 scaling,We scale SMELT across four sizes up to 54B non-embedding parameters and fit a separate Chinchilla-style scaling law for each architecture.,2026-09,2026-10-01,High,Scale fact
R2-203,LOOP,"Ouro release: models distributed via project page, not a GitHub repo cited in paper",,,DESIGN,https://arxiv.org/abs/2510.25741,Title page,Project Page & Base / Reasoning Models: http://ouro-llm.github.io,2025-10,2026-10-01,Medium,gh api repos/ByteDance-Seed/Ouro returned 404 on 2026-10-01 (guessed name; not cited by paper)
R2-204,LOOP,"Lu et al.: increasing Huginn recurrence depth yields only marginal gains, well short of models that externalise reasoning (explicit CoT)",,,REPORTED,https://arxiv.org/abs/2507.02199,Abstract,"Finally, we empirically show that increasing recurrence depth yields only marginal gains and falls well short of models that explicitly externalize reasoning steps.",2025-07,2026-10-01,Medium,COLM 2025 workshop; arithmetic tasks; baseline: explicit-CoT models (unmatched)
R2-205,LOOP,Lu et al.: token-rank trajectories give little evidence of structured latent CoT across Huginn recurrence steps,,,REPORTED,https://arxiv.org/abs/2507.02199,§1 findings,Token rank trajectory analysis provides little evidence for latent CoT reasoning.,2025-07,2026-10-01,Medium,Mechanistic negative
R2-206,LOOP,Loopie: under fixed-FLOP comparisons a looped model can have less non-recurrent capacity than a standard Transformer baseline,,,AUTHOR-CLAIM,https://arxiv.org/abs/2607.16051,§2 design motivation,"Prior work suggests that, under fixed-FLOP comparisons, a looped model can have less non-recurrent capacity than a standard Transformer baseline (Csordás et al., 2024; Frey et al., 2026b).",2026-07,2026-10-01,Medium,Industry report (IQuest); states the matched-FLOP trade-off explicitly
R3-001,HOP,Continuous modern Hopfield network stores exponentially many patterns in the associative-space dimension and retrieves in one update,exponential in dimension,patterns,THEOREM,https://arxiv.org/abs/2008.02217,"Abstract; Theorem 3 (capacity), Theorem 4 (one-update retrieval)","The new Hopfield network can store exponentially (with the dimension of the associative space) many patterns, retrieves the pattern with one update, and has exponentially small retrieval errors.",2020-07,2026-10-01,High,"Capacity is in dimension d, not per stored parameter: the M patterns are stored explicitly as M x d matrix rows."
R3-002,HOP,The modern Hopfield update rule is the transformer attention mechanism,,,THEOREM,https://arxiv.org/abs/2008.02217,Abstract; Section 2 (update rule = softmax attention),The new update rule is equivalent to the attention mechanism used in transformers.,2020-07,2026-10-01,High,Directly supports the objection: attention already is an associative-memory retrieval step.
R3-003,HOP,"Hopfield energy has three kinds of fixed points: global average, metastable subset averages, single-pattern fixed points; transformer heads in lower layers do global averaging",,,AUTHOR-CLAIM,https://arxiv.org/abs/2008.02217,Abstract,These heads perform in the first layers preferably global averaging and in higher layers partial averaging via metastable states.,2020-07,2026-10-01,Medium,Metastable averaging = failure mode of iterated retrieval when patterns are not well separated.
R3-004,HOP,"Retrieval in one update is stated as crucial for integration into deep nets where layers are activated once (i.e., iteration is not needed for retrieval of well-separated patterns)",1,update steps,AUTHOR-CLAIM,https://arxiv.org/abs/2008.02217,Section 1 Introduction (contributions),"The retrieval of patterns with one update is important to integrate Hopfield networks in deep learning architectures, where layers are activated only once.",2020-07,2026-10-01,High,"Evidence that for associative recall, extra recurrent iterations add little: one step suffices for separated patterns."
R3-005,HOP,"Dense associative memory with polynomial energy of power n has capacity scaling as N^(n-1)/ln N, far beyond the 0.14N of the classical Hopfield net",0.14N classical; ~N^(n-1) dense,patterns,THEOREM,https://arxiv.org/abs/1606.01164,"Section 2, Eq. (6)","For higher powers n the capacity rapidly grows with N in a non-linear way, allowing the network to store and reliably retrieve many more patterns than the number of neurons that it has",2016-06,2026-10-01,High,"Capacity counted per neuron; with n-body interactions the effective synapse count grows, so not a free per-parameter gain (see Krotov & Hopfield 2020)."
R3-006,HOP,Classical Hopfield capacity is K = 0.14N,0.14,patterns per neuron,THEOREM,https://arxiv.org/abs/1606.01164,"Section 2, below Eq. (6)",the standard model of associative memory and gives the well known result K = 0.14N .,2016-06,2026-10-01,High,"Baseline for pairwise (two-body) recurrent associative memory: capacity linear in neurons, i.e. ~ proportional to N^2 parameters / N."
R3-007,HOP,Dense associative memory with power-n energy is dual to a one-hidden-layer feedforward net with rectified-polynomial activation of power n-1,,,THEOREM,https://arxiv.org/abs/1606.01164,Section 4 (duality),a rectified polynomial of power n in the energy function is equivalent to the rectified polynomial of power n − 1 used as an activation function in a feedforward neural network with one hidden layer of neurons.,2016-06,2026-10-01,High,Associative memory with K memories ~ an MLP with K hidden units: memories cost parameters.
R3-008,HOP,"Exponential interaction function gives storage capacity exponential in the number of neurons, with basins of attraction almost as large as in the standard Hopfield model",exponential in N,patterns,THEOREM,https://arxiv.org/abs/1702.01929,Abstract,"With this interaction we prove that model has an exponential storage capacity in the number of neurons, yet the basins of attraction are almost as large as in the standard Hopfield model.",2017-02,2026-10-01,High,"Binary neurons; capacity per neuron, not per stored parameter."
R3-009,HOP,Dense associative memories naively require many-body synapses; they are effective theories of networks with hidden neurons and two-body synapses,,,THEOREM,https://arxiv.org/abs/2008.06996,Abstract; Section 1,"their naive implementation is non-biological, since it seemingly requires the existence of many-body synaptic junctions between the neurons.",2020-08,2026-10-01,High,Implication for capacity per parameter: the exponential capacity is paid for by hidden neurons (one per memory) - storage is bounded by parameters.
R3-010,HOP,Counting the information stored in synapses vs the huge storage capacity hints that hidden degrees of freedom carry the memories,,,AUTHOR-CLAIM,https://arxiv.org/abs/2008.06996,Section 1,The argument described above based on counting the information stored in synapses in conjunction with the fact that modern Hopfield nets and Dense Associative Memories can have a huge storage capacity hints at,2020-08,2026-10-01,Medium,Supports separating computational capacity from knowledge storage: storage is bounded by synaptic information.
R3-011,HOP,Energy Transformer replaces a stack of transformer blocks with a single block iterated until a fixed-point attractor of a global energy,,,DESIGN,https://arxiv.org/abs/2302.07253,Section 1 Introduction,"the sequence of conventional transformer blocks is replaced with a single ET block, which iterates the token representations until they converge to a fixed point attractor state.",2023-02,2026-10-01,High,Closest HOP prior art to C1/C3/C4/C5/C11: weight-shared recurrence with a convergence guarantee via energy descent.
R3-012,HOP,ET dynamics are guaranteed to arrive at a fixed point attractor,,,THEOREM,https://arxiv.org/abs/2302.07253,Section 1 (particle analogy) / Section 2 energy,"This dynamical evolution is designed so that it minimizes a global energy function, and is guaranteed to arrive at a fixed point attractor state.",2023-02,2026-10-01,High,Stability by construction (Lyapunov energy) - a known fix for recurrent instability.
R3-013,HOP,Single ET block struggles with global image structure,,,REPORTED,https://arxiv.org/abs/2302.07253,"Section 4 image completion, Fig. 3 discussion","However, we observe that our single ET block struggles to understand some global structure, e.g., failing to capture both eyes of the white dog",2023-02,2026-10-01,Medium,Negative/qualitative limitation of single weight-shared energy block; no matched baseline in this sentence.
R3-014,HOP,"ET has smaller memory footprint than feedforward transformers and ALBERT-style shared-weight transformers, but same FLOP scaling",,,AUTHOR-CLAIM,https://arxiv.org/abs/2302.07253,"Section 6 Discussion; Appendix G, Table 15",In terms of the memory footprint our model wins (is smaller) compared to feedforward transformers with independent weights and even ALBERT-style sharedweight transformers,2023-02,2026-10-01,Medium,"Comparison is on parameter footprint, not matched capability; FLOPs are not reduced."
R3-015,HOP,Removing the attention module from ET reduces it to a recurrently applied shared-weight MLP and degrades graph anomaly detection more,,,REPORTED,https://arxiv.org/abs/2302.07253,"Ablation, graph anomaly detection section","removing ATT module and keeping only the HN, the ET network effectively turns into an MLP with shared weights that is recurrently applied. In this regime the network can only use the features of a given node",2023-02,2026-10-01,Medium,Ablation: communication (attention edges) matters more than the per-node recurrent memory module.
R3-016,THEORY,"Language models store about 2 bits of knowledge per parameter, even when quantized to int8",2,bits per parameter,REPORTED,https://arxiv.org/abs/2404.05405,Abstract,"we establish that language models can and only can store 2 bits of knowledge per parameter, even when quantized to int8",2024-04,2026-10-01,High,Synthetic biography knowledge; GPT-2/LLaMA/Mistral families. Defines the knowledge-storage-per-parameter ceiling recurrence cannot lift.
R3-017,THEORY,"At 1000 exposures the 2 bit/param ratio holds across architectures, even without MLP layers",2,bits per parameter,REPORTED,https://arxiv.org/abs/2404.05405,"Section 1, Result 5","In the 1000-exposure setting, a 2bit/param capacity ratio appears to be a universal rule: all models, even without MLP layers, closely achieve this ratio.",2024-04,2026-10-01,High,Architecture-independence of storage per parameter: a graph substrate should not be expected to raise it. Comparison across archs at matched parameters.
R3-018,THEORY,With only 100 exposures GPT-2's knowledge capacity ratio falls to 1 bit/param,1,bits per parameter,REPORTED,https://arxiv.org/abs/2404.05405,"Section 1, Result 4","With 100 exposures, an undertrained GPT2’s capacity ratio falls to 1bit/param.",2024-04,2026-10-01,High,Storage depends on training exposure; probe design for our knowledge-storage control must fix exposures.
R3-019,THEORY,With 100 exposures LLaMA/Mistral gated-MLP capacity ratio is 1.3x lower than GPT-2's,1.3,x lower,REPORTED,https://arxiv.org/abs/2404.05405,"Section 1, Result 6","With 100 exposures, some archs show limitations; notably, LLaMA/Mistral’s capacity ratio is 1.3x lower than GPT2’s, even after best-tuned learning rates.",2024-04,2026-10-01,High,"Param-matched architecture comparison; shows architecture affects storage only through trainability, not the ceiling."
R3-020,THEORY,Scaling laws for outer-product associative memories derived with respect to sample size and parameter size,,,THEOREM,https://arxiv.org/abs/2310.02984,Abstract,"We derive precise scaling laws with respect to sample size and parameter size, and discuss the statistical efficiency of different estimators, including optimization-based algorithms.",2023-10,2026-10-01,High,ICLR 2024. Model of transformer inner layers as outer-product associative memories.
R3-021,HOP,Trainable key-value memory layers add parameters without increasing FLOPs,,,DESIGN,https://arxiv.org/abs/2412.09764,Abstract,Memory layers use a trainable key-value lookup mechanism to add extra parameters to a model without increasing FLOPs.,2024-12,2026-10-01,High,Persistent associative memory as sparse parameter store: decouples storage parameters from compute.
R3-022,HOP,Memory-layer LMs outperform dense models with more than twice the compute and MoE models matched for compute and parameters; gains largest on factual tasks,more than twice,compute budget,REPORTED,https://arxiv.org/abs/2412.09764,Abstract,"language models augmented with our improved memory layer outperform dense models with more than twice the computation budget, as well as mixture-of-expert models when matched for both compute and parameters.",2024-12,2026-10-01,High,"vs dense: FLOP-unmatched in memory's favour by design (memory adds params not FLOPs); vs MoE: param- and FLOP-matched. Gains are on knowledge storage, not iterative computation."
R3-023,HOP,Gains of memory layers are especially pronounced for factual tasks,,,REPORTED,https://arxiv.org/abs/2412.09764,Abstract,We find gains are especially pronounced for factual tasks.,2024-12,2026-10-01,High,Supports separating storage (memory helps) from computation (no claim).
R3-024,HOP,A 12-layer product-key-memory transformer outperforms a 24-layer baseline while being twice as fast at inference,12 vs 24,layers,REPORTED,https://arxiv.org/abs/1907.05242,Abstract,"we found that a memory augmented model with only 12 layers outperforms a baseline transformer model with 24 layers, while being twice faster at inference time.",2019-07,2026-10-01,High,Language modelling perplexity; NOT parameter-matched (memory adds up to ~1B params); FLOP-favoured for memory.
R3-025,HOP,Product-key memory adds up to a billion parameters with negligible compute overhead,1 billion,parameters,AUTHOR-CLAIM,https://arxiv.org/abs/1907.05242,Abstract,"significantly increases the capacity of the architecture, by up to a billion parameters with a negligible computational overhead.",2019-07,2026-10-01,High,"Persistent associative memory adds storage, paid in parameters."
R3-026,THEORY,Tight optimal memorization capacity of kernelized modern Hopfield models via spherical codes,,,THEOREM,https://arxiv.org/abs/2410.23126,Abstract,We present a tight analysis by establishing a connection between the memory configuration of KHMs and spherical codes from information theory.,2024-10,2026-10-01,High,"Capacity bound is geometric (packing on the sphere in d dims) - capacity per dimension, not per parameter."
R3-027,THEORY,"Sub-quadratic modern Hopfield retrieval exists only below a norm-bound criterion on query and memory patterns, assuming SETH",,,THEOREM,https://arxiv.org/abs/2402.04520,Abstract,"Only below this criterion, sub-quadratic (efficient) variants of the modern Hopfield model exist, assuming the Strong Exponential Time Hypothesis (SETH).",2024-02,2026-10-01,High,Compute limit on large associative memories: dense retrieval is quadratic unless norms are bounded.
R3-028,HOP,Sparse modern Hopfield model: one-step approximation equals sparse attention and its retrieval error bound is provably tighter than the dense analog,,,THEOREM,https://arxiv.org/abs/2309.12673,Abstract,we provide a sparsity-dependent memory retrieval error bound which is provably tighter than its dense analog.,2023-09,2026-10-01,High,Supports sparse/top-k retrieval as a principled routing choice for C6/C9.
R3-029,HOP,Energy-Based Transformers scale up to 35% faster than Transformer++ in pretraining and gain 29% more from extra inference computation on language tasks,35; 29,%,REPORTED,https://arxiv.org/abs/2507.02092,Abstract,"achieving an up to 35% higher scaling rate with respect to data, batch size, parameters, FLOPs, and depth. During inference, EBTs improve performance with System 2 Thinking (i.e., extra computation) by 29% more than the Transformer++",2025-07,2026-10-01,Medium,"Baseline Transformer++ (not weight-shared looped). Scaling-rate comparison, max 800M params; matching per-axis, not a single matched point."
R3-030,HOP,"EBT limitations: extra hyperparameters whose poor choice leads to unstable training, higher training/inference cost, explored only up to 800M params, struggle with multimodal distributions",,,REPORTED,https://arxiv.org/abs/2507.02092,Section 7 Limitations,"Tuning these hyperparameters is crucial for training stability, as we found poorly chosen values often lead to unstable training. Second, training and inference are more computationally expensive than standard feed-forward models",2025-07,2026-10-01,High,Failure evidence: iterative energy-descent inference costs stability and compute. Value 800M appears in adjacent sentence of same paragraph: 'while EBTs scale well up to 800M parameters'.
R3-031,BENCH,82% of the perplexity gap between gated-convolution LMs and attention is explained by associative recall,82,%,REPORTED,https://arxiv.org/abs/2312.04927,Abstract; Section 3,we find 82% of the gap is explained by each model’s ability to recall information that is previously mentioned in-context,2023-12,2026-10-01,High,"17 LMs, 70M-1.4B, same data and infrastructure; baseline attention; param-matched per scale."
R3-032,BENCH,A 70M attention model outperforms a 1.4B gated-convolution model on associative recall,70M vs 1.4B,parameters,REPORTED,https://arxiv.org/abs/2312.04927,Abstract; Table 1,a 70M parameter attention model outperforms a 1.4 billion parameter gated-convolution model on associative recall.,2023-12,2026-10-01,High,"Not param-matched (20x larger convolution model loses). Shows recall capacity is architectural, not parameter count."
R3-033,THEORY,BaseConv needs model dimension growing with sequence length to solve MQAR; attention solves it with dimension independent of sequence length,,,THEOREM,https://arxiv.org/abs/2312.04927,"Section 4, Theorem 4.4 and Proposition 4.3",the model dimension for BaseConv (and thus the aforementioned architectures) to solve Mqar grows with the input sequence length (Theorem 4.4) while attention can solve Mqar with model dimension independent of sequence length,2023-12,2026-10-01,High,Capacity-vs-state-size tradeoff for fixed-state recurrent/convolutional substrates.
R3-034,THEORY,Data-dependent sequence mixing helps an architecture solve MQAR efficiently,,,THEOREM,https://arxiv.org/abs/2312.04927,"Section 4, Theorem 4.5",We show that data-dependent sequence mixing helps an architecture solve Mqar efficiently (Theorem 4.5).,2023-12,2026-10-01,High,Supports state-conditioned routing (C6/C8) as necessary for recall; attention already provides it.
R3-035,BENCH,Hybrids with input-dependent sparse attention close 97.4% of the gap to attention while staying sub-quadratic,97.4,%,REPORTED,https://arxiv.org/abs/2312.04927,Abstract,"hybrids with input-dependent sparse attention patterns can close 97.4% of the gap to attention, while maintaining sub-quadratic scaling.",2023-12,2026-10-01,High,Baseline full attention; param-matched model scales.
R3-036,THEORY,"Fixed-size recurrent state (H3, Mamba, RWKV) trades off against recall; lower bound on recurrent state size for exact recall by any recurrent model",,,THEOREM,https://arxiv.org/abs/2402.18668,Section 3.2; Theorem F.6,we lower bound the recurrent state size required to perform exact recall with any recurrent model Theorem F.6.,2024-02,2026-10-01,High,Direct bound on persistent-state recurrent substrates: recall capacity requires state that grows with what must be recalled.
R3-037,BENCH,BASED outperforms Mamba on recall-intensive tasks by 10.36 points and gives 24x higher generation throughput than FlashAttention-2,10.36; 24,accuracy points; x throughput,REPORTED,https://arxiv.org/abs/2402.18668,Abstract / Section 1,"BASED outperforms a strong sub-quadratic architecture, Mamba, on the associative recall slice of the Pile and in downstream recall-intensive tasks by 10.36 accuracy points.",2024-02,2026-10-01,High,Param-matched LMs (up to 1.3B). Throughput number is from 'up to 24× higher throughput than the strong FlashAttention-2' in same paragraph.
R3-038,BENCH,Efficient attention alternatives maintain a fixed-size recurrent state but struggle at recall,,,AUTHOR-CLAIM,https://arxiv.org/abs/2402.18668,Abstract,"We show that efficient alternatives to attention (e.g. H3, Mamba, RWKV) maintain a fixedsize recurrent state, but struggle at recall.",2024-02,2026-10-01,High,Failure evidence for fixed-state recurrence on recall.
R3-039,THEORY,A two-layer transformer can copy strings of exponential length while generalized state-space models are fundamentally limited by fixed-size latent state,,,THEOREM,https://arxiv.org/abs/2402.01032,Abstract; Section 2 theorems,prove that a two layer transformer can copy strings of exponential length while GSSMs are fundamentally limited by their fixed-size latent state.,2024-02,2026-10-01,High,Capacity bound on any fixed persistent state: a recurrent graph with bounded total state inherits it.
R3-040,THEORY,"Chain-of-thought improves RNNs but cannot close the gap to Transformers; the bottleneck is in-context retrieval (associative recall, is-a-tree)",,,THEOREM,https://arxiv.org/abs/2402.18510,Abstract,Our theoretical analysis reveals that CoT improves RNNs but is insufficient to close the gap with Transformers. A key bottleneck lies in the inability of RNNs to perfectly retrieve information from the context,2024-02,2026-10-01,High,Extra recurrent steps (CoT) do not fix bounded-state retrieval limits.
R3-041,THEORY,Adding RAG or a single Transformer layer lets RNNs with CoT solve all polynomial-time solvable problems,,,THEOREM,https://arxiv.org/abs/2402.18510,Abstract,"adding a single Transformer layer, can elevate RNNs to be capable of solving all polynomial-time solvable problems with CoT, hence closing the representation gap with Transformers.",2024-02,2026-10-01,High,Retrieval primitive (attention/associative memory) is what a recurrent substrate needs - supports C9.
R3-042,BENCH,"Modern recurrent models (SSMs) on associative recall and copying succeed only in an extremely narrow learning-rate window, while Transformers are robust",,,REPORTED,https://arxiv.org/abs/2508.19029,Abstract,"while Transformers are robust to optimization hyperparameters, the performance of modern recurrent models suffers from critical instabilities: success is confined to an extremely narrow window of learning rates",2025-08,2026-10-01,High,Preprint under review. Failure evidence: recurrent substrates are optimisation-brittle on recall; confounds expressivity comparisons.
R3-043,BENCH,Brittle SSM optimisation makes SSMs favour width over depth; 1-layer Transformer recall is at chance while well-tuned 1-layer SSMs can recall,1,layer,REPORTED,https://arxiv.org/abs/2508.19029,Abstract,"while the 1-layer Transformer’s performance on recall does not exceed random guessing, well-tuned Mamba and other SSMs can learn to recall with one layer",2025-08,2026-10-01,High,"Depth-matched (1 layer), not param-matched."
R3-044,BENCH,Repeating the context in the prompt (JRT-Prompt) gives recurrent LMs 11.0 points average improvement on recall-intensive ICL tasks,11.0,accuracy points,REPORTED,https://arxiv.org/abs/2407.05483,Abstract,"This gives 11.0 ± 1.3 points of improvement, averaged across 16 recurrent LMs and the 6 ICL tasks",2024-07,2026-10-01,High,Baseline: same recurrent LMs without repetition (compute-unmatched: repetition doubles prefill). Evidence that extra passes over input help bounded-state recurrent models.
R3-045,THEORY,Linear attention stores associations in a d_dot-dimensional matrix; storing more than d_dot associations causes retrieval error,,,THEOREM,https://arxiv.org/abs/2102.11174,Section 4.1 (capacity limitation),"With keys embedded in a ddot space, there cannot be more than ddot orthogonal vectors. That is, storing more than ddot associations will result in a retrieval error.",2021-02,2026-10-01,High,Capacity of a fixed matrix-valued recurrent state = its key dimension; motivates the delta rule.
R3-046,HOP,Delta-rule fast weight programmers replace purely additive outer-product updates to correct key-value mappings,,,DESIGN,https://arxiv.org/abs/2102.11174,Abstract,"replace the purely additive outer products by a delta rule-like programming instruction, such that the FWP can more easily learn to correct the current mapping from keys to values.",2021-02,2026-10-01,High,Persistent associative memory written at inference time (fast weights).
R3-047,GPU,DeltaNet parallelised over sequence length via Householder-product representation; 1.3B model trained on 100B tokens beats Mamba and GLA,1.3B; 100B,parameters; tokens,REPORTED,https://arxiv.org/abs/2406.06484,Abstract,We train a 1.3B model for 100B tokens and find that it outperforms recent linear-time baselines such as Mamba [31] and GLA [124] in terms of perplexity and zero-shot performance,2024-06,2026-10-01,High,Param- and token-matched vs linear-time baselines (not vs Transformer in this sentence). Shows recurrent associative memory can be made GPU-parallel.
R3-048,GPU,Prior DeltaNet training algorithms did not parallelise over sequence length and were inefficient on modern hardware,,,AUTHOR-CLAIM,https://arxiv.org/abs/2406.06484,Abstract,existing algorithms for training such models do not parallelize over sequence length and are thus inefficient to train on modern hardware.,2024-06,2026-10-01,High,"GPU-hostility of naive sequential recurrence; fixed by chunkwise algorithm (Triton, flash-linear-attention)."
R3-049,HOP,Gated DeltaNet combines gating (rapid memory erasure) with the delta rule (targeted updates),,,DESIGN,https://arxiv.org/abs/2412.06464,Abstract,gating for adaptive memory control and the delta update rule for precise memory modifications. We observe that these mechanisms are complementary,2024-12,2026-10-01,High,ICLR 2025. Memory-management primitives for a persistent associative state.
R3-050,HOP,Titans neural long-term memory module learns to memorise context at test time; scales to >2M context with higher needle-in-haystack accuracy than baselines,2M,tokens,REPORTED,https://arxiv.org/abs/2501.00663,Abstract,They further can effectively scale to larger than 2M context window size with higher accuracy in needle-in-haystack tasks compared to baselines.,2024-12,2026-10-01,Medium,Baselines: Transformers and linear recurrent models; matching not stated in abstract.
R3-051,HOP,"Atlas authors attribute recurrent-memory shortcomings to memory capacity bounded by memory architecture, online-only updates, and weak fixed-size memory management",,,AUTHOR-CLAIM,https://arxiv.org/abs/2505.23735,Abstract,"(1) limited memory capacity that is bounded by the architecture of memory and feature mapping of the input; (2) online nature of update, i.e., optimizing the memory only with respect to the last input",2025-05,2026-10-01,Medium,Failure analysis of persistent associative memory in recurrent models.
R3-052,THEORY,"Linear attention, SSMs, fast-weight programmers, online learners and softmax attention are special cases of test-time regression for associative recall",,,THEOREM,https://arxiv.org/abs/2501.12352,Abstract,"Prominent layers, including linear attention, state-space models, fast-weight programmers, online learners, and softmax attention, arise as special cases defined by three design choices",2025-01,2026-10-01,High,"Unifying framework: persistent associative memory designs differ only in regression weights, function class and optimiser."
R3-053,PCEP,PC had matched backprop only up to small convolutional models on CIFAR-10 before this benchmark,,,AUTHOR-CLAIM,https://arxiv.org/abs/2407.01163,Section 1 Introduction,"PC has been able to perform as well as classical gradient descent with backpropagation (BP) only up to a certain scale, which is that of small convolutional models trained to classify the CIFAR10 dataset",2024-07,2026-10-01,High,ICLR 2025 (header). Scale ceiling of predictive coding.
R3-054,PCEP,PC performance degrades with depth (VGG5 > VGG7 > VGG9 > ResNet) while backprop improves with depth; PC ResNet-18 far below VGG5,,,REPORTED,https://arxiv.org/abs/2407.01163,"Section 4 'Discussion on depth', Fig. 2, Table 1","all the best results for PC have been achieved using a VGG5, with the performance trend being VGG5 > VGG7 > VGG9 > ResNet, as shown in Fig 2. Conversely, we observe the opposite for backprop-trained models",2024-07,2026-10-01,High,Same architectures trained with PC vs BP (param-matched). Failure evidence: local learning handicaps depth - and a T-step recurrent graph unrolls to large depth.
R3-055,GPU,"PCX predictive-coding library runs in JAX with JIT compilation, Equinox-compatible",,,CODE,https://github.com/liukidar/pcx,Section 1 'Tool' paragraph; repo liukidar/pcx,"This library runs in JAX (Bradbury et al., 2018), and offers a user-friendly interface with a minimal learning curve through familiar syntax inspired by Pytorch.",2024-07,2026-10-01,High,Framework fact as stated in paper.
R3-056,PCEP,muPC (Depth-muP parameterisation) trains residual PC networks up to 128 layers on simple classification tasks with competitive performance,128,layers,REPORTED,https://arxiv.org/abs/2505.13124,Abstract,µPC allows stable training of very deep (up to 128-layer) residual networks on simple classification tasks with competitive performance and little tuning compared to current benchmarks.,2025-05,2026-10-01,High,Compared against current PC benchmarks (not param-matched BP SOTA); 'simple classification tasks' only.
R3-057,PCEP,Standard PC networks have pathologies making them hard to train at large depth; muPC addresses only some of these instabilities,,,AUTHOR-CLAIM,https://arxiv.org/abs/2505.13124,Abstract,"we reveal several pathologies that make standard PCNs difficult to train at large depths. We then show that, despite addressing only some of these instabilities",2025-05,2026-10-01,High,Stability failure evidence for local learning in deep (or long-unrolled) graphs.
R3-058,PCEP,State-based PC is deeply inefficient in digital simulation: exponential signal decay stalls the numerical process; error-based PC runs orders of magnitude faster and matches backprop on deeper models,,,AUTHOR-CLAIM,https://arxiv.org/abs/2505.20137,Abstract,"the canonical state-based formulation of PC (sPC) is, by design, deeply inefficient in digital simulation, inevitably resulting in exponential signal decay that stalls the entire numerical process.",2025-05,2026-10-01,High,"arXiv v5 dated 2026-06. GPU cost evidence: canonical PC is GPU-hostile; fix computes exact PC gradients, i.e. converges toward BP."
R3-059,PCEP,ePC matches backpropagation performance even for deeper models where sPC struggles,,,REPORTED,https://arxiv.org/abs/2505.20137,Abstract,Experiments across multiple architectures and datasets demonstrate that ePC matches backpropagation’s performance even for deeper models where sPC struggles.,2025-05,2026-10-01,Medium,"Baseline backprop, same architectures (param-matched); vision-scale benchmarks."
R3-060,PCEP,"Equilibrium propagation with a three-steady-state gradient estimator reaches 11.68% CIFAR-10 test error, 0.6% worse than BPTT; standard two-state EP yields 86.64% error",11.68,% test error,REPORTED,https://arxiv.org/abs/2101.05536,Abstract,"we achieve 11.68% test error on CIFAR-10, with only 0.6 % accuracy degradation with respect to BPTT. Standard EP with two steady states yields 86.64% test error.",2021-01,2026-10-01,High,Same ConvNet trained with BPTT (param-matched). EP needs multiple relaxations to steady state per update.
R3-061,PCEP,EP had not scaled to visual tasks harder than MNIST due to a finite-nudging gradient bias,,,AUTHOR-CLAIM,https://arxiv.org/abs/2101.05536,Abstract,"In practice, however, EP does not scale to visual tasks harder than MNIST. In this work, we show that a bias in the gradient estimate of EP, inherent in the use of finite nudging, is responsible for this phenomenon",2021-01,2026-10-01,High,Stability/bias failure mode of equilibrium learning.
R3-062,PCEP,"Seven energy-based learning algorithms compared on deep convolutional Hopfield networks: comparable on MNIST, diverging as task difficulty increases; centered EP best",,,REPORTED,https://arxiv.org/abs/2312.15103,Abstract,"while all algorithms yield comparable performance on MNIST, important differences in performance arise as the difficulty of the task increases.",2023-12,2026-10-01,High,Equal-footing comparison (same models and datasets).
R3-063,GPU,"Deep convolutional Hopfield network EP run on CIFAR-10: 10.4% test error in 3h18m on one A100, 13.5x faster than Laborieux et al. 2021",10.4,% test error,REPORTED,https://arxiv.org/abs/2312.15103,Section 1 contributions,a full run of 100 epochs on CIFAR-10 yields a test error rate of 10.4% and takes 3 hours 18 minutes on a single A100 GPU ; we show that this is 13.5x faster,2023-12,2026-10-01,High,"Speed comparison is against prior EP simulation on same hardware, not against backprop."
R3-064,PCEP,DCHN EP inference iterates layer updates (asynchronous even/odd) as many iterations as necessary until convergence to steady state,,,DESIGN,https://arxiv.org/abs/2312.15103,Section 3 / Appendix C (asynchronous procedure),We repeat as many iterations as necessary until convergence to the steady state.,2023-12,2026-10-01,High,Equilibrium learning requires a relaxation loop per training example - inference iterations per update.
R3-065,PCEP,Predictive coding converges to exact backprop gradients on arbitrary computation graphs using only local rules,,,THEOREM,https://arxiv.org/abs/2006.04182,Abstract,predictive coding converges asymptotically (and in practice rapidly) to exact backprop gradients on arbitrary computation graphs using only local learning rules.,2020-06,2026-10-01,High,"Applies to arbitrary graphs incl. RNN/LSTM, so in principle to the candidate's graph."
R3-066,PCEP,PC RNN/LSTM training had roughly 100x greater computational cost than backprop due to iterating to convergence,100,x compute,REPORTED,https://arxiv.org/abs/2006.04182,Section 4.1 (RNN/LSTM results),"Due to the need to iterate the vs until convergence, the predictive coding network had roughly a 100x greater computational cost than the backprop network.",2020-06,2026-10-01,High,"Same models, accuracy indistinguishable; compute unmatched (PC 100x). Strong handicap evidence for local learning on digital hardware."
R3-067,PCEP,One PC inference iteration costs about as much as one backprop backward pass,,,AUTHOR-CLAIM,https://arxiv.org/abs/2006.04182,Section 5 Discussion,"In terms of computational cost, one inference iteration in the predictive coding network is about as costly as a backprop backwards pass.",2020-06,2026-10-01,High,Cost model: PC training cost ~ (inference iterations) x backward-pass cost.
R3-068,PCEP,Forward-Forward is somewhat slower than backprop and generalizes less well on toy problems; unlikely to replace backprop where power is not an issue,,,AUTHOR-CLAIM,https://arxiv.org/abs/2212.13345,Abstract,The forward-forward algorithm is somewhat slower than backpropagation and does not generalize quite as well on several of the toy problems investigated in this paper so it is unlikely to replace backpropagation,2022-12,2026-10-01,High,Author's own negative assessment of a forward-only local rule on digital hardware.
R3-069,RES,Echo state network training modifies only the output (readout) weights of a fixed recurrent network,,,DESIGN,https://www.ai.rug.nl/minds/uploads/EchoStatesTechRep.pdf,"Abstract (GMD Report 148, 2001, with 2010 erratum)","The report introduces a constructive learning algorithm for recurrent neural networks, which modifies only the weights to output units in order to achieve the learning task.",2001,2026-10-01,High,Fixed random recurrent graph + trained readout: topology+dynamics without trained recurrent weights.
R3-070,RES,ESN readout training reduces to a linear regression task,,,DESIGN,https://www.ai.rug.nl/minds/uploads/EchoStatesTechRep.pdf,Section 1 overview of Section 3,"Essentially, this trains readout functions which transform the echo state into the desired output signal. Technically, this amounts to a linear regression task.",2001,2026-10-01,High,No BPTT; training cost is one least-squares solve.
R3-071,THEORY,"Total information-processing capacity of a dynamical system is bounded by its number of linearly independent state variables, with equality under fading memory",,,THEOREM,https://www.nature.com/articles/srep00514,"Abstract (Dambre et al., Sci Rep 2, 514, 2012)","This is bounded by the number of linearly independent state variables of the dynamical system, equaling it if the system obeys the fading memory condition.",2012,2026-10-01,High,Key bound: dynamics/topology redistribute capacity but cannot raise it above state dimension N. Supports 'capacity bounded by state size'.
R3-072,THEORY,All fading-memory dynamical systems with linearly independent internal variables have the same total normalized capacity,,,THEOREM,https://www.nature.com/articles/srep00514,Introduction,"all dynamical systems, provided they obey the condition of having a fading memory 17 and have linearly independent internal variables, have in principle the same total normalized capacity to process information.",2012,2026-10-01,High,"Against 'topology adds capacity': for fixed-weight reservoirs, topology only shifts the memory/nonlinearity mix."
R3-073,RES,Universal trade-off between non-linearity of computation and short-term memory,,,REPORTED,https://www.nature.com/articles/srep00514,Abstract,uncovering universal trade-offs between the non-linearity of the computation and the system's short-term memory.,2012,2026-10-01,High,"Simulations on logistic map, RNN, reaction-diffusion system."
R3-074,RES,Randomly connected threshold networks perform complex time-series computations only near the edge of chaos,,,REPORTED,https://proceedings.neurips.cc/paper_files/paper/2004/hash/f8da71e562ff44a2bc7edf3578c593da-Abstract.html,Abstract (NeurIPS 2004),only near the edge of chaos are such networks able to perform complex computations on time series.,2004,2026-10-01,High,Stability/criticality requirement for fixed random recurrent graphs; no trained baseline.
R3-075,RES,A simple synaptic scaling rule for self-organized criticality is presented,,,DESIGN,https://proceedings.neurips.cc/paper_files/paper/2004/hash/f8da71e562ff44a2bc7edf3578c593da-Abstract.html,Abstract,Additionally a simple synaptic scaling rule for self-organized criticality is presented,2004,2026-10-01,Medium,Local rule to keep a recurrent graph near criticality.
R3-076,RES,"Reservoir computing is equivalent to nonlinear vector autoregression, which needs no random matrices and fewer metaparameters",,,AUTHOR-CLAIM,https://arxiv.org/abs/2106.07688,Abstract (Nature Communications 2021),"Recent results demonstrate the equivalence of reservoir computing to nonlinear vector autoregression, which requires no random matrices, fewer metaparameters, and provides interpretable results.",2021-06,2026-10-01,High,Implies the random recurrent graph itself is not essential: an explicit feature expansion does the work.
R3-077,RES,Reservoir computing uses randomly sampled matrices and has a multitude of metaparameters that must be optimized,,,AUTHOR-CLAIM,https://arxiv.org/abs/2106.07688,Abstract,the algorithm uses randomly sampled matrices to define the underlying recurrent neural network and has a multitude of metaparameters that must be optimized.,2021-06,2026-10-01,High,Practical weakness of fixed random topology: hyperparameter-sensitive.
R3-078,RES,"RC beats BPTT LSTM/GRU when full state is observed, with much less training time; but on reduced-order data large RC models can be unstable and diverge, and BPTT RNNs forecast better",,,REPORTED,https://arxiv.org/abs/1910.05266,Abstract (Neural Networks 2020),"However, in the case of reduced order data, large scale RC models can be unstable and more likely than the BPTT algorithms to diverge. In contrast, RNNs trained via BPTT show superior forecasting abilities",2019-10,2026-10-01,High,"Lorenz-96 and Kuramoto-Sivashinsky; comparison of RC vs BPTT-trained gated RNNs, size-matched per experiment (not strictly param-matched since RC trains only readout)."
R3-079,RES,"Transformers obtain strong performance when some layers are randomly initialised and never updated (reservoir layers), improving wall-clock time to convergence",,,REPORTED,https://arxiv.org/abs/2012.15045,Abstract,We demonstrate that transformers obtain impressive performance even when some of the layers are randomly initialized and never updated.,2020-12,2026-10-01,High,Baseline: fully trained transformer of same depth; MT and (masked) LM. Shows trained routing+readout can work around frozen random layers.
R3-080,RES,"Reservoir layer types tested include fully frozen transformer layers (incl. self-attention), frozen FFN layers, and BiGRU reservoirs",,,DESIGN,https://arxiv.org/abs/2012.15045,Section 3 Approach,"Transformer Reservoir: The standard transformer layer as described above, but with all parameters fixed after initialization, including the self-attention module.",2020-12,2026-10-01,High,
R3-081,RES,"Character-level LM comparison at equal trainable parameters: transformers excel in prediction quality, reservoir computers remain more efficient in training/inference",,,REPORTED,https://arxiv.org/abs/2507.15779,Abstract,"we demonstrate that transformers excel in prediction quality, whereas reservoir computers remain highly efficient reducing the training and inference speed.",2025-07,2026-10-01,Medium,Matched on number of TRAINABLE parameters (reservoir frozen params not counted) - favours RC on parameter count; FLOPs unmatched. Failure evidence for untrained recurrent topology.
R3-082,RES,ESN with a large hidden state is comparable or superior to a from-scratch Transformer on grammaticality judgment at ~100M words; LSTM best,100M,words,REPORTED,https://arxiv.org/abs/2503.01724,Abstract; Section 1,Our experiments showed that ESN with a large hidden state is comparable or superior to Transformer in grammaticality judgment tasks when trained with about 100M words,2025-03,2026-10-01,Medium,"Syntactic probes only (BLiMP-style), not reasoning; matching per Section 2.3 counts nonzero params; LSTM (trained recurrence) outperforms both."
R3-083,RES,ESN with too-large recurrent scale evolves chaotically so generalization becomes almost impossible,,,AUTHOR-CLAIM,https://arxiv.org/abs/2503.01724,Section 2 (initialization of W_rec),ht evolves so chaotically that the generalization becomes almost impossible.,2025-03,2026-10-01,Medium,Edge-of-chaos stability constraint at LM scale.
R3-084,NCA,"Growing NCA: every cell runs the same learned update rule of ~8,000 parameters, outputting a residual increment to the cell state","8,000",parameters,REPORTED,https://distill.pub/2020/growing-ca/,Section 'Model' (update rule),"Recall that the update rule is learned, but every cell runs the same update rule. The network parametrizing this update rule consists of approximately 8,000 parameters.",2020-02,2026-10-01,High,"Shared local update U on persistent cell states (C1,C4,C5)."
R3-085,NCA,"Models trained only to grow do not persist patterns: some explode, some decay",,,REPORTED,https://distill.pub/2020/growing-ca/,"Interactive figure caption, Experiment 1","Growing models were trained to generate patterns, but don't know how to persist them. Some patterns explode, some decay, but some happen to be almost stable or even regenerate parts!",2020-02,2026-10-01,High,Failure mode of iterating a learned rule beyond the training horizon.
R3-086,NCA,"Stochastic cell update: random per-cell mask zeroes updates with probability 0.5 during training, removing the global clock",0.5,probability,REPORTED,https://distill.pub/2020/growing-ca/,Section 'Stochastic cell update',"we apply a random per-cell mask to update vectors, setting all update values to zero with some predefined probability (we use 0.5 during training).",2020-02,2026-10-01,High,Training trick for asynchronous robustness.
R3-087,NCA,Sample-pool training: start iterations from a pool of previously produced states (re-inserting the seed) to make the target an attractor without backprop through very long episodes,,,DESIGN,https://distill.pub/2020/growing-ca/,"Experiment 2, 'Learning to persist'","we propose a “sample pool” based strategy to a similar effect. We define a pool of seed states to start the iterations from, initially filled with the single black pixel seed state.",2020-02,2026-10-01,High,Directly transferable to the candidate: train on states from previous rollouts to get long-horizon stability at truncated-BPTT memory cost.
R3-088,NCA,Backprop through longer intervals would increase training time and memory since all intermediate activations must be stored,,,AUTHOR-CLAIM,https://distill.pub/2020/growing-ca/,Experiment 2,"the memory requirements, given that the entire episode’s intermediate activations must be stored in memory for a backwards-pass to occur.",2020-02,2026-10-01,High,BPTT memory cost of long recurrent rollouts.
R3-089,NCA,Graph cellular automata: GNN-learned transition rules on arbitrary graphs; architecture can represent any GCA with finite discrete state space,,,THEOREM,https://arxiv.org/abs/2110.14237,Abstract,"we present a general-purpose architecture for learning GCA, and we show that it can represent any arbitrary GCA with finite and discrete state space.",2021-10,2026-10-01,High,NeurIPS 2021. Graph NCA = shared M/U on fixed sparse graph (C2-C5).
R3-090,NCA,NCA solved 23 of 172 feasible ARC-AGI tasks perfectly (13.37%),13.37,%,REPORTED,https://arxiv.org/abs/2506.15746,Results section,"Thus, there were 172 feasible tasks. Of these, the NCA approach solved 23 perfectly, resulting in a success rate of 13.37%.",2025-06,2026-10-01,High,Per-task trained NCA; no param- or FLOP-matched Transformer baseline; authors note comparisons to other ARC approaches are limited.
R3-091,NCA,"Many solved ARC tasks do not seem to require stochastic updates, but stochastic updates improve overall accuracy and consistency",,,REPORTED,https://arxiv.org/abs/2506.15746,Design modifications discussion,"in practice many solved tasks do not seem to require stochastic updates, but overall accuracy and consistency are improved across the benchmark.",2025-06,2026-10-01,Medium,Ablation within NCA.
R3-092,NCA,ARC-NCA authors claim results comparable to and sometimes surpassing ChatGPT 4.5 at a fraction of the cost,,,AUTHOR-CLAIM,https://arxiv.org/abs/2505.08778,Abstract,"We show that our ARC-NCA proof-of-concept results may be comparable to, and sometimes surpass, that of ChatGPT 4.5, at a fraction of the cost.",2025-05,2026-10-01,Low,Unmatched comparison (per-task NCA vs general LLM); hedged 'may be'.
R3-093,NCA,Pathfinding NCA: hand-coded and learned NCAs implement BFS/DFS and graph diameter on grid mazes with strong generalization; adversarially evolved mazes improve out-of-distribution generalization,,,AUTHOR-CLAIM,https://arxiv.org/abs/2301.06820,Abstract,We find that adversarially evolving mazes leads to increased generalization on out-of-distribution examples,2023-01,2026-10-01,Medium,Baselines GCN and MLP (see next row).
R3-094,NCA,"On shortest path, NCAs reach high accuracy on train and test, whereas GCNs are blurrier and slower to learn",,,REPORTED,https://arxiv.org/abs/2301.06820,"Section 5.6, Fig. 1-2","NCAs tackle the shortest path problem with high accuracy on both training and test sets (Fig. 1). GCNs often produce outputs that are reasonable at a high level, though they tend to be blurrier",2023-01,2026-10-01,Medium,Matching of parameters vs GCN/MLP not stated in this passage; no Transformer baseline.
R3-095,NCA,"NCA trained by gradient descent to emulate computational primitives (matrix multiplication, transposition) and a neural network solving MNIST inside the CA state",,,REPORTED,https://arxiv.org/abs/2505.13058,Abstract,Our experiments demonstrate the successful training of fundamental computational primitives — such as matrix multiplication and transposition — culminating in the emulation of a neural network solving the MNIST digit classification task,2025-05,2026-10-01,Medium,Towards universal computation in continuous NCA; no efficiency baseline.
R3-096,NCA,"ViTCA (attention-based NCA) outperforms U-Net, UNetCA and ViT on denoising autoencoding when configured to similar parameter complexity",,,REPORTED,https://arxiv.org/abs/2211.01233,Abstract,"When comparing across architectures configured to similar parameter complexity, ViTCA architectures yield superior performance across all benchmarks",2022-11,2026-10-01,Medium,NeurIPS 2022. Param-matched (approx.) vs ViT; FLOPs not matched (NCA iterates). Spatially localized self-attention = state-conditioned local routing.
R3-097,GPU,"CAX (JAX) speeds up cellular-automata simulations up to 2,000x; a simple 1D CA outperforms GPT-4 on 1D-ARC","2,000",x speedup,REPORTED,https://arxiv.org/abs/2410.02651,Abstract,"CAX speeds up simulations up to 2,000 times faster.",2024-10,2026-10-01,Medium,Speedup vs prior implementations (not vs Transformer). GPT-4 comparison unmatched.
R3-098,OSC,Continuous Thought Machine: neuron-level temporal processing (each neuron has unique weights over its incoming history) and neural synchronization as latent representation,,,DESIGN,https://arxiv.org/abs/2505.05522,Abstract,"The CTM has two innovations: (1) neuron-level temporal processing, where each neuron uses unique weight parameters to process incoming histories; and (2) neural synchronization as a latent representation.",2025-05,2026-10-01,High,Per-neuron (NOT shared) weights - opposite of candidate's shared U; synchronization = readout from pairs of neurons (C10).
R3-099,READ,CTM loss is computed at every internal tick and optimised at two selected ticks: minimum loss and maximum certainty (1 - normalized entropy),,,DESIGN,https://arxiv.org/abs/2505.05522,Section 3.5 'Loss Function: Optimizing Across Internal Ticks',"We compute a loss Lt = CrossEntropy(yt , ytrue ) and certainty C t (1 - normalized entropy) per tick.",2025-05,2026-10-01,High,"Per-tick readout + certainty as confidence/convergence signal (C10, C11)."
R3-100,OSC,CTM significantly outperforms feed-forward and LSTM baselines on 39x39 maze route prediction and generalises to longer paths; LSTM needed fewer ticks (50 vs 75) for stability,,,REPORTED,https://arxiv.org/abs/2505.05522,"Section 4.1 Results, Figure 4","The CTM significantly outperforms the baselines in solving these mazes, demonstrating superior trainability and generalization to longer paths (Figure 4).",2025-05,2026-10-01,Medium,"Baselines FF and LSTM, not a looped/weight-shared Transformer; parameter matching per Appendix D (not verified here)."
R3-101,OSC,CTM limitations: internal sequence extends training time; neuron-level models increase parameter counts; experiments preliminary,,,AUTHOR-CLAIM,https://arxiv.org/abs/2505.05522,Section 7 Limitations,"The CTM uses an internal sequence, meaning training times are extended. NLMs also increase parameter counts compared to standard activation functions",2025-05,2026-10-01,High,Cost evidence against per-parameter efficiency.
R3-102,OSC,Authors found CTM barely leveraged loss-tick decoupling on ImageNet but more on mazes,,,REPORTED,https://arxiv.org/abs/2505.05522,Section 3.5 footnote 2,"we found that the CTM barely leveraged this for ImageNet (Section 5) but more so for 2D mazes (Section 4), suggesting task-dependent temporal sensitivities",2025-05,2026-10-01,Medium,"Iterative dynamics matter task-dependently: little for perception, more for planning."
R3-103,OSC,"AKOrN: generalized Kuramoto oscillatory neurons as an alternative to threshold units, combinable with fully connected, convolutional or attentive connectivity",,,DESIGN,https://arxiv.org/abs/2410.13821,Abstract (ICLR 2025),"we introduce Artificial Kuramoto Oscillatory Neurons (AKOrN) as a dynamical alternative to threshold units, which can be combined with arbitrary connectivity designs such as fully connected, convolutional, or attentive mechanisms.",2024-10,2026-10-01,High,Synchronisation-based binding; energy-descending iterative update.
R3-104,OSC,"AKOrN solves all in-distribution Sudoku boards and reaches 89.5% on OOD boards, outperforming non-Kuramoto counterparts ItrSA (iterated self-attention) and Transformer",89.5,% board accuracy (OOD),REPORTED,https://arxiv.org/abs/2410.13821,"Section 6.2, Table 3","On the OOD set, AKOrN achieves 89.5±2.5 which is better than all other existing approaches including IRED (Du et al., 2024), an energy-based diffusion model.",2024-10,2026-10-01,High,ItrSA = weight-shared iterated self-attention (the looped baseline). OOD number uses Teval=128 and energy-based voting over 4096 initial samples - FLOP-unmatched.
R3-105,OSC,"Increasing Kuramoto steps at test time raises OOD Sudoku accuracy from 17% to 52%, whereas more iterated self-attention steps give limited OOD gain (14% to 34%) and hurt ID accuracy",17% to 52%,board accuracy,REPORTED,https://arxiv.org/abs/2410.13821,"Section 6.2 'Test-time extension', Fig. 6(c)","increasing the number of Kuramoto steps at test time improves accuracy significantly (17% to 52%), while increasing the step count of standard self-attention provides a limited improvement on the OOD set (14% to 34%)",2024-10,2026-10-01,High,Direct evidence vs weight-shared looped attention at matched step increase; training steps = 16. Iterations beyond training horizon help oscillatory energy dynamics more than looped SA.
R3-106,OSC,On OOD Sudoku the AKOrN energy keeps decreasing beyond the ~32 steps where ID energy converges,32,steps,REPORTED,https://arxiv.org/abs/2410.13821,"Section 6.2, Fig. 6(a,b)","on the ID test set, the energy fluctuates but roughly converges to a minimum after around 32 steps. On the OOD test set, however, the energy continues to decrease further.",2024-10,2026-10-01,High,Energy as convergence signal (C11).
R3-107,OSC,LinOSS (forced harmonic oscillator SSM) proven stable with only a nonnegative diagonal state matrix and universal for continuous causal operators,,,THEOREM,https://arxiv.org/abs/2410.03943,Abstract (ICLR 2025),We prove that LinOSS produces stable dynamics only requiring nonnegative diagonal state matrix.,2024-10,2026-10-01,High,Oscillatory parameterisation as a stability fix; parallel-scan GPU-friendly.
R3-108,OSC,LinOSS outperforms Mamba and LRU by nearly 2x on a 50k-length sequence task,2x; 50k,x; tokens,REPORTED,https://arxiv.org/abs/2410.03943,Abstract,"Notably, LinOSS outperforms Mamba and LRU by nearly 2x on a sequence modeling task with sequences of length 50k.",2024-10,2026-10-01,Medium,Baselines Mamba/LRU (not Transformer); matching per paper's experimental setup not verified here.
R3-109,OSC,coRNN (coupled oscillatory RNN): precise gradient bounds mitigate exploding and vanishing gradients,,,THEOREM,https://arxiv.org/abs/2010.00951,Abstract (ICLR 2021),"We prove precise bounds on the gradients of the hidden states, leading to the mitigation of the exploding and vanishing gradient problem for this RNN.",2020-10,2026-10-01,High,Stability fix for long recurrent rollouts.
R3-110,OSC,"GraphCON: zero-Dirichlet-energy steady states are not stable, so the coupled-oscillator GNN mitigates oversmoothing and exploding/vanishing gradients",,,THEOREM,https://arxiv.org/abs/2202.02296,Abstract (ICML 2022),show that zero-Dirichlet energy steady states are not stable for our proposed ODEs. This demonstrates that the proposed framework mitigates the oversmoothing problem.,2022-02,2026-10-01,High,Directly relevant to a T-step recurrent graph: oscillatory second-order dynamics as oversmoothing fix.
R3-111,OSC,CTM can stop earlier for simpler tasks or keep computing for harder instances (adaptive compute),,,AUTHOR-CLAIM,https://arxiv.org/abs/2505.05522,Section 1 Introduction,"The CTM can also leverage adaptive compute, where it can stop earlier for simpler tasks, or keep computing when faced with more challenging instances.",2025-05,2026-10-01,Medium,"Halting via certainty, not a learned halting unit."
R3-112,READ,Overthinking: DNNs often reach correct predictions before the final layer; continuing can turn a correct prediction into a misclassification,,,REPORTED,https://arxiv.org/abs/1810.07052,Abstract (ICML 2019),"Overthinking is computationally wasteful, and it can also be destructive when, by the final layer, a correct prediction changes into a misclassification.",2018-10,2026-10-01,High,Feed-forward multi-exit; same failure mode recurs in iterated models.
R3-113,READ,Confidence-based early exits from internal classifiers cut average inference cost by more than 50% while preserving accuracy; destructive overthinking occurs for 50% of misclassifications,50,%,REPORTED,https://arxiv.org/abs/1810.07052,Abstract,"SDNs can mitigate the wasteful effect of overthinking with confidence-based early exits, which reduce the average inference cost by more than 50% and preserve the accuracy.",2018-10,2026-10-01,High,Baseline: same CNN without exits (param ~matched; exits add small heads).
R3-114,READ,"Deeply-supervised nets add companion objectives at hidden layers, making hidden-layer learning direct and transparent",,,DESIGN,https://arxiv.org/abs/1409.5185,Abstract (AISTATS 2015),Our proposed deeply-supervised nets (DSN) method simultaneously minimizes classification error while making the learning process of hidden layers direct and transparent.,2014-09,2026-10-01,High,Distributed readouts as training signal (C10).
R3-115,READ,Naively attaching intermediate early-exit classifiers to a deep network leads to poor performance: early classifiers lack coarse features and interfere with feature learning,,,REPORTED,https://arxiv.org/abs/1703.09844,"Section 3 (problem analysis), ICLR 2018",naı̈vely attaching intermediate early-exit classifiers to a stateof-the-art deep network leads to poor performance.,2017-03,2026-10-01,High,"Failure evidence: many readouts can hurt the shared representation unless architecture (dense connectivity, multi-scale) compensates."
R3-116,READ,MSDNet fixes classifier interference via dense connectivity so features are not dominated by the most imminent early exit,,,DESIGN,https://arxiv.org/abs/1703.09844,Section 3,"By connecting all layers to all classifiers, features are no longer dominated by the most imminent earlyexit",2017-03,2026-10-01,High,Design fix relevant to readouts attached to many graph regions.
R3-117,READ,CALM: confidence-based early exit per token gives up to 3x speedup with provable consistency with the full model,3,x speedup,REPORTED,https://arxiv.org/abs/2207.07061,Abstract (NeurIPS 2022),we demonstrate the efficacy of our framework in reducing compute—speedup of up to ×3—while provably maintaining high performance.,2022-07,2026-10-01,High,Same T5 model with vs without early exit (param-matched).
R3-118,READ,Iterated recurrent networks overthink: behaviour degenerates when many iterations are applied; fixed by recall (re-injecting the input) and progressive training,,,REPORTED,https://arxiv.org/abs/2202.05826,Abstract (NeurIPS 2022),"We observe that this approach fails to scale to highly complex problems because behavior degenerates when many iterations are applied – an issue we refer to as ""overthinking.""",2022-02,2026-10-01,High,Failure mode of 'time replaces depth' without input recall; fixes transferable to candidate.
R3-119,READ,"Progressive training prevents iteration-number-specific behaviour, pushing the model to learn repeatable behaviour",,,DESIGN,https://arxiv.org/abs/2202.05826,Abstract; Section 3,We also employ a progressive training routine that prevents the model from learning behaviors that are specific to iteration number and instead pushes it to learn behaviors that can be repeated indefinitely.,2022-02,2026-10-01,High,Training trick for extrapolation beyond the training horizon.
R3-120,READ,Weight-shared recurrent conv nets trained on 9x9 mazes solve 59x59 and 201x201 mazes by running more iterations,201,maze side length,REPORTED,https://arxiv.org/abs/2202.05826,Figure 1 caption,"By running this algorithm for longer, it reliably solves problems of size 59 × 59 (middle), 201 × 201 (right), and much larger (appendix) without retraining.",2022-02,2026-10-01,High,"Evidence FOR time-replaces-depth on local-grid tasks; baselines feed-forward and prior DT nets, not looped Transformers."
R3-121,READ,Prefix-sum models trained on 32-bit strings with at most 30 recurrent iterations extrapolate to 512-bit strings,512,bits,REPORTED,https://arxiv.org/abs/2202.05826,Section 4 Prefix Sums; Figure 3 caption,Prefix sum models trained on 32-bit inputs extrapolate to 512-bit data.,2022-02,2026-10-01,High,Value 512 from Fig. 3 caption 'Prefix sum models trained on 32-bit inputs extrapolate to 512-bit data.'
R3-122,READ,TRM: a single 2-layer 7M-parameter network recursing with deep supervision gets 45% on ARC-AGI-1 and 8% on ARC-AGI-2,45,% ARC-AGI-1,REPORTED,https://arxiv.org/abs/2510.04871,Abstract,"With only 7M parameters, TRM obtains 45% test-accuracy on ARC-AGI1 and 8% on ARC-AGI-2, higher than most LLMs",2025-10,2026-10-01,High,Compared to LLMs (massively unmatched) and HRM (27M). R2 covers TRM in depth (LOOP); here only the deep-supervision mechanism.
R3-123,READ,Deep supervision = multiple supervision steps carrying detached latents as initialisation for the next improvement step,,,DESIGN,https://arxiv.org/abs/2510.04871,Section 2.4 Deep supervision,Deep supervision consists of improving the answer through multiple supervision steps while carrying the two latent features as initialization for the improvement steps (after detaching them from the computational graph,2025-10,2026-10-01,High,"Persistent latent state across supervised segments with truncated gradients - directly usable for candidate training (C1, C10)."
R3-124,READ,TRM reports an independent analysis found deep supervision doubled HRM accuracy (19% to 39%) while hierarchical recursion helped only slightly,19% to 39%,accuracy,REPORTED,https://arxiv.org/abs/2510.04871,Section 2.4,"Using deep supervision doubled accuracy over single-step supervision (going from 19% to 39% accuracy), while recursive hierarchical reasoning only slightly improved accuracy",2025-10,2026-10-01,Medium,Secondary citation of ARC Prize analysis; see primary rows from arcprize.org.
R3-125,READ,"ARC Prize ablation: HRM's hierarchical architecture had minimal impact vs a similarly sized transformer; the outer-loop refinement drove performance, especially at training time",,,REPORTED,https://arcprize.org/blog/hrm-analysis,Summary of findings,"The ""hierarchical"" architecture had minimal performance impact when compared to a similarly sized transformer. However, the relatively under-documented ""outer loop"" refinement process drove substantial performance, especially at training time.",2025-08-15,2026-10-01,High,"Independent replication; transformer param-matched (~27M), rest of pipeline constant. Strong evidence the gain is recurrence + deep supervision, not the bespoke substrate."
R3-126,READ,A regular transformer with the same ~27M parameters comes within ~5pp of HRM without hyperparameter optimisation,5,pp,REPORTED,https://arcprize.org/blog/hrm-analysis,"Analysis, Figure 3","First, a regular transformer comes within ~5pp of the HRM model without any hyperparameter optimization.",2025-08-15,2026-10-01,High,Param-matched (~27M); pipeline held constant. Direct evidence against bespoke-recurrent-substrate advantage.
R3-127,READ,Going from no refinement (1 loop) to 1 refinement gives +13pp; 1 to 8 loops doubles public-eval performance,13,pp,REPORTED,https://arcprize.org/blog/hrm-analysis,"Finding on outer loops, Figure 4","from no refinement (1 loop) to just 1 refinement, performance jumps by +13pp. From 1 to 8 refinement loops, the Public Evaluation set performance doubles.",2025-08-15,2026-10-01,High,"Same model, varying train+inference loops."
R3-128,READ,Training with refinement loops improves single-loop inference by >15pp; extra inference loops matter less - training with refinement is more important than inference refinement,15,pp,REPORTED,https://arcprize.org/blog/hrm-analysis,Figure 5 discussion,"Training with more refinement improves the performance of predictions with a single refinement loop by >15pp, even though one loop means a single forward pass without any refinement. Further refinement loops at inference don't have as big of an impact.",2025-08-15,2026-10-01,High,Key negative for 'more inference iterations = more capability': benefit comes mostly at training time (deep supervision).
R3-129,READ,Learned ACT halting performs within a few percentage points of a fixed 16-loop run,16,loops,REPORTED,https://arcprize.org/blog/hrm-analysis,Finding on ACT,the difference is within a few percentage points when compared to a fixed 16-loop run.,2025-08-15,2026-10-01,Medium,Halting saves compute but does not add capability.
R3-130,BENCH,HRM verified at 32% on ARC-AGI-1 semi-private set (paper claimed 41% public),32,%,REPORTED,https://arcprize.org/blog/hrm-analysis,Summary of findings,HRM shows impressive performance for its size on the ARC-AGI Semi-Private sets: ARC-AGI-1: 32%,2025-08-15,2026-10-01,High,Independent replication on hidden set; lower than headline.
R3-131,BENCH,Most HRM ARC performance comes from memorising solutions to the specific evaluation tasks; cross-task transfer limited,,,REPORTED,https://arcprize.org/blog/hrm-analysis,Summary of findings,Cross-task transfer learning has limited benefits; most of the performance comes from memorizing solutions to the specific tasks used at evaluation time.,2025-08-15,2026-10-01,High,Caution for using ARC as a capacity probe.
R3-132,GPU,"Official repo ml-jku/hopfield-layers: license NOASSERTION, language Python, last push 2023-04-23; framework PyTorch",,,CODE,https://github.com/ml-jku/hopfield-layers,"GitHub REST API repos/ml-jku/hopfield-layers (license.spdx_id, language, pushed_at)","""language"":""Python"",""license"":""NOASSERTION"",""pushed_at"":""2023-04-23T11:59:21Z""",2023-04-23,2026-10-01,High,Read 2026-10-01 via gh api; NOASSERTION/null = no SPDX license detected.
R3-133,GPU,ml-jku/hopfield-layers README states framework: PyTorch,,,CODE,https://github.com/ml-jku/hopfield-layers,README.md,we provide a PyTorch implementation of a new layer called “Hopfield”,2023-04-23,2026-10-01,High,
R3-134,GPU,"Official repo HazyResearch/zoology: license Apache-2.0, language Python, last push 2026-03-22; framework PyTorch",,,CODE,https://github.com/HazyResearch/zoology,"GitHub REST API repos/HazyResearch/zoology (license.spdx_id, language, pushed_at)","""language"":""Python"",""license"":""Apache-2.0"",""pushed_at"":""2026-03-22T01:29:13Z""",2026-03-22,2026-10-01,High,Read 2026-10-01 via gh api; NOASSERTION/null = no SPDX license detected.
R3-135,GPU,HazyResearch/zoology README states framework: PyTorch,,,CODE,https://github.com/HazyResearch/zoology,README.md,"the only required dependencies are: `torch, einops, tqdm, pydantic, wandb`",2026-03-22,2026-10-01,High,
R3-136,GPU,"Official repo fla-org/flash-linear-attention: license MIT, language Python, last push 2026-09-29; framework PyTorch+Triton",,,CODE,https://github.com/fla-org/flash-linear-attention,"GitHub REST API repos/fla-org/flash-linear-attention (license.spdx_id, language, pushed_at)","""language"":""Python"",""license"":""MIT"",""pushed_at"":""2026-09-29T07:50:29Z""",2026-09-29,2026-10-01,High,Read 2026-10-01 via gh api; NOASSERTION/null = no SPDX license detected.
R3-137,GPU,fla-org/flash-linear-attention README states framework: PyTorch+Triton,,,CODE,https://github.com/fla-org/flash-linear-attention,README.md,Add a [Gluon](https://triton-lang.org/main/getting-started/tutorials/gluon/) backend,2026-09-29,2026-10-01,High,
R3-138,GPU,"Official repo liukidar/pcx: license Apache-2.0, language Python, last push 2026-08-21; framework JAX",,,CODE,https://github.com/liukidar/pcx,"GitHub REST API repos/liukidar/pcx (license.spdx_id, language, pushed_at)","""language"":""Python"",""license"":""Apache-2.0"",""pushed_at"":""2026-08-21T10:11:32Z""",2026-08-21,2026-10-01,High,Read 2026-10-01 via gh api; NOASSERTION/null = no SPDX license detected.
R3-139,GPU,liukidar/pcx README states framework: JAX,,,CODE,https://github.com/liukidar/pcx,README.md,A JAX library for building highly configurable predictive coding,2026-08-21,2026-10-01,High,
R3-140,GPU,"Official repo SakanaAI/continuous-thought-machines: license Apache-2.0, language Python, last push 2025-12-29; framework PyTorch",,,CODE,https://github.com/SakanaAI/continuous-thought-machines,"GitHub REST API repos/SakanaAI/continuous-thought-machines (license.spdx_id, language, pushed_at)","""language"":""Python"",""license"":""Apache-2.0"",""pushed_at"":""2025-12-29T03:52:23Z""",2025-12-29,2026-10-01,High,Read 2026-10-01 via gh api; NOASSERTION/null = no SPDX license detected.
R3-141,GPU,SakanaAI/continuous-thought-machines README states framework: PyTorch,,,CODE,https://github.com/SakanaAI/continuous-thought-machines,README.md,pip install torch --index-url https://download.pytorch.org/whl/cu121,2025-12-29,2026-10-01,High,
R3-142,GPU,"Official repo autonomousvision/akorn: license None, language Python, last push 2025-10-22; framework Python (framework not verified)",,,CODE,https://github.com/autonomousvision/akorn,"GitHub REST API repos/autonomousvision/akorn (license.spdx_id, language, pushed_at)","""language"":""Python"",""license"":null,""pushed_at"":""2025-10-22T16:46:44Z""",2025-10-22,2026-10-01,High,Read 2026-10-01 via gh api; NOASSERTION/null = no SPDX license detected.
R3-143,GPU,"Official repo tk-rusch/linoss: license MIT, language Python, last push 2026-03-01; framework JAX",,,CODE,https://github.com/tk-rusch/linoss,"GitHub REST API repos/tk-rusch/linoss (license.spdx_id, language, pushed_at)","""language"":""Python"",""license"":""MIT"",""pushed_at"":""2026-03-01T09:09:47Z""",2026-03-01,2026-10-01,High,Read 2026-10-01 via gh api; NOASSERTION/null = no SPDX license detected.
R3-144,GPU,tk-rusch/linoss README states framework: JAX,,,CODE,https://github.com/tk-rusch/linoss,README.md,uses Jax as their machine learning framework,2026-03-01,2026-10-01,High,
R3-145,GPU,"Official repo aks2203/deep-thinking: license MIT, language Python, last push 2023-08-09; framework Python (framework not verified)",,,CODE,https://github.com/aks2203/deep-thinking,"GitHub REST API repos/aks2203/deep-thinking (license.spdx_id, language, pushed_at)","""language"":""Python"",""license"":""MIT"",""pushed_at"":""2023-08-09T16:43:25Z""",2023-08-09,2026-10-01,High,Read 2026-10-01 via gh api; NOASSERTION/null = no SPDX license detected.
R3-146,GPU,"Official repo facebookresearch/memory: license NOASSERTION, language Python, last push 2024-12-12; framework PyTorch",,,CODE,https://github.com/facebookresearch/memory,"GitHub REST API repos/facebookresearch/memory (license.spdx_id, language, pushed_at)","""language"":""Python"",""license"":""NOASSERTION"",""pushed_at"":""2024-12-12T00:06:33Z""",2024-12-12,2026-10-01,High,Read 2026-10-01 via gh api; NOASSERTION/null = no SPDX license detected.
R3-147,GPU,facebookresearch/memory README states framework: PyTorch,,,CODE,https://github.com/facebookresearch/memory,README.md,torchrun --nproc-per-node 8 -m apps.main.train,2024-12-12,2026-10-01,High,
R3-148,GPU,"Official repo alexiglad/EBT: license Apache-2.0, language Python, last push 2026-04-21; framework not verified",,,CODE,https://github.com/alexiglad/EBT,"GitHub REST API repos/alexiglad/EBT (license.spdx_id, language, pushed_at)","""language"":""Python"",""license"":""Apache-2.0"",""pushed_at"":""2026-04-21T00:53:47Z""",2026-04-21,2026-10-01,High,Read 2026-10-01 via gh api; NOASSERTION/null = no SPDX license detected.
R3-149,GPU,"Official repo maxencefaldor/cax: license MIT, language Python, last push 2026-09-24; framework JAX/Flax",,,CODE,https://github.com/maxencefaldor/cax,"GitHub REST API repos/maxencefaldor/cax (license.spdx_id, language, pushed_at)","""language"":""Python"",""license"":""MIT"",""pushed_at"":""2026-09-24T20:35:18Z""",2026-09-24,2026-10-01,High,Read 2026-10-01 via gh api; NOASSERTION/null = no SPDX license detected.
R3-150,GPU,maxencefaldor/cax README states framework: JAX/Flax,,,CODE,https://github.com/maxencefaldor/cax,README.md,CAX is built on top of the JAX/Flax ecosystem for speed and scalability.,2026-09-24,2026-10-01,High,
R3-151,GPU,"Official repo etimush/ARC_NCA: license Apache-2.0, language Jupyter Notebook, last push 2026-03-09; framework Jupyter Notebook (framework not verified)",,,CODE,https://github.com/etimush/ARC_NCA,"GitHub REST API repos/etimush/ARC_NCA (license.spdx_id, language, pushed_at)","""language"":""Jupyter Notebook"",""license"":""Apache-2.0"",""pushed_at"":""2026-03-09T14:02:02Z""",2026-03-09,2026-10-01,High,Read 2026-10-01 via gh api; NOASSERTION/null = no SPDX license detected.
R3-152,GPU,"Official repo google-research/self-organising-systems: license Apache-2.0, language Jupyter Notebook, last push 2026-01-09; framework Jupyter Notebook (framework not verified)",,,CODE,https://github.com/google-research/self-organising-systems,"GitHub REST API repos/google-research/self-organising-systems (license.spdx_id, language, pushed_at)","""language"":""Jupyter Notebook"",""license"":""Apache-2.0"",""pushed_at"":""2026-01-09T22:24:38Z""",2026-01-09,2026-10-01,High,Read 2026-10-01 via gh api; NOASSERTION/null = no SPDX license detected.
R3-153,READ,Recurrent networks trained on simple problems with few recurrent steps solve harder problems by performing additional recurrences at inference,,,REPORTED,https://arxiv.org/abs/2106.04537,Abstract (NeurIPS 2021),we show that recurrent networks trained to solve simple problems with few recurrent steps can indeed solve much more complex problems simply by performing additional recurrences during inference.,2021-06,2026-10-01,High,"Prefix sums, mazes, chess; baseline feed-forward nets of comparable depth. Evidence FOR time-replaces-depth (weight-shared conv recurrence, not a graph)."
R3-154,THEORY,"Feed-forward networks' sequential computing budget is limited by depth, so networks trained on simple problems cannot extend reasoning to harder ones",,,AUTHOR-CLAIM,https://arxiv.org/abs/2106.04537,Abstract,"the sequential computing budget of feed-forward neural networks is limited by their depth, and networks trained on simple problems have no way of extending their reasoning to accommodate harder problems.",2021-06,2026-10-01,High,Motivation shared with candidate; also already satisfied by looped transformers.
R3-155,GPU,"In GNN computational graphs, redundant neural operator computation accounts for 92.4% of total operators; inconsistent vertex/edge thread mapping prevents operator fusion",92.4,% of operators,REPORTED,https://arxiv.org/abs/2110.09524,Abstract,leading to redundant computation which accounts for 92.4% of total operators. (2) Inconsistent thread mapping.,2021-10,2026-10-01,High,GPU-efficiency evidence for message passing on sparse graphs (GAT/GCN-style); MLSys 2022.
R3-156,GPU,Coordinated computation/IO/memory optimisation of GNN graphs gives up to 2.75x end-to-end speedup and 7.73x less memory over frameworks,2.75,x speedup,REPORTED,https://arxiv.org/abs/2110.09524,Abstract,"we achieve up to 2.75× end-to-end speedup, 6.89× less memory IO, and 7.73× less memory consumption over state-of-the-art frameworks.",2021-10,2026-10-01,High,"Baseline: state-of-the-art GNN frameworks (DGL etc.), same models. Shows naive sparse message passing leaves large GPU inefficiency."
R3-157,HOP,Hierarchical associative memory: fully recurrent dense associative memory with arbitrarily many (possibly convolutional) layers and an energy that decreases along the dynamics,,,THEOREM,https://arxiv.org/abs/2107.06446,Abstract,"describes a fully recurrent model of associative memory with an arbitrary large number of layers, some of which can be locally connected (convolutional), and a corresponding energy function that decreases on the dynamical trajectory",2021-07,2026-10-01,High,"Recurrent energy-based graph with feedback; Lyapunov convergence (C5, C11)."
R3-158,HOP,Memory Mosaics (networks of associative memories) perform as well as or better than transformers on medium-scale language modelling,,,REPORTED,https://arxiv.org/abs/2405.06394,Abstract (ICLR 2025),memory mosaics perform as well or better than transformers on medium-scale language modeling tasks.,2024-05,2026-10-01,Medium,Baseline transformer; matching to verify in paper body (not verified here).
R3-159,OSC,AKOrN Sudoku models are trained with 16 Kuramoto steps; an 8-block Transformer is the non-recurrent baseline,16,Kuramoto steps,REPORTED,https://arxiv.org/abs/2410.13821,Section 6.2,The number of Kuramoto steps during training is set to 16. We also train a transformer model with 8 blocks.,2024-10,2026-10-01,High,Training horizon T_train=16; evaluation up to Teval=128 (beyond horizon).
R3-160,READ,Recall architecture keeps an explicit copy of the problem instance in memory so it cannot be forgotten across iterations,,,DESIGN,https://arxiv.org/abs/2202.05826,Abstract; Section 3,We propose a recall architecture that keeps an explicit copy of the problem instance in memory so that it cannot be forgotten.,2022-02,2026-10-01,High,Input re-injection; same mechanism as looped-transformer input injection (mandatory for T1 arm).
R3-161,OSC,"CTM readout: a neural synchronization matrix is computed from post-activation histories, and selected neuron pairs form the latent used for outputs and attention queries",,,DESIGN,https://arxiv.org/abs/2505.05522,Figure 1 / Section 3 architecture overview,Neural synchronization matrix St computed from Zt . 7 Selected neuron pairs from St form 8 latent representations used for 9 outputs yt and attention queries qt .,2025-05,2026-10-01,High,Readout from synchrony across many neuron pairs (C10); input via attention (state-conditioned routing).
R3-162,HOP,"Three Hopfield layer types for deep nets: Hopfield, HopfieldPooling, HopfieldLayer",,,DESIGN,https://arxiv.org/abs/2008.02217,Section 3 (Hopfield layers),"Below, we introduce three types of Hopfield layers: Hopfield, HopfieldPooling, and HopfieldLayer.",2020-07,2026-10-01,High,HopfieldLayer stores learned (persistent) patterns as parameters - persistent associative memory costs parameters.
R3-163,BENCH,MQAR formalised to close the gap between synthetic associative-recall tests (solved by gated convolutions) and real language recall,,,DESIGN,https://arxiv.org/abs/2312.04927,Abstract,"To close the gap between synthetics and real language, we develop a new formalization of the task called multi-query associative recall (Mqar) that better reflects actual language.",2023-12,2026-10-01,High,Benchmark for the preregistered 'associative recall' family; code in HazyResearch/zoology.
R3-164,RES,"Jaeger 2002 short-term memory capacity of echo state networks (memory capacity bound) - PDF text unextractable (font encoding garbled), not used",,,ACCESS-FAILED,https://www.ai.rug.nl/minds/uploads/STMEchoStatesTechRep.pdf,whole document,,2002,2026-10-01,Low,pdftotext output is symbol garbage; Dambre et al. 2012 (R3-071) used for the capacity bound instead.
R4-001,NAR,"Neural execution of graph algorithms: an MPNN with max aggregator, trained on 20-node graphs, predicts reachability (BFS) at 100 nodes with 99.80% last-step accuracy.",99.80,"% last-step accuracy, 100-node test",REPORTED,https://arxiv.org/abs/1910.10593,"Table 1 (Reachability), Sec. 4","MPNN-max (Gilmer et al., 2017) 100.0% / 100.0% 100.0% / 100.0% 99.92% / 99.80%",2019-10,2026-10-01,High,"Train 20 nodes, test 20/50/100. Baselines LSTM, GAT, GAT-full (Transformer-like), MPNN-mean/sum. Parameter/FLOP matching not stated -> unmatched."
R4-002,NAR,"Same table: fully-connected attention (GAT-full, labelled Vaswani et al. 2017) reaches only 91.51% last-step reachability accuracy at 100 nodes vs MPNN-max 99.80%, trained at 20 nodes.",91.51,"% last-step accuracy, 100-node test",REPORTED,https://arxiv.org/abs/1910.10593,Table 1,"GAT-full* (Vaswani et al., 2017) 78.40% / 77.86% 85.76% / 91.83% 88.98% / 91.51%",2019-10,2026-10-01,High,Evidence against dense attention as substitute for sparse task graph on reachability; unmatched (params/FLOPs not reported).
R4-003,NAR,"MPNN-mean collapses out of distribution on reachability: 21.40% last-step accuracy at 100 nodes after 100% at 20 nodes, i.e. aggregator choice decides size extrapolation.",21.40,"% last-step accuracy, 100-node test",REPORTED,https://arxiv.org/abs/1910.10593,Table 1,"MPNN-mean (Gilmer et al., 2017) 100.0% / 100.0% 61.05% / 57.89% 27.17% / 21.40%",2019-10,2026-10-01,High,Failure evidence: in-distribution 100% says nothing about size generalisation. Unmatched.
R4-004,NAR,"Neural execution uses a learned termination network that decides when to stop iterating (a learned halt), capped at |V| steps.",,,DESIGN,https://arxiv.org/abs/1910.10593,Sec. 3 (termination network T_A) and Sec. 4 training,"If the termination network TA does not terminate the neural network computation within |V | steps, it is assumed terminated at that point.",2019-10,2026-10-01,High,Prior art for C12 (learned halting) inside a GNN executor.
R4-005,NAR,Neural execution authors hypothesise max-aggregation MPNNs are best suited to graph algorithms because they rely on discrete neighbourhood decisions.,,,AUTHOR-CLAIM,https://arxiv.org/abs/1910.10593,Abstract,"we hypothesise that maximisation-based message passing neural networks are bestsuited for such objectives, and validate this claim empirically.",2019-10,2026-10-01,High,
R4-006,BENCH,"CLRS-30 protocol: train and validate on 16-node inputs (1,000 training trajectories), test out-of-distribution on 64-node inputs (4x larger).",64,nodes at OOD test (train 16),DESIGN,https://arxiv.org/abs/2205.15659,"Sec. 4 (Empirical evaluation), setup paragraph","we sample inputs of 16 nodes for both, and generate 1,000 trajectories for training and 32 for validation. For testing, we measure out-of-distribution generalisation, and sample 32 trajectories for inputs of 64 nodes.",2022-05,2026-10-01,High,The canonical NAR size ladder is only 4x; prereg asks >=4x.
R4-007,NAR,"CLRS-30 baseline: MPNN overall OOD (64-node) average micro-F1 44.99%, PGN 50.84%.",44.99,"% micro-F1, CLRS-30 OOD average",REPORTED,https://arxiv.org/abs/2205.15659,Table 1 'Overall average' row,Overall average 42.72% 43.17% 38.88% 44.99% 50.84%,2022-05,2026-10-01,High,"Columns: Deep Sets, GAT, Memnet, MPNN, PGN. FLOPs not matched."
R4-008,NAR,CLRS-30 authors: MPNNs are unable to transfer their in-distribution gains to graphs four times larger; PGN becomes best on average OOD.,,,AUTHOR-CLAIM,https://arxiv.org/abs/2205.15659,Sec. 4.4,"MPNNs are unable to transfer their impressive gains to graphs that are four times larger: in fact, the PGN takes over as the most performant model when averaged across task types",2022-05,2026-10-01,High,Failure evidence for size generalisation of dense message passing.
R4-009,NAR,CLRS-30 sorting class OOD: MPNN averages only 11.83% micro-F1 while Memory Networks get 71.53%.,11.83,"% micro-F1, sorting OOD",REPORTED,https://arxiv.org/abs/2205.15659,"Table 1, Sorting row",Sorting 39.60% ± 7.19 14.35% ± 4.64 71.53% ± 1.09 11.83% ± 2.78 15.45% ± 8.46,2022-05,2026-10-01,High,Columns Deep Sets/GAT/Memnet/MPNN/PGN. Unmatched FLOPs.
R4-010,NAR,CLRS-30 string algorithms are essentially unsolved OOD by all baselines (MPNN 3.21% micro-F1).,3.21,"% micro-F1, strings OOD",REPORTED,https://arxiv.org/abs/2205.15659,"Table 1, Strings row",Strings 2.64% ± 0.68 3.02% ± 1.08 1.51% ± 0.21 3.21% ± 0.94 2.04% ± 0.20,2022-05,2026-10-01,High,Failure evidence.
R4-011,NAR,Triplet-GMPNN (gated MPNN with triplet edge messages) reaches 74.14% overall OOD micro-F1 on CLRS-30 vs 50.84% for the best prior baseline (PGN).,74.14,"% micro-F1, CLRS-30 OOD average",REPORTED,https://arxiv.org/abs/2209.11142,Sec. 3.3 / Table 1 'Overall avg.',Overall avg. 38.88% 44.99% 50.84% 74.14%,2022-09,2026-10-01,High,"Columns Memnet/MPNN/PGN/Triplet-GMPNN; train 16 nodes, test 64. Not param- or FLOP-matched (triplet messages are O(n^3))."
R4-012,NAR,Triplet-GMPNN exceeds 90% OOD accuracy on only 11 of 30 CLRS algorithms.,11,algorithms of 30 above 90% OOD,REPORTED,https://arxiv.org/abs/2209.11142,Sec. 3.3,"we now exceed 60% accuracy in 24 algorithms (15 algorithms previously), 80% for 17 algorithms (9 previously) and 90% for 11 algorithms (6 previously).",2022-09,2026-10-01,High,Even best processor misses the prereg 0.95 bar on most algorithms at 4x size.
R4-013,NAR,Triplet reasoning computes a message for every node triplet then max-reduces to edge latents (Floyd-Warshall-style edge updates).,,,DESIGN,https://arxiv.org/abs/2209.11142,"Sec. 3.2.3, Eq. 5","we introduce triplet reasoning: first, computing representations over triplets of nodes, then reducing over one node to obtain edge latents",2022-09,2026-10-01,High,O(n^3) per step: relevant to GPU cost (V5).
R4-014,NAR,Generalist learner adds a per-node update gate because algorithms update few nodes per step; gate helps single-task but not multi-task.,,,AUTHOR-CLAIM,https://arxiv.org/abs/2209.11142,Sec. 3.2.3 'Gating mechanisms',"We found that the gate stabilizes learning on many of the tasks, and increases the mean performance over all tasks on single-task training significantly. Surprisingly, however, we did not find gating to be advantageous in the multi-task case.",2022-09,2026-10-01,High,Relevant to C4 stability fixes.
R4-015,NAR,Triplet-GMPNN still fails some CLRS tasks OOD: Quickselect 0.47% micro-F1.,0.47,% micro-F1 Quickselect OOD,REPORTED,https://arxiv.org/abs/2209.11142,"Table 2 (per-algorithm), Quickselect row",Quickselect 1.74% ± 0.03 1.43% ± 0.69 3.66% ± 0.42 0.47% ± 0.25,2022-09,2026-10-01,High,Failure evidence; last column Triplet-GMPNN.
R4-016,NAR,"Pointer Graph Networks let each node dynamically point to another node and message-pass over those inferred pointer edges, i.e. edges are created at inference.",,,DESIGN,https://arxiv.org/abs/2006.06380,Abstract,"PGNs allow each node to dynamically point to another node, followed by message passing over these pointers. The sparsity of this adaptable graph structure makes learning tractable",2020-06,2026-10-01,High,Closest prior art for C6/C8/C13 (state-conditioned edge creation per step).
R4-017,NAR,"PGN pointers are learned with direct supervision from classical data-structure traces, not discovered unsupervised.",,,DESIGN,https://arxiv.org/abs/2006.06380,Abstract,"Critically, the pointing mechanism is directly supervised to model long-term sequences of operations on classical data structures",2020-06,2026-10-01,High,Key gap: unsupervised top-k edge creation (candidate C6) is not what PGN shows.
R4-018,NAR,"PGNs generalise to 5x larger inputs on dynamic graph connectivity, beating unrestricted GNNs and Deep Sets.",5,x train size,AUTHOR-CLAIM,https://arxiv.org/abs/2006.06380,Abstract,"PGNs generalise out-of-distribution to 5× larger test inputs on dynamic graph connectivity tasks, outperforming unrestricted GNNs and Deep Sets.",2020-06,2026-10-01,High,"Unmatched; baselines are GNNs and Deep Sets, no Transformer/looped baseline."
R4-019,NAR,Neural Execution Engines: plain seq2seq Transformers learn sorting but degrade as lists grow beyond training length.,,,AUTHOR-CLAIM,https://arxiv.org/abs/2006.08084,Abstract,"transformer-based sequence-to-sequence models can learn subroutines like sorting a list of numbers, but their performance rapidly degrades as the length of lists grows beyond those found in the training set.",2020-06,2026-10-01,High,Failure evidence for dense attention on length extrapolation.
R4-020,NAR,NEE (Transformer with learned conditional mask/pointer) trained on length <=8 sorts length-100 sequences.,100,sequence length at test (train <=8),REPORTED,https://arxiv.org/abs/2006.08084,"Sec. 5, Table 1",strongly generalize on merge sort over long sequences (up to length 100) while trained on sequences of length smaller or equal to 8.,2020-06,2026-10-01,High,Requires subroutine-level supervision and binary number encoding; no param matching reported.
R4-021,NAR,"NEE is described as a graph attention network that modifies its own graph (mask) via predicted pointers, applied iteratively.",,,DESIGN,https://arxiv.org/abs/2006.08084,Sec. 3,"A NEE is essentially a graph attention network [27] that can modify its own graph, resulting in a new decoding mechanism.",2020-06,2026-10-01,High,Prior art for C13 inside a Transformer.
R4-022,NAR,Deep Thinking (Schwarzschild 2021): recurrent nets trained on easy instances solve harder ones by running more iterations at test time without new parameters; feed-forward nets cannot.,,,AUTHOR-CLAIM,https://arxiv.org/abs/2106.04537,Abstract / Sec. 1,"we find that the performance of recurrent models improves as they recur for more iterations, even without adding parameters or re-training in the new, more challenging problem domain.",2021-06,2026-10-01,High,"Core 'time replaces depth' prior result; convolutional grid, not a graph."
R4-023,NAR,"Deep Thinking prefix-sum protocol: train on 32-bit strings, test on 40- and 44-bit strings; effective depths 40-68 layers.",32,bits at train (test 40/44),DESIGN,https://arxiv.org/abs/2106.04537,Sec. 4.1 Prefix sums,We train models on easy data consisting of 32-bit input strings and test on harder 40-bit and 44-bit strings.,2021-06,2026-10-01,High,"Recurrent vs feed-forward compared at equal effective depth (recurrent has fewer params) -> depth-matched, not param-matched."
R4-024,NAR,"DT-Recall with progressive loss, trained on 32-bit prefix sums with at most 30 recurrent iterations, solves 512-bit strings at 97.12% peak accuracy (237 test iterations); plain DT gets 11.26%, FF 0.00%.",97.12,"% peak accuracy, 512-bit test",REPORTED,https://arxiv.org/abs/2202.05826,"Appendix A.5, Table 3 (Tested on 512-bit Strings)",DT-Recall 1.0 237 97.12 ± 1.88,2022-02,2026-10-01,High,"16x length extrapolation. Baselines DT (same recurrence, no recall) and FF; FF is depth-matched to training iterations, not param-matched. Peak accuracy chosen post hoc over iterations (selection on test curve)."
R4-025,NAR,DT-Recall trained on 9x9 mazes solves 59x59 mazes at 97.30% peak accuracy after 984 test iterations; plain DT and feed-forward get 0.00% at 59x59.,97.30,"% peak accuracy, 59x59 mazes",REPORTED,https://arxiv.org/abs/2202.05826,"Appendix A.5, Table 4 (Tested on 59 x 59 Mazes)",DT-Recall 0.01 984 97.30 ± 0.68,2022-02,2026-10-01,High,~6.5x side length. Needs ~1000 iterations: inference compute grows with size. Unmatched FLOPs vs FF.
R4-026,NAR,Overthinking: recurrent thinking nets degrade when iterated far beyond their training regime; fix is 'recall' (re-inject input every step) plus a progressive loss over random iteration counts.,,,AUTHOR-CLAIM,https://arxiv.org/abs/2202.05826,Abstract,"We observe that this approach fails to scale to highly complex problems because behavior degenerates when many iterations are applied – an issue we refer to as ""overthinking."" We propose a recall architecture that keeps an explicit copy of the problem instance in memory",2022-02,2026-10-01,High,Stability failure mode + fix directly relevant to V4 (T_test=4xT_train). Candidate must include input re-injection or equivalent.
R4-027,NAR,Chess puzzles show a ceiling: DT-Recall peaks at 82.69% vs feed-forward 61.17% on harder (600K-700K) puzzles; extra iterations do not close the gap to 100%.,82.69,"% peak accuracy, chess puzzles 600K-700K",REPORTED,https://arxiv.org/abs/2202.05826,"Appendix A.5, Table 5",DT-Recall 0.5 57 82.69 ± 0.27,2022-02,2026-10-01,High,Evidence that iteration helps but saturates on a task not decomposable into a local iterative rule. FF baseline unmatched in params.
R4-028,NAR,Ablation: a loss that directly penalises run time (loss weights increasing with iteration) gave maze models that solved 0 of the 59x59 test mazes despite >99% training accuracy and 93.8% at 33x33.,93.8,% accuracy at 33x33 (0 at 59x59),REPORTED,https://arxiv.org/abs/2202.05826,Appendix A.3,"On maze data, these models were not able to solve any 59x59 mazes in our test set, and we note that the training accuracy is >99% and the accuracy on 33x33 mazes is 93.8%",2022-02,2026-10-01,Medium,Failure evidence: training variants that change the iteration objective can destroy extrapolation. Exact variant described in the appendix paragraph preceding the quote.
R4-029,NAR,"Uncanny Similarity of Recurrence and Depth: weight-tied recurrent nets emulate deep feed-forward nets' hierarchical behaviour, often with far fewer parameters.",,,AUTHOR-CLAIM,https://arxiv.org/abs/2102.11011,Abstract,"we show that recurrent networks have the ability to closely emulate the behavior of non-recurrent deep models, often doing so with far fewer parameters.",2021-02,2026-10-01,High,Supports 'computational capacity per parameter' half of hypothesis; not about knowledge storage.
R4-030,NAR,Recurrent ResNet-18 analogues perform nearly as well as ResNet-18 on CIFAR-10/SVHN/EMNIST with about one third of the parameters.,,,AUTHOR-CLAIM,https://arxiv.org/abs/2102.11011,"Sec. 3, Table 1","Table 1 shows that these recurrent models perform nearly as well as ResNet-18, despite containing only a third of the parameters.",2021-02,2026-10-01,High,"Depth-matched (effective depth), not FLOP-different: FLOPs roughly equal, params 1/3."
R4-031,NAR,"Maze extrapolation critique (2024): pretrained DT-Net and PI-Net extrapolate in maze size but fail along other difficulty axes (cycles via percolation, deadend start).",,,AUTHOR-CLAIM,https://arxiv.org/abs/2410.03020,Abstract,"By varying test data along multiple axes — not just maze size — we show that models introduced in prior work fail in a variety of ways, some expected and others less so. It remains uncertain whether any of these models has truly learned an algorithm.",2024-10,2026-10-01,High,Adversarial evidence: size-extrapolation success can be a narrow algorithm (deadend-filling) that breaks on mazes with loops.
R4-032,NAR,"DT-Net's maze outputs agree with the classical deadend-filling algorithm on 98.8% of 143k test mazes, including its failures.",98.8,% agreement with deadend-filling,REPORTED,https://arxiv.org/abs/2410.03020,"Sec. 4, footnote 1 / Figure 8",the output of the RNN agrees with deadend-filling on 98.8% of 143k tests mazes across a variety of sizes and percolation values.,2024-10,2026-10-01,High,Deadend-filling fails on mazes with cycles -> learned algorithm is not shortest-path in general.
R4-033,NAR,"DT-Net accuracy rapidly diminishes as maze percolation (cycles) rises above 0, and extra iterations do not change outputs.",,,AUTHOR-CLAIM,https://arxiv.org/abs/2410.03020,Figure 5 caption,"The accuracy of DT-Net rapidly diminishes when percolation increases above 0. DT-Net was iterated 30 times, and the resulting outputs do not change with additional iterations.",2024-10,2026-10-01,High,Failure evidence for V4: more iterations do not rescue distribution shift other than size.
R4-034,NAR,Training on more diverse mazes fixes some failures but paradoxically does not improve logical extrapolation; non-fixed-point models can enter limit cycles.,,,AUTHOR-CLAIM,https://arxiv.org/abs/2410.03020,Abstract,"training these models on more diverse data addresses some failure modes but, paradoxically, does not improve logical extrapolation. We also analyze convergence behavior, and show that models explicitly trained to converge to a fixed point are likely to do so",2024-10,2026-10-01,High,Convergence signal (C11) is not a correctness signal: limit cycles occur even when correct.
R4-035,BENCH,Prior maze extrapolation work fixed percolation=0 and deadend start=True for both train and test — a narrow distribution that admits a deadend-filling shortcut.,0,percolation used in prior train/test,DESIGN,https://arxiv.org/abs/2410.03020,Sec. 2 (maze-dataset distribution shifts),Prior work (Bansal et al. 2022; Anil et al. 2022) has set percolation = 0 and deadend start = True for both training and testing.,2024-10,2026-10-01,High,"Benchmark pitfall: our maze family must vary percolation and start position, not only size."
R4-036,NAR,"PI-Net (implicit/DEQ maze solver) failed on all 49x49 mazes with the original Broyden threshold 40; needed threshold 1,000, raising memory cost.",40,Broyden threshold (fails at 49x49),REPORTED,https://arxiv.org/abs/2410.03020,Appendix C.3,"it appears the threshold parameter was originally set at 40. However, with this setting PI-Net performed very poorly; it failed on all mazes of size 49 × 49.",2024-10,2026-10-01,High,Implicit-model extrapolation is solver-hyperparameter sensitive; memory scales with threshold.
R4-037,NAR,"NeuralSolver: recurrent solver for same-size and different-size tasks, claims better extrapolation than prior recurrent solvers with fewer parameters.",,,AUTHOR-CLAIM,https://arxiv.org/abs/2402.15393,Abstract,"NeuralSolver consistently outperforms the prior state-ofthe-art recurrent solvers in extrapolating to larger problems, considering smaller training problems and requiring less parameters than other approaches.",2024-02,2026-10-01,Medium,"Baselines are recurrent solvers (DT family), not Transformers."
R4-038,BENCH,CLRS-Text: procedural generator converting CLRS-30 graph traces to text; a single Gemma 2B is trained on chosen sizes for all thirty algorithms and evaluated in interpolation and extrapolation regimes.,2,B parameters (Gemma 2B),DESIGN,https://arxiv.org/abs/2406.04229,Sec. 3 / Appendix B,"we follow a rigorous out-of-distribution setup, wherein we pre-train a Gemma 2B model (Gemma Team et al., 2024) using the standard next-token prediction objective on specific problem sizes across all thirty algorithms",2024-06,2026-10-01,High,Language-track benchmark for the later 'language' phase.
R4-039,BENCH,"CLRS-Text authors flag contamination: CLRS algorithms are standard textbook material with implementations omnipresent on GitHub, likely in frontier-model training data.",,,AUTHOR-CLAIM,https://arxiv.org/abs/2406.04229,Sec. 3 (frontier model evaluation),"their implementations are omnipresent on GitHub, and it is very likely that most frontier models have been trained on such source codes.",2024-06,2026-10-01,High,Pitfall: leakage for pretrained-LM baselines; irrelevant for from-scratch matched arms.
R4-040,BENCH,"SALSA-CLRS: sparse extension of CLRS (BFS, DFS, Dijkstra, Eccentricity, MIS, MST) evaluated on graphs up to 100x the training size; CLRS's fully connected execution model causes OOM on large graphs.",100,x training graph size at test,DESIGN,https://arxiv.org/abs/2309.12253,Abstract / Sec. 1,SALSA-CLRS enables the evaluation of scalable architectures on graphs up to 100 times the size of the training graphs.,2023-09,2026-10-01,High,Recommended generator for reachability/shortest-path ladders beyond 4x.
R4-041,NAR,"SALSA-CLRS: RecGNN trained on ER graphs n<=16 keeps BFS node accuracy 99.2% at n=1600 on ER graphs, but drops to 55.6% on Delaunay graphs at n=1600.",99.2,"% BFS node accuracy, ER n=1600",REPORTED,https://arxiv.org/abs/2309.12253,"Table 1 (BFS rows, ER and Delaunay columns)",RecGNN 100.0 99.8 99.5 99.3 99.2 100.0 97.8 94.2 82.2 82.1 100.0 98.5 92.0 67.1 55.6,2023-09,2026-10-01,High,"Columns ER 16/80/160/800/1600, WS same, Delaunay same. Node accuracy, not graph-level exact match. Baselines GIN(E), PGN; no Transformer; unmatched."
R4-042,NAR,"SALSA-CLRS: DFS is not learned by any sparse model even in distribution (PGN 74.2% node acc at n=16, 25.8% at n=1600 on ER).",25.8,"% DFS node accuracy, ER n=1600 (PGN)",REPORTED,https://arxiv.org/abs/2309.12253,Table 1 (DFS rows),PGN 74.2 41.2 29.9 27.8 25.8 58.8 17.9 17.7 23.6 21.3 72.7 41.7 38.2 35.8 35.4,2023-09,2026-10-01,High,Failure evidence: sequential/stack algorithms resist message passing.
R4-043,NAR,SALSA-CLRS: graph-level Eccentricity accuracy for PGN falls from 100.0% to 0.0% on Delaunay graphs at n=800-1600; node-level metrics hide graph-level failure.,0.0,% graph accuracy Eccentricity Delaunay n=800,REPORTED,https://arxiv.org/abs/2309.12253,Table 1 (Eccentricity rows),PGN 100.0 100.0 100.0 100.0 64.6 100.0 93.8 100.0 25.6 5.2 100.0 100.0 76.9 0.0 0.0,2023-09,2026-10-01,High,Supports prereg's use of exact-match (graph-level) accuracy.
R4-044,NAR,TransNAR: Transformer tokens cross-attend to node embeddings of a pre-trained GNN reasoner; reports >20% absolute OOD gains in several CLRS-Text algorithm classes over Transformer-only.,20,% absolute improvement (several classes),REPORTED,https://arxiv.org/abs/2406.09308,Figure 1 caption,"TransNAR enables emerging capabilities in the particular out-of-distribution regime depicted here, with over 20% absolute improvement in several of the algorithm classes.",2024-06,2026-10-01,High,"Baseline: Transformer-only LM of same backbone; the NAR adds parameters and a graph input, so not param-matched."
R4-045,NAR,No-hint NAR (Rodionov & Prokhorenkova 2023): removing trajectory supervision and adding a self-supervised regulariser is competitive with hint-supervised models; sorting F1 98.7% vs prior best 95.2%.,98.7,% F1 sorting (CLRS OOD),REPORTED,https://arxiv.org/abs/2306.13411,Sec. 1 (contributions),"we get the F1 score 98.7% for the sorting, which significantly improves over the previously known winner with 95.2%.",2023-06,2026-10-01,High,"Baseline: hint-supervised Triplet-GMPNN family; same processor, not FLOP-matched. Relevant: candidate need not rely on hints."
R4-046,NAR,"Models trained without hints tend toward parallel processing, so imitating the sequential trajectory can be suboptimal.",,,AUTHOR-CLAIM,https://arxiv.org/abs/2306.13411,Sec. 1,"the model trained without hint supervision has a greater tendency to do parallel processing, thus following the original sequential trajectory can be suboptimal.",2023-06,2026-10-01,High,
R4-047,NAR,Hint-ReLIC (causal regularisation via data augmentation on hints) reports up to 3x improvement on CLRS OOD test data.,3,"x improvement (max, OOD)",REPORTED,https://arxiv.org/abs/2302.10258,Abstract,"We evaluate our method on the CLRS algorithmic reasoning benchmark, where we show up to 3× improvements on the OOD test data.",2023-02,2026-10-01,High,"Baseline Triplet-GMPNN; same processor, not FLOP-matched."
R4-048,NAR,Discrete NAR forces execution through finite predefined discrete states; with state-transition supervision it achieves perfect test scores and provable correctness for any test size.,,,AUTHOR-CLAIM,https://arxiv.org/abs/2402.11628,Abstract,"Trained with supervision on the algorithm’s state transitions, such models are able to perfectly align with the original algorithm. To show this, we evaluate our approach on multiple algorithmic problems and achieve perfect test scores",2024-02,2026-10-01,High,"Strong size generalisation comes from heavy supervision + discretisation, not from free latent dynamics; a confound for the candidate."
R4-049,NAR,"Recurrent NAR (LSTM aggregator instead of symmetric max) reaches 87% mean micro-F1 on Quickselect, where Triplet-GMPNN had 0.47%.",87,% micro-F1 Quickselect OOD,REPORTED,https://arxiv.org/abs/2409.07154,Abstract,RNAR achieves a mean micro-F1 score of 87%.,2024-09,2026-10-01,High,"Same architecture except aggregator: an ablation-style, roughly param-comparable comparison (exact counts not stated)."
R4-050,NAR,"CLRS: ten of thirty tasks are sequential (list inputs with natural order), where permutation-invariant aggregation is a mismatch.",ten of thirty,CLRS tasks that are sequential,REPORTED,https://arxiv.org/abs/2409.07154,Sec. 1,"Indeed, such algorithms are frequent in CLRS—ten out of thirty of its tasks [19–23] are sequential.",2024-09,2026-10-01,High,Ordered/sequence tasks may favour Transformer/RNN arms over a symmetric graph arm.
R4-051,THEORY,Positional Transformers (attention weights depend only on positional encodings) keep the expressivity of parallel computational models at a logarithmic depth cost in input length.,,,THEOREM,https://arxiv.org/abs/2410.01686,Abstract / Sec. 4 expressivity results,"We prove that Transformers with positional attention (positional Transformers) maintain the same expressivity of parallel computational models, incurring a logarithmic depth cost relative to the input length.",2024-10,2026-10-01,High,Fixed (input-independent) routing suffices for many parallel algorithms: weakens the necessity of state-conditioned topology (C8).
R4-052,THEORY,Nerem et al. 2025: a min-aggregation GNN minimising a sparsity-regularised loss on a small set of shortest-path instances provably implements Bellman-Ford and extrapolates to graphs of any size.,,,THEOREM,https://arxiv.org/abs/2503.19173,Abstract; Theorem 2.3,"these GNNs are guaranteed to extrapolate to arbitrary shortest-path problems, including instances of any size.",2025-03,2026-10-01,High,Guarantee requires L0/sparsity regulariser and MinAgg architecture aligned to BF.
R4-053,THEORY,"Which Algorithms Can GNNs Learn? (2026): sufficient conditions for MPNNs to learn from small instances and provably approximate on any size (SSSP, MST, DP incl. 0-1 knapsack), plus impossibility results for many tasks.",,,THEOREM,https://arxiv.org/abs/2602.13106,Abstract,"we establish impossibility results for a wide range of algorithmic tasks, showing that standard MPNNs cannot learn them and derive more expressive MPNN-like architectures that overcome these limitations.",2026-02,2026-10-01,High,Shared M/U message passing has provable learnability limits: an explicit constraint on the candidate's message function.
R4-054,NAR,Recursive algorithmic reasoning: GNNs cannot execute recursive algorithms without arbitrarily large memory; augmenting a GNN with a stack improves size generalisation on DFS.,,,AUTHOR-CLAIM,https://arxiv.org/abs/2307.00337,Abstract,"neural networks are currently unable to execute recursive algorithms because they do not have arbitrarily large memory to store and recall state. To address this, we (1) propose a way to augment graph neural networks (GNNs) with a stack",2023-07,2026-10-01,High,Supports C9 (external/associative memory) as necessary for some algorithm classes.
R4-055,THEORY,Algorithmic alignment: a network learns a reasoning task with lower sample complexity when its computation structure aligns with the algorithm; GNNs align with dynamic programming.,,,THEOREM,https://arxiv.org/abs/1905.13211,Abstract; Sec. 3 (Theorem 3.6 sample-complexity bound),We formally define this algorithmic alignment and derive a sample complexity bound that decreases with better alignment.,2019-05,2026-10-01,High,Theory basis for why task-graph GNNs beat Transformers on DP tasks.
R4-056,THEORY,How NNs extrapolate: ReLU MLPs converge to linear functions away from the data; GNN algorithmic extrapolation relies on encoding task-specific non-linearities (e.g. min/max aggregation).,,,THEOREM,https://arxiv.org/abs/2009.11848,Abstract,"the success of GNNs in extrapolating algorithmic tasks to new data (e.g., larger graphs or edge weights) relies on encoding task-specific non-linearities in the architecture or features.",2020-09,2026-10-01,High,Shared M/U with generic MLPs is not expected to extrapolate without aligned aggregators.
R4-057,THEORY,"Size generalisation in GNNs: when local structures differ between small and large graphs, there exist 'bad' global minima that fit small graphs but fail on large ones.",,,THEOREM,https://arxiv.org/abs/2010.08853,Abstract,GNNs are not guaranteed to generalize across sizes: there are ”bad” global minima that do well on small graphs but fail on large graphs.,2020-10,2026-10-01,High,Failure evidence; the size ladder must keep local degree statistics comparable or report shift.
R4-058,THEORY,GNNs are Dynamic Programmers: category-theory/abstract-algebra argument for an intricate connection between GNNs and DP beyond Bellman-Ford.,,,AUTHOR-CLAIM,https://arxiv.org/abs/2203.15544,Abstract,"we show, using methods from category theory and abstract algebra, that there exists an intricate connection between GNNs and DP, going well beyond the initial observations over individual algorithms such as Bellman-Ford.",2022-03,2026-10-01,High,
R4-059,NAR,"Parallel algorithms align with neural execution: NAR processors are parallel, so teaching sequential algorithms wastes computation; parallel variants need fewer layers and train faster.",,,AUTHOR-CLAIM,https://arxiv.org/abs/2307.04049,Abstract,"Parallel algorithms however may exploit their full computational power, therefore requiring fewer layers to be executed. This drastically reduces training times",2023-07,2026-10-01,High,"Iteration budget T should be set by parallel depth of the task, not sequential step count."
R4-060,NAR,"ForgetNet: historical embeddings (persistent hidden states across steps) contradict the Markov nature of algorithm execution; ForgetNet drops them, G-ForgetNet gates them back in for early training.",,,AUTHOR-CLAIM,https://arxiv.org/abs/2403.04929,Abstract,"such historical dependence intrinsically contradicts the Markov nature of algorithmic reasoning tasks. Based on this motivation, we present our ForgetNet, which does not use historical embeddings",2024-03,2026-10-01,High,Adversarial evidence against C1 (persistent latent node state) when step-wise hints define the state.
R4-061,THEORY,Sanford et al. 2024: logarithmic depth is necessary and sufficient for Transformers to solve graph connectivity; single-layer Transformers with small embeddings solve contextual retrieval.,,,THEOREM,https://arxiv.org/abs/2405.18512,Abstract; Sec. 3 (Hardness taxonomy of transformer graph reasoning tasks),"We prove that logarithmic depth is necessary and sufficient for tasks like graph connectivity, while single-layer transformers with small embedding dimensions can solve contextual retrieval tasks.",2024-05,2026-10-01,High,"Implication: a looped Transformer needs only O(log n) iterations for reachability, whereas message passing over a sparse task graph needs O(diameter). The candidate's iteration budget is at a structural disadvantage on connectivity unless it creates long-range edges."
R4-062,THEORY,Sanford et al. generalise the result that graph connectivity is computed more depth-efficiently by Transformers than by GNNs.,,,AUTHOR-CLAIM,https://arxiv.org/abs/2405.18512,Sec. 1 (Introduction),We generalize the insights of [69]—which established that graph connectivity can be computed in a more depth-efficient manner with transformers than GNNs—to broader families of graph reasoning tasks.,2024-05,2026-10-01,High,Directly supports the 'Transformer is already a better graph' objection on reachability.
R4-063,BENCH,"Transformers Struggle to Learn to Search: with the right (balanced) training distribution Transformers learn graph search, but difficulty grows with input graph size and is not fixed by more parameters or by chain-of-thought.",,,AUTHOR-CLAIM,https://arxiv.org/abs/2412.04703,Abstract,"as the input graph size increases, the transformer has greater difficulty in learning the task. This difficulty is not resolved even as the number of parameters is increased, suggesting that increasing model scale will not lead to robust search abilities.",2024-12,2026-10-01,High,Fixed-depth decoder-only Transformers; no looped baseline. Supports hypothesis vs T0 but says nothing about T1.
R4-064,BENCH,Search protocol detail: models trained on up to 883M examples with maximum input graph size of 41 vertices; naive vs star vs balanced training distributions compared.,41,max vertices in training graph,DESIGN,https://arxiv.org/abs/2412.04703,Figure 2 caption,"Accuracy of model with a maximum input graph size of 41 vertices trained on 883M examples from the naı̈ve distribution, vs star distribution, vs the balanced distribution with lookaheads L ≤ 20",2024-12,2026-10-01,High,Pitfall: naive random-graph distributions let models shortcut; training distribution (lookahead balance) decides whether search is learned.
R4-065,THEORY,"Transformers learn an 'exponential path-merging' search: each layer extends per-vertex reachable sets, covering a number of vertices exponential in layer count.",,,AUTHOR-CLAIM,https://arxiv.org/abs/2412.04703,"Sec. 4 (mechanistic interpretation), Figure 4","Each layer successively extends the sets of reachable vertices, thereby allowing the model to search over a number of vertices exponential in the number of layers.",2024-12,2026-10-01,High,Attention already performs state-conditioned dynamic routing on graphs: the objection made concrete.
R4-066,THEORY,Disentangled Transformer with L layers provably computes connectivity for graph diameter up to 3^L (powers of the adjacency matrix); beyond-capacity training graphs drive a node-degree heuristic.,3^L,max diameter solvable by L layers,THEOREM,https://arxiv.org/abs/2510.19753,Abstract,"an L-layer model can compute connectivity in graphs with diameters up to 3L , implementing an algorithm equivalent to computing powers of the adjacency matrix.",2025-10,2026-10-01,High,Superscript lost in PDF text ('3L' = 3^L). Implies T1 needs ~log3(diameter) loops.
R4-067,BENCH,Restricting training data to within-capacity graphs makes standard and Disentangled Transformers learn the exact connectivity algorithm; otherwise they learn a degree heuristic (shortcut).,,,AUTHOR-CLAIM,https://arxiv.org/abs/2510.19753,Abstract,restricting training data to stay within a model’s capacity makes both standard and Disentangled Transformers learn the exact algorithm.,2025-10,2026-10-01,High,Benchmark pitfall: reachability datasets admit degree-based shortcuts; train-diameter must be controlled per arm depth/iterations.
R4-068,BENCH,Transformers learn connectivity on low-dimensional grid-like directed graphs but struggle on non-grid graphs with many disconnected components.,,,AUTHOR-CLAIM,https://arxiv.org/abs/2509.22343,Abstract,"if the graph is not a grid graph and contains many disconnected components, transformers struggle to learn the connectivity task, especially when the number of components is large.",2025-09,2026-10-01,Medium,Under review per PDF header. Graph family is a confound for reachability benchmarks.
R4-069,THEORY,Loukas 2019: many graph decision/optimisation problems are impossible for message-passing GNNs unless depth x width exceeds a polynomial of the graph size.,,,THEOREM,https://arxiv.org/abs/1907.03199,Abstract,several of these problems are deemed impossible unless the product of a GNNmp’s depth and width exceeds a polynomial of the graph size,2019-07,2026-10-01,High,Depth (iterations T) and width trade off: fixed-width recurrent graph needs T growing polynomially in n for these tasks — compute grows even when parameters do not.
R4-070,THEORY,"Joshi 2025: Transformers are message-passing GNNs on fully connected token graphs, with attention giving relative importance of all tokens.",,,AUTHOR-CLAIM,https://arxiv.org/abs/2506.22084,Abstract,"We show how Transformers can be viewed as message passing GNNs operating on fully connected graphs of tokens, where the self-attention mechanism capture the relative importance of all tokens w.r.t. each-other",2025-06,2026-10-01,High,"The central objection, stated in the literature."
R4-071,GPU,Joshi 2025: Transformers run as dense matrix operations far more efficient on modern hardware than sparse message passing — 'GNNs currently winning the hardware lottery'.,,,AUTHOR-CLAIM,https://arxiv.org/abs/2506.22084,Abstract,Transformers are implemented via dense matrix operations that are significantly more efficient on modern hardware than sparse message passing. This leads to the perspective that Transformers are GNNs currently winning the hardware lottery.,2025-06,2026-10-01,High,Direct evidence relevant to V5 (wall-clock).
R4-072,THEORY,"Illusion of State: S4/Mamba-type SSMs, like Transformers, lie in TC0 and cannot solve permutation composition (S5 word problem) and related state tracking.",,,THEOREM,https://arxiv.org/abs/2404.08819,Abstract; Figure 1,"the expressive power of S4, Mamba, and related SSMs is limited very similarly to transformers (within TC0 ), meaning these SSMs cannot solve simple state-tracking problems like permutation composition",2024-04,2026-10-01,High,Under standard complexity conjecture (TC0 != NC1). Fixed-depth/log-precision assumption; looped models with depth growing with length escape this.
R4-073,THEORY,Transformers Learn Shortcuts to Automata: an o(T)-layer Transformer can exactly simulate any finite-state automaton on length-T inputs; O(log T)-depth solutions always exist and O(1)-depth ones are common.,,,THEOREM,https://arxiv.org/abs/2210.10749,Abstract,"We find that polynomial-sized O(log T )-depth solutions always exist; furthermore, O(1)-depth simulators are surprisingly common, and can be understood using tools from Krohn-Rhodes theory and circuit complexity.",2022-10,2026-10-01,High,Recurrence over T steps is not needed for automata if log-depth parallel scan suffices.
R4-074,BENCH,Shortcut solutions learned by Transformers on automata are brittle out of distribution.,,,AUTHOR-CLAIM,https://arxiv.org/abs/2210.10749,Abstract,"Empirically, we find that Transformers converge to shortcut solutions with standard training, across a wide variety of automata. We further investigate the brittleness of these solutions and propose potential mitigations.",2022-10,2026-10-01,High,Pitfall: in-distribution success on state tracking may be a non-extrapolating shortcut; test longer lengths.
R4-075,BENCH,"Neural Networks and the Chomsky Hierarchy: 20,910 models on 15 tasks; train lengths 1-40, test 41-500; open-source generator.",500,max test sequence length (train N=40),DESIGN,https://arxiv.org/abs/2207.02098,Sec. 4 (data generation),"We define the maximum training sequence length as the training range N , with N = 40. Every mini-batch is generated by first sampling a length ` from the uniform distribution U(1, N )",2022-07,2026-10-01,High,"Generator: github.com/deepmind/neural_networks_chomsky_hierarchy. Test range U(N+1, M) with M = 500 stated in the same paragraph."
R4-076,BENCH,Chomsky hierarchy result: RNNs and Transformers fail to generalise on non-regular tasks; LSTMs solve regular and counter tasks; only stack/tape-augmented nets generalise on context-free and context-sensitive tasks.,,,AUTHOR-CLAIM,https://arxiv.org/abs/2207.02098,Abstract,"RNNs and Transformers fail to generalize on non-regular tasks, LSTMs can solve regular and counter-language tasks, and only networks augmented with structured memory (such as a stack or memory tape) can successfully generalize",2022-07,2026-10-01,High,Supports C9 (memory) necessity; recurrence alone (plain RNN) insufficient for non-regular tasks.
R4-077,THEORY,Parallelism tradeoff: log-precision Transformers are in uniform TC0; if L != P they cannot accurately solve linear equalities or arbitrary CFG membership.,,,THEOREM,https://arxiv.org/abs/2207.00729,Abstract,"if L 6= P (i.e., not all poly-time problems can be solved using logarithmic space), then transformers cannot even accurately solve linear equalities or check membership in an arbitrary context-free grammar",2022-07,2026-10-01,High,'6=' is the PDF rendering of '≠'. Fixed-depth limit; recurrent depth escapes it.
R4-078,THEORY,"Linear RNNs (Mamba, RWKV, GLA, mLSTM, DeltaNet) and Transformers cannot solve even parity in one forward pass; allowing negative eigenvalues in state transitions fixes parity and extends state tracking.",,,AUTHOR-CLAIM,https://arxiv.org/abs/2411.12537,Abstract,"In one forward pass, current architectures are unable to solve even parity, the simplest state-tracking task, which non-linear RNNs can handle effectively.",2024-11,2026-10-01,High,Recurrence alone is not enough: the update function's spectrum matters (relevant to U design).
R4-079,BENCH,Permutation composition is a natural general state-tracking probe: automata simulation and boolean expression evaluation reduce to it.,,,AUTHOR-CLAIM,https://arxiv.org/abs/2503.02854,Abstract,"many other tasks (e.g., simulation of finite automata and evaluation of boolean expressions) can be reduced to permutation composition, making it a natural model for state tracking in general.",2025-03,2026-10-01,High,Justifies S3/S5 word problem as the state-machine benchmark.
R4-080,THEORY,"Saunshi et al. 2025: a k-layer Transformer looped L times nearly matches a kL-layer non-looped model on addition, p-hop induction and math, and beats a k-layer model.",,,AUTHOR-CLAIM,https://arxiv.org/abs/2502.17416,Abstract,"a k-layer transformer looped L times nearly matches the performance of a kL-layer non-looped model, and is significantly better than a k-layer model.",2025-02,2026-10-01,High,Iso-param (k-layer) and iso-FLOP (kL-layer) baselines both reported: the matching standard the program should copy. This is the T1 arm the candidate must beat.
R4-081,THEORY,"Looped LMs have worse perplexity and memorisation than iso-FLOP non-looped models but reasoning closer to iso-FLOP, despite L times fewer parameters.",,,AUTHOR-CLAIM,https://arxiv.org/abs/2502.17416,"Sec. 1, 'Claim 2'",looped models have an inductive bias towards good reasoning despite having worse perplexity and memorization to an iso-flop non-looped model,2025-02,2026-10-01,High,Direct evidence for separating computational capacity (recurrence helps) from knowledge storage (recurrence does not).
R4-082,THEORY,"Knowledge capacity scaling law: language models store at most about 2 bits of factual knowledge per parameter, even at int8.",2,bits of knowledge per parameter,REPORTED,https://arxiv.org/abs/2404.05405,Abstract / Sec. 1 results,"language models can and only can store 2 bits of knowledge per parameter, even when quantized to int8",2024-04,2026-10-01,High,"Storage bound depends on parameters, not iterations: recurrence cannot raise it. Measured on GPT-2/LLaMA/Mistral/MoE families, not looped models."
R4-083,THEORY,"Recurrent GNNs with finite-precision parameters, sum aggregation and ReLU can compute any graph algorithm respecting the Color-Refinement (1-WL) invariance.",,,THEOREM,https://arxiv.org/abs/2505.00291,Abstract,"recurrent GNNs with finite-precision parameters, sum aggregation, and ReLU activation, can compute any graph algorithm that respects the natural message-passing invariance induced by the Color Refinement (or Weisfeiler-Leman) algorithm.",2025-05,2026-10-01,High,Upper bound for C3/C4/C5 with fixed topology: recurrence reaches the 1-WL ceiling but not beyond; learned edges (C6) are a way to escape it.
R4-084,THEORY,"Recurrent-depth Transformers trained from scratch generalise systematically and extrapolate in hop depth (e.g. 5-hop train to 10-hop) by scaling inference-time recurrence, where vanilla Transformers struggle.",,,AUTHOR-CLAIM,https://arxiv.org/abs/2604.07822,Abstract,"For depth extrapolation, we show that generalization beyond training depth can be unlocked by scaling inference-time recurrence, with more iterations enabling deeper reasoning.",2026-04,2026-10-01,Medium,Looped Transformer (T1) already extrapolates in depth — the bar the graph arm must clear.
R4-085,THEORY,Mechanistic study of looped Transformers: both matched- and decoupled-recurrence variants become unreliable at greater depths; local errors persist and compound.,,,AUTHOR-CLAIM,https://arxiv.org/abs/2609.33144,Abstract,"both mechanisms become unreliable at greater depths: MR-Loop exhibits degradation of its readout state and progress cues, while DR-Loop exhibits declining reliability of state propagation. Limited self-correction allows local errors to persist and compound.",2026-09,2026-10-01,Medium,Failure evidence for 'iterations replace depth' beyond training horizon in the T1 comparator; applies to any recurrent substrate.
R4-086,CONN,Discovering Neural Wirings: channels form connections independently of layers; the wiring is learned jointly with parameters during training (then fixed at inference).,,,DESIGN,https://arxiv.org/abs/1906.00586,Abstract,The wiring of our network is not fixed during training – as we learn the network parameters we also learn the structure itself.,2019-06,2026-10-01,High,"Topology learned ONCE (static after training), not per input or per iteration."
R4-087,CONN,DNW: learning MobileNetV1 connectivity raises ImageNet accuracy by 10% at about 41M FLOPs vs hand-engineered and random wirings.,10,% ImageNet accuracy gain at ~41M FLOPs,REPORTED,https://arxiv.org/abs/1906.00586,Abstract,By learning the connectivity of MobileNetV1 [12] we boost the ImageNet accuracy by 10% at ∼ 41M FLOPs.,2019-06,2026-10-01,High,FLOP-matched comparison (same ~41M FLOPs budget) against hand-designed MobileNetV1 at that budget.
R4-088,CONN,DNW 'dynamic neural graphs' let node states vary in time and contain cycles (expressing LSTMs); a 3-layer MLP equals a dynamic neural graph run for 3 time steps.,3,time steps for a 3-layer MLP,DESIGN,https://arxiv.org/abs/1906.00586,"Sec. 3, Figure 1 caption",Dynamic Neural Graph: A 3-layer perceptron (left) can be expressed by a dynamic neural graph with 3 time steps (right).,2019-06,2026-10-01,High,"Closest early formalisation of 'time replaces depth' on a learned-wiring graph (C1, C5)."
R4-089,CONN,RigL trains sparse networks at fixed parameter count and fixed compute by periodically dropping low-magnitude and regrowing high-gradient connections.,,,DESIGN,https://arxiv.org/abs/1911.11134,Abstract,Our method updates the topology of the sparse network during training by using parameter magnitudes and infrequent gradient calculations.,2019-11,2026-10-01,High,"Topology learned during training, static at inference."
R4-090,CONN,RigL: ResNet-50 at 96.5% sparsity reaches 72.75% ImageNet top-1 with ERK sparsity distribution.,72.75,% ImageNet top-1 at 96.5% sparsity,REPORTED,https://arxiv.org/abs/1911.11134,Sec. 4.1,For example ResNet-50 with 96.5% sparsity achieves a remarkable 72.75% Top-1 Accuracy,2019-11,2026-10-01,High,"Compared against dense ResNet-50 and pruning baselines; FLOP reduction is theoretical (unstructured sparsity), wall-clock not shown."
R4-091,CONN,"SET evolves an initial Erdős-Rényi sparse topology between layers into a scale-free topology during training, reducing parameters quadratically without accuracy loss.",,,AUTHOR-CLAIM,https://arxiv.org/abs/1707.04780,Abstract,"an algorithm which evolves an initial sparse topology (Erdős-Rényi random graph) of two consecutive layers of neurons into a scale-free topology, during learning. Our method replaces artificial neural networks fully-connected layers with sparse ones before training, reducing quadratically the number of parameters",2017-07,2026-10-01,High,Static after training.
R4-092,CONN,Weight Agnostic NNs: architecture search where all connections share a single random weight; topologies alone solve RL tasks and reach above-chance MNIST.,,,AUTHOR-CLAIM,https://arxiv.org/abs/1906.04358,Abstract,"To evaluate these networks, we populate the connections with a single shared weight parameter sampled from a uniform random distribution, and measure the expected performance.",2019-06,2026-10-01,High,"Topology carries computation with ~1 parameter: an extreme 'topology is computation' datapoint, but weak tasks."
R4-093,CONN,Randomly wired networks from classical random-graph generators reach competitive ImageNet accuracy.,,,AUTHOR-CLAIM,https://arxiv.org/abs/1904.01569,Abstract,several variants of these random generators yield network instances that have competitive accuracy on the ImageNet benchmark.,2019-04,2026-10-01,High,"Adversarial: if random wiring is competitive, learned wiring's marginal value is small; G2 vs G1 (V2) must control for random sparse graphs."
R4-094,CONN,"Recurrent Independent Mechanisms: groups of recurrent cells with nearly independent dynamics, communicating sparingly via attention and competing so only the most relevant are updated each step.",,,DESIGN,https://arxiv.org/abs/1909.10893,Abstract,"multiple groups of recurrent cells operate with nearly independent transition dynamics, communicate only sparingly through the bottleneck of attention, and compete with each other so they are updated only at time steps where they are most relevant.",2019-09,2026-10-01,High,"Per-step, state-conditioned top-k activation (C6/C8) over modules; communication graph is attention (dense among active)."
R4-095,CONN,RIMs: only top-k_A of k_T modules are activated per step by input attention; non-activated RIMs keep their state unchanged.,,,DESIGN,https://arxiv.org/abs/1909.10893,Sec. 2 / Figure 1 caption,"individual activated RIMs follow their own default transition dynamics while non-activated RIMs remain unchanged. In the fourth stage, the RIMs sparsely communicate information between themselves, also using key-value attention.",2019-09,2026-10-01,High,Persistent node state (C1) with sparse updates.
R4-096,CONN,"RIMs copying task: trained on length 50, tested on 200; RIMs reach 0.00 test cross-entropy vs LSTM 3.56 and Transformers 0.54.",0.54,"test CE (Transformers), length 200",REPORTED,https://arxiv.org/abs/1909.10893,"Table 1 (Copying, Train(50)/Test(200) CE)",Copying kT kA hsize Train(50) CE Test(200) CE 6 6 RIMs 6 5 4 3 2 2 600 600 600 500 0.00 0.00 0.00 0.00 0.00 0.00 0.00 0.00 LSTM 300 600 0.00 0.00 4.32 3.56 NTM 0.00 2.54 RMC 0.00 0.13 Transformers 0.00 0.54,2019-09,2026-10-01,Medium,Quote is PDF reading-order of the table. Parameter counts of baselines not matched in table.
R4-097,CONN,"RIMs sequential-MNIST resolution transfer: trained 14x14, RIMs (kA=4) reach 38.1% at 24x24 vs LSTM 21.9% (hsize 600).",38.1,% accuracy at 24x24,REPORTED,https://arxiv.org/abs/1909.10893,"Table 1 (Sequential MNIST, 24 x 24 column)",RIMs 6 4 600 90.0 73.4 38.1,2019-09,2026-10-01,Medium,Training resolution stated in the paper's Sec. 4 text (14x14). hsize matched at 600 (approximate param matching).
R4-098,CONN,Neural Production Systems: rule templates bound to entity slots; rules are scored for match and the best-fitting rules update entity properties; motivated by GNNs not predisposing sparse interactions.,,,DESIGN,https://arxiv.org/abs/2103.01937,Abstract,"Rules are scored on their match to entities, and the best fitting rules are applied to update entity properties.",2021-03,2026-10-01,High,"Per-step state-conditioned sparse selection of (rule, entity) pairs: C6/C8 prior art."
R4-099,CONN,NPS authors: GNNs do not predispose interactions to be sparse nor factorise interaction knowledge entity-conditionally.,,,AUTHOR-CLAIM,https://arxiv.org/abs/2103.01937,Abstract,"First, GNNs do not predispose interactions to be sparse, as relationships among independent entities are likely to be. Second, GNNs do not factorize knowledge about interactions in an entity-conditional manner.",2021-03,2026-10-01,High,
R4-100,CONN,"Shared Global Workspace: specialist modules communicate through a bandwidth-limited shared workspace, competing for write access, replacing pairwise interactions.",,,DESIGN,https://arxiv.org/abs/2103.01197,Abstract,"The proposed method includes a shared workspace through which communication among different specialist modules takes place but due to limits on the communication bandwidth, specialist modules must compete for access.",2021-03,2026-10-01,High,"Hub-node (star/hyperedge-like) communication: an alternative to sparse pairwise edges, relevant to C7."
R4-101,CONN,Shared workspace authors: capacity limits encourage specialisation and compositionality and help synchronise specialists.,,,AUTHOR-CLAIM,https://arxiv.org/abs/2103.01197,Abstract,We show that capacity limitations have a rational basis in that (1) they encourage specialization and compositionality and (2) they facilitate the synchronization of otherwise independent specialists.,2021-03,2026-10-01,High,
R4-102,CONN,HyperNetworks: a small network generates the weights of a larger one; viewed as relaxed weight-sharing across layers; fewer learnable parameters on convnets.,,,AUTHOR-CLAIM,https://arxiv.org/abs/1609.09106,Abstract,hypernetworks can be viewed as relaxed form of weight-sharing across layers. Our main result is that hypernetworks can generate non-shared weights for LSTM,2016-09,2026-10-01,High,Middle ground between full sharing (C3/C4) and per-step weights.
R4-103,CONN,"Graph HyperNetworks generate weights for a given architecture by running a GNN over the architecture's computation graph, amortising NAS.",,,DESIGN,https://arxiv.org/abs/1810.05749,Abstract,"we propose the Graph HyperNetwork (GHN) to amortize the search cost: given an architecture, it directly generates the weights by running inference on a graph neural network.",2018-10,2026-10-01,High,Topology as input to weight generation; topology fixed per evaluated network.
R4-104,CONN,Top-KAST keeps training fully parameter-sparse: never a dense forward pass nor a dense gradient.,,,DESIGN,https://arxiv.org/abs/2106.03517,Sec. 1,"Our technique is scalable because it never requires doing a forward pass with dense parameters, nor calculating a dense gradient.",2021-06,2026-10-01,High,"Top-k over weight magnitudes (static per step), not over node states."
R4-105,CONN,Cannistraci-Hebb training (2025): gradient-free topology-driven link regrowth in dynamic sparse training; with 5% of connections it outperforms fully connected networks on two Transformer machine-translation tasks.,5,% connections retained,AUTHOR-CLAIM,https://arxiv.org/abs/2501.19107,Abstract,"Using 5% of the connections, CHTss outperforms fully connected networks in two Transformer-based machine translation tasks.",2025-01,2026-10-01,Medium,Param-matched? No: sparse model has fewer active params than the dense baseline. Topology static at inference.
R4-106,GPU,CHT authors state prior CHT time complexity is O(N·d^3) and introduce a matrix-multiplication GPU-friendly approximation of the link predictor.,,,AUTHOR-CLAIM,https://arxiv.org/abs/2501.19107,Abstract,"CHT suffers two main drawbacks: (i) its time complexity is O(N · d3 )- N node network size, d node degree",2025-01,2026-10-01,Medium,Topology-learning cost itself can dominate on GPU.
R4-107,CONN,"Resonant Sparse Geometry Networks (2026): nodes embedded in learned hyperbolic space with input-dependent sparse connectivity, O(n·k) cost; claims 96.5% on long-range dependency tasks with ~15x fewer parameters than Transformers.",96.5,"% accuracy, long-range dependency (synthetic)",REPORTED,https://arxiv.org/abs/2601.18064,Abstract,RSGN achieves 96.5% accuracy on long-range dependency tasks while using approximately 15× fewer parameters than standard Transformers.,2026-01,2026-10-01,Low,"Single-author preprint, synthetic tasks, baseline not param-matched; parameter-efficiency claim unverified."
R4-108,CONN,"RSGN on 20-class hierarchical classification: 23.8% with 41,672 params vs Transformer 30.1% with 403,348 params, i.e. lower accuracy than the Transformer.",23.8,% accuracy (vs Transformer 30.1%),REPORTED,https://arxiv.org/abs/2601.18064,Abstract,"RSGN achieves 23.8% accuracy (compared to 5% random baseline) with only 41,672 parameters, nearly 10× fewer than Transformer baselines requiring 403,348 parameters to achieve 30.1% accuracy.",2026-01,2026-10-01,Low,Unmatched (10x params difference); the brain-like sparse graph loses on accuracy. Counter-evidence to the 2026 'brain-like substrate' claims.
R4-109,GPU,"The Hardware Lottery: ideas win because they suit available hardware/software, not because they are superior; GPUs/TPUs are optimised for dense matrix multiplies.",,,AUTHOR-CLAIM,https://arxiv.org/abs/2009.06489,Abstract,This essay introduces the term hardware lottery to describe when a research idea wins because it is suited to the available software and hardware and not because the idea is superior to alternative research directions.,2020-09,2026-10-01,High,Frames V5: sparse dynamic graphs may lose on wall-clock even if they win on FLOPs.
R4-110,CONN,"Slot Attention: exchangeable slots bind to input objects via competition over multiple rounds of iterative attention (persistent slot states, shared update).",,,DESIGN,https://arxiv.org/abs/2006.15055,Abstract,These slots are exchangeable and can bind to any object in the input by specializing through a competitive procedure over multiple rounds of attention.,2020-06,2026-10-01,High,Iterative shared-weight node updates with competitive (softmax-over-slots) routing.
R4-111,CONN,"Continuous Thought Machine (2025): neuron-level temporal processing with per-neuron weights over activation histories, and neural synchronisation as the latent representation.",,,DESIGN,https://arxiv.org/abs/2505.05522,Abstract,"The CTM has two innovations: (1) neuron-level temporal processing, where each neuron uses unique weight parameters to process incoming histories; and (2) neural synchronization as a latent representation.",2025-05,2026-10-01,High,Per-neuron (not shared) weights: violates C3/C4 sharing. R3 covers in depth.
R4-112,CONN,CTM solves 39x39 mazes trained up to 100 steps and generalises to 99x99 by sequential re-application.,99,maze side at test (train 39x39),AUTHOR-CLAIM,https://arxiv.org/abs/2505.05522,Figure 1 caption,"Solving 100 steps down 39 × 39 mazes. (a, b) Observing using attention (no positional encoding, weights overlaid), imagining a route (arrows) from red to green pixels, (b) attending beyond 100 steps, and (c) generalizing to 99 × 99 via sequential re-application",2025-05,2026-10-01,Medium,Re-application = running the model repeatedly on crops; not a single-pass extrapolation. No matched baseline in caption.
R4-113,CONN,Sparse Growing Transformer (2026): training-time sparse depth allocation that progressively extends recurrence (attention looping) to informative heads.,,,DESIGN,https://arxiv.org/abs/2603.23998,Abstract,SGT is a trainingtime sparse depth allocation framework that progressively extends recurrence from deeper to shallower layers via targeted attention looping on informative heads.,2026-03,2026-10-01,Medium,Learned sparse recurrence inside a Transformer: a looped-Transformer variant that already allocates iterations sparsely.
R4-114,BENCH,Zoology: 82% of the perplexity gap between attention and gated-convolution LMs is explained by associative recall; a 70M attention model beats a 1.4B gated-convolution model on AR.,82,% of perplexity gap explained by AR,REPORTED,https://arxiv.org/abs/2312.04927,Abstract,"In fine-grained analysis, we find 82% of the gap is explained by each model’s ability to recall information that is previously mentioned in-context",2023-12,2026-10-01,High,"Unmatched (70M vs 1.4B) by design: shows recall is architecture-, not parameter-, limited."
R4-115,BENCH,"MQAR (multi-query associative recall) defined to reflect language: multiple recalls in one forward pass, varying positions, vocabulary larger than model dimension.",,,DESIGN,https://arxiv.org/abs/2312.04927,Sec. 3 / Sec. 4,"We thus propose the study of multi-query AR (Mqar). Compared to the prior AR formulations, Mqar better captures the persisting quality gaps on synthetic and real world data",2023-12,2026-10-01,High,Generator in HazyResearch/zoology repo (license checked separately).
R4-116,THEORY,"MQAR theory: gated-convolution (BaseConv) model dimension must grow with sequence length to solve MQAR, while attention solves it with dimension independent of length.",,,THEOREM,https://arxiv.org/abs/2312.04927,Theorem 4.4 and Proposition 4.3 (Sec. 4.3),the model dimension for BaseConv (and thus the aforementioned architectures) to solve Mqar grows with the input sequence length (Theorem 4.4) while attention can solve Mqar with model dimension independent of sequence length,2023-12,2026-10-01,High,Attention is a strong associative-recall baseline; a sparse top-k graph must match it on MQAR.
R4-117,BENCH,"Recurrent Relational Network on Sudoku: 81 cell-nodes, edges within row/column/box (fixed graph), shared message function, trained for 32 steps; 216,000 puzzles with 17-34 givens.",32,message-passing steps at training,DESIGN,https://arxiv.org/abs/1711.08028,Sec. 3.3 Sudoku,We run the network for 32 steps and at every step the output function r maps each node hidden state to nine output logits corresponding to the nine possible digits.,2017-11,2026-10-01,High,"Closest prior art for C1/C3/C4/C5/C10 (readout at every node, every step) on a fixed constraint graph."
R4-118,NAR,RRN trained for 32 steps improves when run for 64 steps at test: accuracy on hardest (17-given) Sudokus rises to 96.6%.,96.6,"% solved, 17-given Sudoku at 64 steps",REPORTED,https://arxiv.org/abs/1711.08028,Sec. 3.3 / Figure 4,"The model was trained for 32 steps, but seeing that the accuracy increased with more steps, we ran the model for 64 steps during testing. At 64 steps the accuracy for the 17 givens puzzles increases to 96.6%.",2017-11,2026-10-01,High,"Direct evidence for V4 (more iterations beyond T_train help, 2x). Baselines are other Sudoku solvers, not a Transformer; unmatched."
R4-119,BENCH,SATNet: differentiable MAXSAT layer learns 9x9 Sudoku solely from examples and a visual Sudoku variant.,9,Sudoku grid side,AUTHOR-CLAIM,https://arxiv.org/abs/1905.12149,Abstract,we show that we can learn the parity function using single-bit supervision (a traditionally hard task for deep networks) and learn how to play 9 × 9 Sudoku solely from examples.,2019-05,2026-10-01,Medium,A follow-up critique (symbol grounding / label leakage in visual Sudoku) is listed under unconfirmed leads.
R4-120,BENCH,ARC: benchmark built on explicit human-like priors measuring skill-acquisition efficiency; argues unlimited priors or data let systems 'buy' skill.,,,AUTHOR-CLAIM,https://arxiv.org/abs/1911.01547,Abstract,"unlimited priors or unlimited training data allow experimenters to “buy” arbitrary levels of skills for a system, in a way that masks the system’s own generalization power.",2019-11,2026-10-01,High,Methodological argument for matching training data and priors across arms.
R4-121,BENCH,ARC-AGI-1: 400 public training and 400 public evaluation tasks; 100-task private and 100-task semi-private evaluation sets; repeated leaderboard submission risks overfitting to the 100 hidden tasks.,400,public training tasks (ARC-AGI-1),DESIGN,https://arxiv.org/abs/2505.11831,Sec. 1/2 (ARC-AGI-1 history and limitations),The original public dataset contained 400 training tasks and 400 evaluation tasks. A Private Evaluation set of 100 tasks was reserved for competition leaderboards,2025-05,2026-10-01,High,Pitfall named in the same paper: leaderboard feedback loop tunes to idiosyncrasies of hidden tasks.
R4-122,BENCH,"SCAN length split: train on commands with action sequences up to 22 actions (16,990 commands), test on longer; best seq2seq (attention GRU) only 20.8% on average.",20.8,"% accuracy, SCAN length split",REPORTED,https://arxiv.org/abs/1711.00350,"Sec. 3, Experiment 2","This test turns out to be very challenging for all models. The best result (20.8% on average, again over 5 runs) is achieved by a GRU with attention, one 50-dimensional hidden layer, and dropout 0.5.",2017-10,2026-10-01,High,2017 RNN baselines only; no Transformer/looped in this paper.
R4-123,BENCH,"COGS: Transformers and LSTMs reach 96-99% in-distribution but only 16-35% on the compositional generalisation set, with ±6-8% seed sensitivity.",35,% max generalisation accuracy,REPORTED,https://arxiv.org/abs/2010.05465,Abstract,"in-distribution accuracy on the COGS test set was near-perfect (96– 99%), but generalization accuracy was substantially lower (16–35%) and showed high sensitivity to random seed (±6–8%).",2020-10,2026-10-01,High,Seed variance ±6-8% means >=3 seeds is a minimum; prereg's 3 seeds may be underpowered on COGS-type tasks.
R4-124,BENCH,CLUTRR: a GNN (GAT) on symbolic kinship graphs generalises to held-out rule combinations and is more robust than BERT/MAC on text.,,,AUTHOR-CLAIM,https://arxiv.org/abs/1908.06177,Abstract,a graph neural network model that works directly with symbolic inputs—with the graph-based model exhibiting both stronger generalization and greater robustness.,2019-08,2026-10-01,High,"Unfair input: GNN gets the symbolic graph, text models get stories — input modality, not architecture, may explain the gap."
R4-125,BENCH,Paradox of learning to reason: BERT reaches near-perfect in-distribution accuracy on SimpleLogic but fails on other distributions over the same problem space by learning statistical features.,,,AUTHOR-CLAIM,https://arxiv.org/abs/2205.11502,Abstract,BERT attains near-perfect accuracy on in-distribution test examples while failing to generalize to other data distributions over the exact same problem space.,2022-05,2026-10-01,High,Benchmark pitfall: generator sampling choices create shortcut features; test with multiple generators.
R4-126,BENCH,"Easy-to-hard datasets: Prefix Sums, Mazes, and Chess Puzzles packaged as a pip-installable Python package for training easy / testing hard.",3,datasets,DESIGN,https://arxiv.org/abs/2108.06011,Abstract / Sec. 1,"We present three datasets: Prefix Sums, Mazes, and Chess Puzzles. We also provide an easy to install Python package and accompanying documentation",2021-08,2026-10-01,High,Package easy-to-hard-data; repo/license checked in CODE rows.
R4-127,BENCH,"maze-dataset library: configurable maze generation algorithms, parameters and filters; rasterised and text outputs for CNNs and autoregressive Transformers.",,,DESIGN,https://arxiv.org/abs/2309.10498,Abstract,"it supports multiple output formats, including rasterized and text-based, catering to convolutional neural networks and autoregressive transformer models.",2023-09,2026-10-01,High,Supports percolation (cycles) and deadend-start shifts used by 2410.03020.
R4-128,BENCH,Searchformer: encoder-decoder Transformer trained on A* search traces optimally solves unseen Sokoban puzzles 93.7% of the time with up to 26.8% fewer search steps than A*.,93.7,% optimally solved Sokoban,REPORTED,https://arxiv.org/abs/2402.14083,Abstract,"a Transformer model that optimally solves previously unseen Sokoban puzzles 93.7% of the time, while using up to 26.8% fewer search steps than the A∗ implementation that was used for training initially.",2024-02,2026-10-01,High,Relies on long search-trace token sequences (inference compute not matched to non-trace baselines).
R4-129,BENCH,"TRM: Sudoku-Extreme has only 1K training samples and 423K test samples (9x9); Maze-Hard is 30x30 with shortest path length above 110, 1000 train and 1000 test mazes.",423,K test puzzles (Sudoku-Extreme),DESIGN,https://arxiv.org/abs/2510.04871,Sec. 5 (datasets),"Sudoku-Extreme consists of extremely difficult Sudoku puzzles (Dillion, 2025; Palm et al., 2018; Park, 2018) (9x9 grid), for which only 1K training samples are used to test small-sample learning. Testing is done on 423K samples.",2025-10,2026-10-01,High,"Fixed-size tasks: no size extrapolation axis, so they cannot measure n* (prereg primary metric)."
R4-130,BENCH,"TRM (7M params) reaches 74.7% Sudoku-Extreme and 85.3% Maze-Hard vs HRM (27M) 55.0% and 74.5%; LLMs with CoT (DeepSeek R1, Claude 3.7, o3-mini-high) score 0.0 on both.",85.3,"% Maze-Hard (TRM-Att, 7M)",REPORTED,https://arxiv.org/abs/2510.04871,Table 4,TRM-Att (Ours) 7M 74.7 85.3,2025-10,2026-10-01,High,Param-unmatched (7M vs 27M vs 671B); TRM-MLP gets 87.4 on Sudoku but 0.0 on Maze (Table 4) - architecture choice is task-specific.
R4-131,BENCH,TRM-MLP (no self-attention) solves 87.4% of Sudoku-Extreme but 0.0% of Maze-Hard.,87.4,% Sudoku-Extreme (TRM-MLP),REPORTED,https://arxiv.org/abs/2510.04871,Table 4,TRM-MLP (Ours) 5M/19M 1 87.4 0.0,2025-10,2026-10-01,High,"PDF text renders footnote marker '1'; row reads 87.4 Sudoku, 0.0 Maze. Evidence that the communication pattern (attention vs fixed MLP mixing) is task-dependent."
R4-132,BENCH,TRM reports ARC-AGI-1 44.6% and ARC-AGI-2 7.8% with 7M parameters vs HRM 40.3% and 5.0% at 27M.,44.6,% ARC-AGI-1 (2 tries),REPORTED,https://arxiv.org/abs/2510.04871,Sec. 5 text next to Table 3,"TRM with self-attention obtains 85.3% accuracy on Maze-Hard, 44.6% accuracy on ARC-AGI-1, and 7.8% accuracy on ARC-AGI-2 with 7M parameters.",2025-10,2026-10-01,High,Unmatched params; ARC numbers use test-time augmentation/voting per HRM protocol.
R4-133,BENCH,TRM author notes HRM's fixed-point (implicit-gradient) justification is unsupported: no guarantee a fixed point is reached.,,,AUTHOR-CLAIM,https://arxiv.org/abs/2510.04871,Sec. 2/3 (critique of HRM 1-step gradient),"There are concerns about applying this theorem to HRM. Most importantly, there is no guarantee that a fixed-point is reached.",2025-10,2026-10-01,High,"Convergence claims need measurement (state-norm / residual), relevant to C11 and V4."
R4-134,X,Efficiency Misnomer: parameter count alone is misleading; a model with few trainable parameters can be slow when parameters are shared across many computational steps.,,,AUTHOR-CLAIM,https://arxiv.org/abs/2110.12894,Sec. 1 (Introduction),"a model can have very few trainable parameters and still be very slow, for instance when the parameters are shared among many computational steps (Lan et al., 2019; Dehghani et al., 2018).",2021-10,2026-10-01,High,Direct criticism of param-only matching for weight-shared/recurrent models; supports prereg's report-all-costs rule.
R4-135,X,"Efficiency Misnomer Figure 1: ranking of Transformer, Universal Transformer and Switch Transformer reverses depending on whether parameters, FLOPs or throughput is the cost axis.",,,AUTHOR-CLAIM,https://arxiv.org/abs/2110.12894,Figure 1 caption,"Comparison of standard Transformers, Universal Transformers and Switch Transformers in terms of three common cost metrics: number of parameters, FLOPs, and throughput. Relative ranking between models is reversed between the two cost indicators.",2021-10,2026-10-01,High,Measured on 64 TPU-v3 with Mesh TensorFlow.
R4-136,X,"Efficiency Misnomer: parameter-shared models save inference memory, but training activation memory for the backward pass is as large as for an unshared model of equal depth.",,,AUTHOR-CLAIM,https://arxiv.org/abs/2110.12894,Sec. 1 (Introduction),"during training, the size of activation that need to be kept for the backward pass is just as large as for a similar model with no parameter sharing.",2021-10,2026-10-01,High,BPTT through T iterations costs O(T) activation memory regardless of sharing: report peak memory.
R4-137,X,MoEUT: layer-shared Universal Transformers drastically cut parameters vs an unshared model of equal dimension; scaling width to compensate makes compute prohibitive.,,,AUTHOR-CLAIM,https://arxiv.org/abs/2405.16039,Abstract,layer-sharing comes with a practical limitation of parameter-compute ratio: it drastically reduces the parameter count compared to the non-shared model with the same dimensionality.,2024-05,2026-10-01,High,The parameter-compute ratio problem applies to any weight-shared graph substrate (shared M/U).
R4-138,X,MoEUT matching practice: parameter-matched to dense baselines (same d_model and n_layers) and compares on both parameter and training-MAC axes; MoEUT slightly beats parameter-matched dense models on C4.,,,AUTHOR-CLAIM,https://arxiv.org/abs/2405.16039,"Sec. 3, Figure 4 caption","MoEUT slightly outperforms parameter-matched models with no layer sharing. The gap grows with scale. (b) Given equal amounts of compute, MoEUT outperforms other models by a large margin.",2024-05,2026-10-01,High,Template for dual (param + MAC) matched reporting.
R4-139,GPU,MoEUT trains 1.5-2x slower than a standard Transformer with FlashAttention because its Triton MoE kernel is suboptimal.,1.5,x slower training (lower bound),REPORTED,https://arxiv.org/abs/2405.16039,Sec. 'Limitation/Implementation',"Compared to the standard Transformer with FlashAttention [56], our MoEUT model trains 1.5–2x slower.",2024-05,2026-10-01,High,Sparse/conditional compute pays a wall-clock tax on GPUs even when MAC-matched: V5 evidence.
R4-140,BENCH,"Looped Transformers for length generalisation (ICLR 2025): Parity trained on lengths [1,20] generalises to more than 40 digits near perfectly with adaptive loop count; NTP baselines fail at max training length +10 on addition and copy.",40,digits at test (train up to 20),REPORTED,https://arxiv.org/abs/2409.15647,Sec. 6.2 (Length generalization results),"for Parity, it can generalize to more than 40 digits near perfectly when trained with up to 20 digits.",2024-09,2026-10-01,High,"Requires ground-truth step count T(n) in training data (step-dependent supervision). Baselines NTP, NTP-Pause, NTP-Loop: not FLOP-matched."
R4-141,BENCH,Equilibrium Reasoners (2026): iterative latent models trained with max 16 iterations scale test-time compute by more iterations and by aggregating stochastic trajectories; gains are tied to convergence to attractors.,16,max training iterations,AUTHOR-CLAIM,https://arxiv.org/abs/2605.21488,Abstract / Figure 1,More Iterations Training Max Iters = 16 We formalize this process by introducing Equilibrium Reasoners (EqR).,2026-05,2026-10-01,Medium,Figure text fragment; supports C11 (convergence signal) as a test-time compute controller. Code github.com/locuslab/EqR.
R4-142,BENCH,"Official CLRS repo google-deepmind/clrs: Apache-2.0, last push 2026-09-29, JAX/Haiku (requirements list jax>=0.4.31, dm-haiku); includes clrs/_src/clrs_text for CLRS-Text and processors.py for baselines.",,,CODE,https://github.com/google-deepmind/clrs,README.md; requirements/requirements.txt; clrs/_src/clrs_text; GitHub API license,We provide JAX implementations of the following GNN baseline processors:,2026-09-29,2026-10-01,High,"gh api: Apache-2.0, pushed_at 2026-09-29. requirements.txt lists jax>=0.4.31 and dm-haiku>=0.0.12. README also points to CLRS-Text at clrs/_src/clrs_text. JAX-only: PyTorch port is a cost."
R4-143,BENCH,"SALSA-CLRS official repo jkminder/SALSA-CLRS: Apache-2.0, PyTorch + PyG, last push 2023-11-21.",,,CODE,https://github.com/jkminder/SALSA-CLRS,README.md (Installation); GitHub API license,If you want GPU support be sure to install [PyTorch](https://pytorch.org/get-started/locally/) and [PyG](https://www.pyg.org) first.,2023-11,2026-10-01,High,gh api pushed_at 2023-11-21. Stale since 2023-11.
R4-144,BENCH,"Chomsky-hierarchy task suite deepmind/neural_networks_chomsky_hierarchy: Apache-2.0, Python (JAX/Haiku per paper), last push 2024-04-12.",,,CODE,https://github.com/google-deepmind/neural_networks_chomsky_hierarchy,README.md; GitHub API license,This repository provides an implementation of our ICLR 2023 paper [Neural Networks and the Chomsky Hierarchy](https://arxiv.org/abs/2207.02098).,2024-04,2026-10-01,High,"gh api: Apache-2.0, pushed_at 2024-04-12. Framework JAX/Haiku per the paper's references."
R4-145,BENCH,"easy-to-hard-data (prefix sums, mazes, chess generators): MIT, Python, last push 2025-01-09; generator scripts make_prefixsums.py, make_mazes.py, make_chess.py.",,,CODE,https://github.com/aks2203/easy-to-hard-data,"README.md; repo root (make_prefixsums.py, make_mazes.py, make_chess.py); GitHub API license",This repository houses Pytorch datasets for our [Easy-To-Hard](http://github.com/aks2203/easy-to-hard) project,2025-01,2026-10-01,High,"gh api: MIT, pushed_at 2025-01-09."
R4-146,NAR,"Deep-thinking code aks2203/deep-thinking (DT-Recall, progressive loss): MIT, Python/PyTorch, last push 2023-08-09.",,,CODE,https://github.com/aks2203/deep-thinking,README.md,This repository contains the official implementation of DeepThinking Networks (DT nets),2023-08,2026-10-01,High,"gh api: MIT, pushed_at 2023-08-09. README lists both 2202.05826 and the NeurIPS'21 paper."
R4-147,BENCH,"maze-dataset library understanding-search/maze-dataset: LGPL-3.0, last push 2026-01-19; maze_dataset/generation/generators.py.",,,CODE,https://github.com/understanding-search/maze-dataset,GitHub API description + license,maze datasets for investigating OOD behavior of ML systems,2026-01,2026-10-01,High,"gh api: LGPL-3.0, pushed_at 2026-01-19. LGPL fine as a dependency."
R4-148,BENCH,"Zoology repo HazyResearch/zoology: Apache-2.0, last push 2026-03-22; MQAR variants in zoology/data (multiquery_ar.py, ar_extrapolate.py, compositional_mqar.py, stacked_mqar.py).",,,CODE,https://github.com/HazyResearch/zoology,README.md; zoology/data/*.py; GitHub API license,Zoology provides machine learning researchers with a simple playground for understanding and testing language model architectures on synthetic tasks.,2026-03,2026-10-01,High,"gh api: Apache-2.0, pushed_at 2026-03-22. zoology/data has multiquery_ar.py, ar_extrapolate.py, compositional_mqar.py, stacked_mqar.py."
R4-149,BENCH,"SATNet repo locuslab/SATNet: MIT, last push 2022-11-22.",,,CODE,https://github.com/locuslab/SATNet,GitHub API description + license,Bridging deep learning and logical reasoning using a differentiable satisfiability solver.,2022-11,2026-10-01,High,"gh api: MIT, pushed_at 2022-11-22."
R4-150,BENCH,"Recurrent Relational Networks repo rasmusbergpalm/recurrent-relational-networks: no license file reported by GitHub API, last push 2022-10-31.",,,CODE,https://github.com/rasmusbergpalm/recurrent-relational-networks,README.md; GitHub API license=null,Contains the code to reproduce the experiments in the paper Recurrent Relational Networks for Complex Relational Reasoning,2022-10,2026-10-01,High,"gh api: no license, pushed_at 2022-10-31. Reimplement rather than reuse."
R4-151,CONN,"DNW repo allenai/dnw: custom non-commercial software license ('Commercial use is strictly prohibited'), last push 2026-03-05.",,,CODE,https://github.com/allenai/dnw,LICENSE,The following license governs your NON-COMMERCIAL use of the Software.  Commercial use is strictly prohibited.,2026-03,2026-10-01,High,Restrictive; reimplement for an open release.
R4-152,CONN,"RigL repo google-research/rigl: Apache-2.0, last push 2023-01-26.",,,CODE,https://github.com/google-research/rigl,README.md; GitHub API license,**Paper**: [https://arxiv.org/abs/1911.11134](https://arxiv.org/abs/1911.11134),2023-01,2026-10-01,High,"gh api: Apache-2.0, pushed_at 2023-01-26."
R4-153,CONN,"RIMs implementation anirudh9119/RIMs (PyTorch, README names Goyal et al. 2019 and first author's site): no license reported by GitHub API, last push 2022-03-24.",,,CODE,https://github.com/anirudh9119/RIMs,README.md; GitHub API license=null,An implementation of [Recurrent Independent Mechanisms](https://arxiv.org/abs/1909.10893) (Goyal et al. 2019) in PyTorch.,2022-03,2026-10-01,Medium,Likely author repo (handle matches first author's homepage link in README); unlicensed.
R4-154,BENCH,"SCAN data repo brendenlake/SCAN: BSD license (CommAI-env), last push 2020-11-05.",,,CODE,https://github.com/brendenlake/SCAN,LICENSE,BSD License For CommAI-env software,2020-11,2026-10-01,High,
R4-155,BENCH,"COGS repo najoungkim/COGS: MIT, last push 2022-09-13; the generalisation set was corrected (50 examples) after publication.",,,CODE,https://github.com/najoungkim/COGS,README.md; GitHub API license,2022/09/13: Fixed semantic roles of 50 examples in the generalization set.,2022-09,2026-10-01,High,gh api: MIT. Pitfall: results on pre-2022-09 COGS data are not strictly comparable.
R4-156,BENCH,"CLUTRR repo facebookresearch/clutrr: CC BY-NC 4.0 (non-commercial), last push 2024-05-03.",,,CODE,https://github.com/facebookresearch/clutrr,LICENSE,Attribution-NonCommercial 4.0 International,2024-05,2026-10-01,High,"Non-commercial: acceptable for open research, flag for any commercial reuse."
R4-157,BENCH,ARC-AGI-1 repo fchollet/ARC-AGI and ARC-AGI-2 repo arcprize/ARC-AGI-2: both Apache-2.0 (last push 2025-04-04 and 2025-05-22).,,,CODE,https://github.com/arcprize/ARC-AGI-2,README.md (ARC-AGI-2); GitHub API license fields for both repos,This repository contains the ARC-AGI-2 task data (ARC-AGI-1 can be found [here](https://github.com/fchollet/arc-agi)).,2025-05,2026-10-01,High,"gh api: both Apache-2.0; fchollet/ARC-AGI pushed 2025-04-04, arcprize/ARC-AGI-2 pushed 2025-05-22."
R4-158,BENCH,"TRM repo SamsungSAILMontreal/TinyRecursiveModels: MIT, archived (read-only) on GitHub, last push 2026-04-01; HRM repo sapientinc/HRM Apache-2.0, last push 2026-03-31.",,,CODE,https://github.com/SamsungSAILMontreal/TinyRecursiveModels,"README.md; GitHub API (archived=true, license MIT)",we have to temporaliy archive (make read-only) this and several other repos.,2026-04,2026-10-01,High,"gh api: TRM MIT archived, pushed 2026-04-01; sapientinc/HRM Apache-2.0 pushed 2026-03-31. Quote spelling as in README."
R4-159,CONN,"CTM repo SakanaAI/continuous-thought-machines: Apache-2.0, last push 2025-12-29.",,,CODE,https://github.com/SakanaAI/continuous-thought-machines,README.md; GitHub API license,📚 [PAPER: Technical Report](https://arxiv.org/abs/2505.05522),2025-12,2026-10-01,High,"gh api: Apache-2.0, pushed_at 2025-12-29."
R4-160,X,"MoEUT repo RobertCsordas/moeut: MIT, last push 2024-08-18; Triton kernels.",,,CODE,https://github.com/RobertCsordas/moeut,README.md; GitHub API license,The implementation uses the [CVMM Triton kernel](https://github.com/RobertCsordas/moe_layer/blob/master/triton_src/moe_layer/cvmm.py) from $\sigma$-MoE.,2024-08,2026-10-01,High,"gh api: MIT, pushed_at 2024-08-18. Official per README ('Official implementation of our MoEUT model')."
R4-161,BENCH,"Searchformer repo facebookresearch/searchformer: CC BY-NC 4.0, archived, last push 2024-06-11.",,,CODE,https://github.com/facebookresearch/searchformer,LICENSE; GitHub API archived=true,Attribution-NonCommercial 4.0 International,2024-06,2026-10-01,High,
R4-162,BENCH,"Search-learning code asaparov/learning_to_search (official per README), no license reported, last push 2025-10-22.",,,CODE,https://github.com/asaparov/learning_to_search,README.md,This repo contains code to perform the experiments and analysis in our paper: [Transformers Struggle to Learn to Search](https://arxiv.org/abs/2412.04703),2025-10,2026-10-01,High,Contains balanced-distribution graph generator (lookahead control). Unlicensed.
R4-163,NAR,"Discrete NAR repo yandex-research/dnar: Apache-2.0, last push 2024-09-10. NEE repo Yujun-Yan/Neural-Execution-Engines: no license, last push 2021-01-11.",,,CODE,https://github.com/yandex-research/dnar,README.md; GitHub API license,"This repository contains the code to reproduce the experiments from ""Discrete Neural Algorithmic Reasoning"" paper.",2024-09,2026-10-01,High,"gh api: dnar Apache-2.0 pushed 2024-09-10; NEE repo (linked in 2006.08084 footnote) has no license, pushed 2021-01-11."
R4-164,BENCH,"Equilibrium Reasoners repo locuslab/EqR: Apache-2.0, last push 2026-09-14.",,,CODE,https://github.com/locuslab/EqR,GitHub API description + license,[ICML 2026] Code for Equilibrium Reasoners: learning attractor dynamics for scalable reasoning,2026-09,2026-10-01,High,"gh api: Apache-2.0, pushed_at 2026-09-14. ICML 2026 venue is the repo's own claim (not checked against proceedings)."
R4-165,BENCH,ARC Prize analysis of HRM: a regular Transformer with the same ~27M parameters and the same pipeline comes within ~5pp of HRM without hyperparameter tuning.,5,pp gap (Transformer vs HRM),REPORTED,https://arcprize.org/blog/hrm-analysis,"Section on Finding 1 (HRM vs Transformer, Figure 3)",a regular transformer comes within ~5pp of the HRM model without any hyperparameter optimization.,2025-08-15,2026-10-01,High,"Param-matched (~27M both, stated on page). Strong evidence that the brain-inspired structure adds little over a weight-matched Transformer in the same recurrent pipeline."
R4-166,BENCH,ARC Prize HRM analysis: the outer refinement loop drives performance: going from no refinement (1 loop) to 1 refinement adds +13pp; 1 to 8 loops doubles public-eval performance.,13,pp gain from first refinement loop,REPORTED,https://arcprize.org/blog/hrm-analysis,"Finding 2, Figure 4","from no refinement (1 loop) to just 1 refinement, performance jumps by +13pp. From 1 to 8 refinement loops, the Public Evaluation set performance doubles.",2025-08-15,2026-10-01,High,"Iteration (time) is what helps — consistent with 'recurrence, not graph/hierarchy'."
R4-167,BENCH,ARC Prize HRM analysis: training with more refinement steps improves single-loop inference by >15pp; extra refinement loops at inference matter less.,15,pp gain at 1 inference loop,REPORTED,https://arcprize.org/blog/hrm-analysis,"Finding 2, Figure 5","Training with more refinement improves the performance of predictions with a single refinement loop by >15pp, even though one loop means a single forward pass without any refinement.",2025-08-15,2026-10-01,High,"Adversarial for V4: benefit of recurrence is largely a training-time effect (deep supervision), not test-time extra iterations."
R4-168,BENCH,"ARC Prize: HRM is purely transductive (puzzle-id conditioned, inference data part of training set); most performance comes from memorising solutions to evaluation tasks.",,,AUTHOR-CLAIM,https://arcprize.org/blog/hrm-analysis,Summary of findings; Finding 3,Cross-task transfer learning has limited benefits; most of the performance comes from memorizing solutions to the specific tasks used at evaluation time.,2025-08-15,2026-10-01,High,Benchmark pitfall for ARC-style evals: transductive puzzle-id training leaks test tasks into training.
R4-169,BENCH,"ARC Prize verified HRM semi-private scores: ARC-AGI-1 32%, ARC-AGI-2 2%.",32,% ARC-AGI-1 semi-private,REPORTED,https://arcprize.org/blog/hrm-analysis,Summary of findings,HRM shows impressive performance for its size on the ARC-AGI Semi-Private sets: ARC-AGI-1: 32%,2025-08-15,2026-10-01,High,Lower than HRM's self-reported public numbers; held-out evaluation matters.
R4-170,BENCH,TRM on ARC-AGI-1 (2025 note): 1000-sample augmentation voting adds 10.75pp Pass@1; replacing the puzzle ID with a blank or random token gives zero accuracy.,10.75,pp from test-time voting,REPORTED,https://arxiv.org/abs/2512.11847,Abstract,"the 1000-sample voting pipeline improves Pass@1 by 10.75 percentage points over single-pass canonical inference. Second, a puzzle-identity ablation reveals strict dependence on task identifiers",2025-12,2026-10-01,Medium,Independent re-analysis of the released TRM checkpoint. Pitfall: identity conditioning + test-time augmentation inflate ARC numbers.
R4-171,BENCH,Same TRM note: most of final accuracy is achieved at the first recursion step.,,,AUTHOR-CLAIM,https://arxiv.org/abs/2512.11847,Abstract (third finding),"Third, a recursion trajectory analysis shows that most of the final accuracy is achieved at the first recursion step",2025-12,2026-10-01,Medium,Adversarial: recursion depth contributes little at inference on ARC-AGI-1.
R4-172,BENCH,"SATNet failure: without intermediate labels mapping digit images to symbols, SATNet gets 0% test accuracy on visual Sudoku (symbol grounding failure; original result relied on label leakage).",0,"% test accuracy, visual Sudoku without intermediate labels",REPORTED,https://arxiv.org/abs/2312.11522,Abstract,"in the absence of intermediate labels that identify individual Sudoku digit images with their logical representations, SATNet completely fails at visual Sudoku (0% test accuracy).",2023-12,2026-10-01,High,Failed-replication/pitfall row. NeurIPS 2020 per the proceedings review page found in search; arXiv posted 2023.
R4-173,THEORY,"Looped Transformer with extra graph-attention heads provably simulates Dijkstra, BFS, DFS and Kosaraju SCC with parameter count independent of graph size, limited by finite precision.",,,THEOREM,https://arxiv.org/abs/2402.01107,Abstract; Theorem 6.1,"The number of parameters in the networks does not increase with the input graph size, which implies that the networks can simulate the above algorithms for any graph. Despite this property, we show a limit to simulation in our solution due to finite precision.",2024-02,2026-10-01,High,A looped Transformer (T1 + graph attention) already has constant-parameter algorithmic capacity on graphs: the candidate's capacity-per-parameter advantage over T1 is not guaranteed by expressivity.
R4-174,THEORY,"Construction detail: a 17-layer, 3-head, O(1)-width looped Transformer simulates Dijkstra up to O(1/δ) nodes (precision-limited).",17,layers in looped block,THEOREM,https://arxiv.org/abs/2402.01107,Theorem 6.1,"with 17 layers, 3 attention heads, and layer width O(1) that simulates Dijkstra’s shortest path algorithm for weighted graphs with rational edge-weights",2024-02,2026-10-01,High,"Graph size bounded by precision δ, not by parameters."
R4-175,NAR,Relational Transformer (attention updating edge vectors) averages 66.60% OOD on CLRS-30 classes vs tuned MPNN 49.23% and PGN-c 52.83%.,66.60,% CLRS-30 OOD average,REPORTED,https://arxiv.org/abs/2210.05062,Table 1,Average 48.60% 41.82% 41.23% 49.23% 46.13% 48.49% 52.83% 66.60%,2022-10,2026-10-01,High,"Columns Deep Sets, GAT-v1, GAT-v2, MPNN, PGN-u, PGN-m, PGN-c, RT. All tuned; parameter counts not matched (RT adds edge-update params)."
R4-176,NAR,On 8 core CLRS algorithms a standard Transformer (re-tuned) averages 42.34% OOD vs 81.30% for the Relational Transformer that adds edge vectors.,42.34,"% OOD average, standard Transformer (8 core algorithms)",REPORTED,https://arxiv.org/abs/2210.05062,"Appendix, Table 13 (standard transformer ablation)",Average 42.34% 81.30%,2022-10,2026-10-01,High,"Ablation within same codebase, hyperparameters re-tuned; parameter count not reported as matched. Shows plain dense attention without edge state is weak on CLRS OOD."
R4-177,NAR,RT authors: published CLRS-30 MPNN score drops from 96.63% validation (16 nodes) to 51.02% test (64 nodes).,51.02,% test (64 nodes) vs 96.63% val,REPORTED,https://arxiv.org/abs/2210.05062,Sec. 5.1.1 (Baseline GNNs),MPNN’s average evaluation score drops from 96.63% on the validation set to 51.02% on the test set.,2022-10,2026-10-01,High,Size-generalisation gap quantified.
R4-178,BENCH,Mechanistic study of HRM (2026): ablating the high-level state zH at all steps reduces Sudoku cell accuracy by 19.3%; prior work called HRM a 'structured guesser' with fixed-point violations.,19.3,% cell-accuracy drop,REPORTED,https://arxiv.org/abs/2609.22197,Sec. on Sudoku state ablation (Figure 2a),"We find that ablating zH at all steps reduces cell accuracy significantly (-19.3%), with per-step effect increasing",2026-08,2026-10-01,Medium,Relevant to C11: fixed points are not reliably reached in HRM-style recurrent reasoners.
R4-179,THEORY,"Iteration budget asymmetry on reachability: message passing along task edges needs T >= diameter steps, while an L-layer (or L-loop) attention model covers diameter 3^L; for a 64-node path graph that is 63 message-passing steps vs 4 attention layers/loops.",63 vs 4,"steps (MP on task graph) vs layers (attention), path graph n=64",DERIVED,https://arxiv.org/abs/2510.19753,Abstract (3^L capacity) applied to a path graph,"an L-layer model can compute connectivity in graphs with diameters up to 3L , implementing an algorithm equivalent to computing powers of the adjacency matrix.",2025-10,2026-10-01,Medium,T_MP = diam = n-1 = 63; L_attn = ceil(log3(63)) = 4 (3^4=81>=63). Implication for prereg: matching 'iterations' across G1-G3 and T1 is not compute-neutral on reachability; a graph arm without learned long-range edges (C6) needs ~16x more iterations here.
R4-180,BENCH,"Size-ladder implication: with n_train=16, CLRS-30's single test size (64) reaches only the prereg's minimum 4x ratio, while SALSA-CLRS offers rungs 80/160/800/1600 (5x-100x).",100,x max test/train ratio (SALSA),DERIVED,https://arxiv.org/abs/2309.12253,"Table 1 column headers (n = 16, 80, 160, 800, 1600)",SALSA-CLRS enables the evaluation of scalable architectures on graphs up to 100 times the size of the training graphs.,2023-09,2026-10-01,High,"Ratios = {80,160,800,1600}/16 = {5,10,50,100}; CLRS-30: 64/16 = 4. Recommend SALSA-style ladder for reachability/shortest path."
R4-181,THEORY,Recurrent GNNs with random node initialisation can emulate any polynomial-time graph algorithm on connected graphs in polynomial time; non-recurrent GNNs need a different network per graph size.,,,THEOREM,https://arxiv.org/abs/2505.00291,Abstract,"In particular, any polynomial-time graph algorithm can be emulated on connected graphs in polynomial time by a recurrent GNN with random initialization.",2025-05,2026-10-01,High,Expressivity support for 'time replaces depth' on a fixed graph substrate (C5); says nothing about learnability or sample efficiency.
R4-182,THEORY,"Looped Transformers can simulate hypergraph algorithms: a degradation mechanism reduces hypergraphs to graphs (e.g. Dijkstra) and a hyperedge-aware encoding simulates hypergraph-specific algorithms (Helly's algorithm), with theoretical guarantees.",,,THEOREM,https://arxiv.org/abs/2501.10688,Abstract,"we propose a novel degradation mechanism for reducing hypergraphs to graph representations, enabling the simulation of graph-based algorithms, such as Dijkstra’s shortest path. Furthermore, we introduce a hyperedge-aware encoding scheme to simulate hypergraph-specific algorithms",2025-01,2026-10-01,Medium,"Hyperedges (C7) are already reachable by a looped Transformer at constant parameters; construction-level, no learned-from-data results."
R4-183,THEORY,HyperGNN theory: enumerative training on examples up to a fixed graph size can ensure the trained network generalises to all larger graphs (fixed-precision setting).,,,THEOREM,https://arxiv.org/abs/2303.05490,Abstract / Sec. on learning,applying enumerative training with examples up to some fixed graph size can ensure that the trained neural network will generalize to all graphs larger than those appearing in the training set.,2023-03,2026-10-01,Medium,Extended abstract. Size-generalisation guarantee for hypergraph (neural logic machine) models.
R4-184,THEORY,"Ouro looped LMs (LoopLM): controlled physics-of-LMs experiments find recurrence does not increase raw knowledge storage (about 2 bits per parameter for looped and non-looped) but improves knowledge manipulation (fact composition, multi-hop).",2,bits per parameter (looped and non-looped),REPORTED,https://arxiv.org/abs/2510.25741,Sec. 1 contributions ('Mechanistic understanding of recurrence'),we find recurrence does not increase raw knowledge storage (approximately 2 bits per parameter for looped and non-looped models) but dramatically enhances knowledge manipulation capabilities,2025-10,2026-10-01,High,"Param-matched comparison by design (bits/param). Directly confirms the prereg split: recurrence adds computation, not storage. Any graph substrate with shared M/U inherits the same storage ceiling."
R4-185,THEORY,"Iso-depth scaling law for looped LMs: looping a block r times is worth about r^0.46 unique blocks in validation loss (phi = 1 would be full equivalence, phi = 0 no capacity gain)",0.46,recurrence-equivalence exponent phi,REPORTED,https://arxiv.org/abs/2604.21106,Abstract,we fit a joint scaling law L = E + A (Nonce + rφ Nrec )−α + B D−β and measure a recurrence-equivalence exponent φ = 0.46.,2026-04,2026-10-01,High,"Language-modelling validation loss, r in {1,2,4,8}, ~50x compute sweep. Quantifies diminishing returns of iterations vs unique parameters on LM loss (storage-dominated objective). | Orchestrator correction 2026-10-01 (review N1 B1): earlier claim text read phi as the value of one extra loop; the exponent applies to r loops of a block."
R5-001,GPU,FlexAttention (PyTorch compiler-generated attention kernels) delivers 0.68x-1.43x the performance of FlashAttention-2 on attention variants FA supports,0.68-1.43,x of FAv2,REPORTED,https://arxiv.org/abs/2412.05496,"Section 1 (Introduction), evaluation summary",We show that FlexAttention delivers 0.68x-1.43x the performance of FAv2 and 0.93x-1.45x of FAKV for decoding on conventional attention variants supported by FlashAttention.,2024-12-07,2026-10-01,High,"Baseline: handwritten FlashAttention-2/FA-KV kernels on same variants; same attention FLOPs (kernel-level comparison, not model-level)"
R5-002,GPU,FlexAttention skips fully-masked tiles via a precomputed BlockMask; partially masked tiles fall back to elementwise mask_mod,,,DESIGN,https://arxiv.org/abs/2412.05496,Section 1.1 / Section 4 Block Sparsity Optimization,"The BlockMask unlocks the opportunity to save the work for fully-masked score matrix blocks without loading a large elementwise attention mask. For partially masked score matrix blocks, we can still exploit mask mod to elementwisely mask out score scalars",2024-12-07,2026-10-01,High,Implication: a learned top-k graph mask only saves work at the granularity of whole 128x128 tiles; scattered edges yield partial tiles (dense compute).
R5-003,GPU,FlexAttention block-sparsity granularity is a block size of 128 by default; metadata scales with (Q_LEN/BS)x(KV_LEN/BS),128,tokens per block,DESIGN,https://arxiv.org/abs/2412.05496,Section 4 (end of Block Sparsity Optimization),"their memory footprint scales with O(⌈Q LEN/BS⌉ × ⌈KV LEN/BS⌉), where BS is the block size (=128 by default).",2024-12-07,2026-10-01,High,"For N graph nodes < 128, an entire N x N mask is a single block: no compute saved by sparsity."
R5-004,GPU,FlexAttention end-to-end: 2.04x inference in gpt-fast (16k context) and 2.4x training in torchtune,2.4,x training speedup,REPORTED,https://arxiv.org/abs/2412.05496,Section 1 (Introduction),FlexAttention works well with existing ML infrastructure and improves end-to-end performance for inference by 2.04x in gpt-fast for 16k context length and training by 2.4x in torchtune.,2024-12-07,2026-10-01,Medium,"Baseline: prior attention implementations in those frameworks (not stated as FLOP-matched); speedups come from masking/variants at long context, not short sequences"
R5-005,GPU,FlexAttention authors frame monolithic fused attention kernels as a 'software lottery' that penalises new attention variants,,,AUTHOR-CLAIM,https://arxiv.org/abs/2412.05496,Abstract,"However, the importance of FlashAttention combined with its monolithic nature poses a problem for researchers aiming to try new attention variants — a “software lottery”.",2024-12-07,2026-10-01,High,
R5-006,GPU,Most Transformer operations are memory-bound; arithmetic intensity (ops per byte) decides compute- vs memory-bound,,,AUTHOR-CLAIM,https://arxiv.org/abs/2205.14135,Section 2.1 Hardware performance,"GPUs, compute speed has out-paced memory speed [61, 62, 63], and most operations in Transformers are bottlenecked by memory accesses [43].",2022-05-27,2026-10-01,High,
R5-007,GPU,Approximate (FLOP-reducing) attention methods often show no wall-clock speedup because FLOP reduction may not correlate with wall-clock,,,AUTHOR-CLAIM,https://arxiv.org/abs/2205.14135,Section 1 Introduction,many of them do not display wall-clock speedup against standard attention and have not gained wide adoption. One main reason is that they focus on FLOP reduction (which may not correlate with wall-clock speed),2022-05-27,2026-10-01,High,Failure evidence: FLOP-matched sparse != wall-clock matched
R5-008,GPU,"Block-sparse FlashAttention is 2-4x faster than dense FlashAttention, IO complexity better by a factor proportional to sparsity",2-4,x speedup,REPORTED,https://arxiv.org/abs/2205.14135,Section 1 Introduction; Section 3.3,"we implement block-sparse FlashAttention, a sparse attention algorithm that is 2-4× faster than even FlashAttention, scaling up to sequence length of 64k.",2022-05-27,2026-10-01,High,"Baseline: dense FlashAttention, same sequence; fixed (static) block-sparse pattern; long sequences"
R5-009,GPU,"FlashAttention end-to-end training: 15% faster BERT-large vs MLPerf 1.1 record, 3x GPT-2 (1K)",3,x speedup,REPORTED,https://arxiv.org/abs/2205.14135,Abstract,"15% end-to-end wall-clock speedup on BERT-large (seq. length 512) compared to the MLPerf 1.1 training speed record, 3× speedup on GPT-2 (seq. length 1K)",2022-05-27,2026-10-01,High,"Baseline: same model with standard attention implementations (HuggingFace/Megatron); identical FLOPs, exact attention"
R5-010,GPU,Structured matrices efficient in theory rarely translate to wall-clock speedup because dense matmul is so optimized (hardware lottery),,,AUTHOR-CLAIM,https://arxiv.org/abs/2205.14135,Appendix A Related work (structured matrices),"it is hard to translate their efficiency to wall-clock speedup since dense unconstrained matrix multiply has very optimize implementation, a phenomenon known as the hardware lottery [41].",2022-05-27,2026-10-01,High,Failure evidence for non-dense compute patterns
R5-011,GPU,"A100: 312 TFLOP/s BF16 matmul vs 19.5 TFLOP/s non-matmul FP32, so a non-matmul FLOP costs 16x a matmul FLOP",16,x cost ratio,REPORTED,https://arxiv.org/abs/2307.08691,Section 3.1,"the A100 GPU has a max theoretical throughput of 312 TFLOPs/s of FP16/BF16 matmul, but only 19.5 TFLOPs/s of non-matmul FP32. Another way to think about this is that each non-matmul FLOP is 16× more expensive than a matmul FLOP.",2023-07-17,2026-10-01,High,Key for FLOP matching: scatter/softmax/topk FLOPs are non-matmul and cannot be weighted equally with GEMM FLOPs
R5-012,GPU,"FlashAttention-2 reaches up to 230 TFLOP/s, 73% of A100 theoretical max (forward)",73,% of peak,REPORTED,https://arxiv.org/abs/2307.08691,Section 4.1,"FlashAttention-2 reaches up to 230 TFLOPs/s, 73% of the theoretical maximum TFLOPs/s on A100 GPUs.",2023-07-17,2026-10-01,High,Dense attention baseline utilisation (T0/T1 upper reference)
R5-013,GPU,FlashAttention-2 is 3-10x faster than a standard (unfused) attention implementation,3-10,x speedup,REPORTED,https://arxiv.org/abs/2307.08691,Section 4.1 Benchmarking attention,"tion-2 is 1.7-3.0× faster than FlashAttention, 1.3-2.5× faster than FlashAttention in Triton, and 3-10× faster than a standard attention implementation.",2023-07-17,2026-10-01,High,"Same FLOPs; shows implementation alone moves wall-clock 3-10x, so arm-implementation quality must be matched"
R5-014,ROUTE,NSA: many sparse attention methods fail to achieve speedups comparable to their theoretical gains,,,AUTHOR-CLAIM,https://arxiv.org/abs/2502.11089,Section 1 Introduction,existing sparse attention methods often fall short in practical deployments. Many approaches fail to achieve speedups comparable to their theoretical gains,2025-02-16,2026-10-01,High,Failure evidence
R5-015,GPU,NSA: token-granular (non-contiguous) selection prevents FlashAttention-style kernels and forces low hardware utilisation,,,AUTHOR-CLAIM,https://arxiv.org/abs/2502.11089,Section 2.2 (Rethinking sparse attention),"This non-contiguous memory access prevents efficient adaptation of fast attention techniques like FlashAttention, which rely on contiguous memory access and blockwise computation to achieve high throughput.",2025-02-16,2026-10-01,High,Directly applies to per-node top-k edge selection (G2): scattered neighbour reads
R5-016,GPU,NSA: GPUs have much higher throughput for contiguous block access than random index-based reads; blockwise also enables Tensor Cores,,,AUTHOR-CLAIM,https://arxiv.org/abs/2502.11089,Section 3.3.2 Blockwise Selection,"modern GPU architectures exhibit significantly higher throughput for continuous block accesses compared to random index-based reads. Also, blockwise computation enables optimal utilization of Tensor Cores.",2025-02-16,2026-10-01,High,
R5-017,ROUTE,"NSA (trainable blockwise top-k sparse attention, Triton) reaches up to 9.0x forward and 6.0x backward speedup over FlashAttention-2 at 64k context",9.0,x forward speedup,REPORTED,https://arxiv.org/abs/2502.11089,"Section 6.1 Training speed, Figure 6","our NSA achieves progressively greater speedups as context length increases, up to 9.0× forward and 6.0× backward speedup at 64k context-length.",2025-02-16,2026-10-01,High,"Baseline: Triton FlashAttention-2 full attention, same backend; not FLOP-matched (NSA does fewer FLOPs); gain grows with length, small at 8k"
R5-018,ROUTE,"NSA: discrete selection (k-means, SimHash) is non-trainable and blocks gradient flow through token selection",,,AUTHOR-CLAIM,https://arxiv.org/abs/2502.11089,Section 2.2 Non-Trainable Components,"These non-trainable components prevent gradient flow through the token selection process, limiting the model’s ability to learn optimal sparse patterns.",2025-02-16,2026-10-01,High,"Relevant to G2 learned top-k edges: hard top-k needs a gradient path (scores multiply messages, or straight-through)"
R5-019,GPU,NSA decoding: expected speedup approximately linear in memory-access volume because decoding is memory-bound (4x at 8k to 11.6x at 64k),11.6,x expected speedup,REPORTED,https://arxiv.org/abs/2502.11089,Table 4,Expected Speedup 4× 6.4× 9.1× 11.6× Table 4 | Memory access volume (in equivalent number of tokens) per attention operation during decoding.,2025-02-16,2026-10-01,Medium,Table cell order 8k/16k/32k/64k inferred from header; supports bytes-moved (not FLOPs) as cost proxy for memory-bound phases
R5-020,X,"Efficiency Misnomer: cost indicators (params, FLOPs, throughput) can disagree and incomplete reporting gives partial conclusions",,,AUTHOR-CLAIM,https://arxiv.org/abs/2110.12894,Abstract,We demonstrate how incomplete reporting of cost indicators can lead to partial conclusions and a blurred or incomplete picture of the practical considerations of different models.,2021-10-25,2026-10-01,High,ICLR 2022
R5-021,X,Universal Transformer (depth-shared) vs Transformer vs Switch: relative ranking reverses depending on params vs FLOPs vs throughput,,,REPORTED,https://arxiv.org/abs/2110.12894,Figure 1 caption,"Comparison of standard Transformers, Universal Transformers and Switch Transformers in terms of three common cost metrics: number of parameters, FLOPs, and throughput. Relative ranking between models is reversed between the two cost indicators.",2021-10-25,2026-10-01,High,"Directly predicts our T1/G1-G3 vs T0 result can flip with the cost indicator; supports reporting all of params, FLOPs, wall-clock"
R5-022,X,Parameter sharing in depth reduces trainable parameters but leaves FLOPs and speed unchanged,,,AUTHOR-CLAIM,https://arxiv.org/abs/2110.12894,Section 4.1 Parameter sharing,"compared to the same model with no parameter sharing, we end up having fewer trainable parameters, while the number of FLOPs or speed stays the same.",2021-10-25,2026-10-01,High,
R5-023,X,"With parameter sharing, training activation memory is as large as for an unshared model of the same depth",,,AUTHOR-CLAIM,https://arxiv.org/abs/2110.12894,Section 2 Upstream performance discussion,"during training, the size of activation we need to keep for the backward pass is as big as a similar model with no parameter sharing.",2021-10-25,2026-10-01,High,BPTT over T iterations costs activations for T layers; affects T1/G1-G3 memory
R5-024,ROUTE,Sparse models cut theoretical FLOPs by orders of magnitude but not speed: MoE routing overhead and lost batching,,,AUTHOR-CLAIM,https://arxiv.org/abs/2110.12894,Section 4.2 Sparsity,"Both types of sparse models result in large reductions in theoretical FLOPs, often of several orders of magnitude. However, these do not translate to equally large speed-ups.",2021-10-25,2026-10-01,High,Failure evidence
R5-025,X,Misnomer recommends always reporting and plotting all available cost indicators rather than a single one,,,AUTHOR-CLAIM,https://arxiv.org/abs/2110.12894,Section 5 Suggestions,"we suggest always reporting and plotting curves using all available cost indicators, and refraining from highlighting results using just a single one.",2021-10-25,2026-10-01,High,
R5-026,GPU,Moderate (DNN-level) sparsity is not enough for existing sparse kernels to beat dense kernels on GPU,,,AUTHOR-CLAIM,https://arxiv.org/abs/2006.10901,Abstract,these applications have relatively moderate levels of sparsity that are not sufficient for existing sparse kernels to outperform their dense counterparts.,2020-06-18,2026-10-01,High,Failure evidence for unstructured sparse compute; SC'20
R5-027,GPU,Library sparse kernels are tuned for 99%+ sparse scientific matrices and cannot beat dense at DNN sparsity levels,99,% sparsity,REPORTED,https://arxiv.org/abs/2006.10901,Section I Introduction,"imarily optimized for scientific applications, where matrices are extremely (99%+) sparse. With the relatively moderate levels of sparsity found in deep neural networks, these kernels are not able to outperform their dense counterparts.",2020-06-18,2026-10-01,Medium,"Qualitative threshold, not a measured crossover; quote begins mid-word due to PDF line break ('primarily')"
R5-028,GPU,"Sputnik sparse kernels: 3.58x SpMM and 2.19x SDDMM geomean over cuSPARSE on V100, top problems reach only 27% of FP32 peak",27,% of FP32 peak,REPORTED,https://arxiv.org/abs/2006.10901,Abstract,"we demonstrate geometric mean speedups of 3.58× and 2.19× over Nvidia cuSPARSE for SpMM and SDDMM respectively on Nvidia V100 GPUs. On the top performing problems, our kernels reach 27% of single-precision peak.",2020-06-18,2026-10-01,High,Baseline cuSPARSE (sparse vs sparse); compare 73% of peak for dense FlashAttention-2 (R5-012). SpMM/SDDMM are exactly the GNN aggregate / edge-score kernels
R5-029,GPU,Sparse Transformer/MobileNet with Sputnik: 1.2-2.1x end-to-end speedup and 12.8x memory reduction at matched accuracy,1.2-2.1,x speedup,REPORTED,https://arxiv.org/abs/2006.10901,Abstract,we demonstrate sparse Transformer and MobileNet models that achieve 1.2– 2.1× end-to-end speedups and 12.8× reductions in memory usage while matching the accuracy of their dense counterparts.,2020-06-18,2026-10-01,High,Baseline: dense counterparts at matched accuracy (not FLOP-matched; sparse has fewer FLOPs); static weight sparsity
R5-030,GPU,Gradient checkpointing: O(sqrt n) activation memory for an n-layer net at the cost of one extra forward pass per mini-batch,,,DESIGN,https://arxiv.org/abs/1604.06174,Abstract,"memory to train a n layer network, with only the computational cost of an extra forward pass per mini-batch.",2016-04-21,2026-10-01,High,sqrt symbol lost in PDF extraction; O(sqrt n) stated in the full abstract. Applies to T unrolled iterations of T1/G1-G3
R5-031,GPU,Sublinear-memory checkpointing costs about 30% additional runtime (Titan X),30,% runtime overhead,REPORTED,https://arxiv.org/abs/1604.06174,"Section 5, Figure 7","Because of the double forward cost in gradient calculation, the sublinear allocation strategy costs 30% additional runtime compared to the normal strategy.",2016-04-21,2026-10-01,High,"Baseline: same network, linear memory allocation; same model FLOPs (extra recompute FLOPs not counted in model FLOPs) - training FLOP accounting must include recompute"
R5-032,GPU,"Checkpointing cut a 1,000-layer ResNet's memory from 48G to 7G",48 to 7,GB,REPORTED,https://arxiv.org/abs/1604.06174,Section 1 Introduction,"we can reduce the memory cost of a 1,000-layer deep residual network from 48G to 7G on ImageNet problems.",2016-04-21,2026-10-01,High,Baseline: same network without memory planning
R5-033,GPU,Memory-efficient BPTT (dynamic-programming checkpointing): 95% memory saved for length-1000 sequences at 33% more time per iteration,95,% memory saved,REPORTED,https://arxiv.org/abs/1606.03401,"Section 3.2, Figure 5(a)",our methodology saves 95% of memory for sequences of 1000 (excluding input vectors) while using only 33% more time per training-iteration than the standard BPTT,2016-06-10,2026-10-01,High,"Baseline: standard BPTT, same RNN; time overhead is analytic, assumes backward = 2x forward"
R5-034,GPU,"Implicit networks can be trained with fixed memory, unlike feedforward nets whose memory scales linearly with depth; JFB avoids the Jacobian solve",,,AUTHOR-CLAIM,https://arxiv.org/abs/2103.12803,Abstract / Section 1,"implicit networks may be trained with fixed memory costs in stark contrast to feedforward networks, whose memory requirements scale linearly with depth.",2021-03-23,2026-10-01,High,One-step/Jacobian-free gradient = O(1) memory option for G1-G3 if run to a fixed point (AAAI 2022)
R5-035,GPU,JFB: drop the Jacobian term in implicit backprop; faster training without sacrificing test accuracy (authors),,,AUTHOR-CLAIM,https://arxiv.org/abs/2103.12803,Abstract,"We propose Jacobian-Free Backpropagation (JFB), a fixed-memory approach that circumvents the need to solve Jacobian-based equations. JFB makes implicit networks faster to train and significantly easier to implement, without sacrificing test accuracy.",2021-03-23,2026-10-01,High,
R5-036,ROUTE,Naive PyTorch sparse MoE implementations do not exploit GPU parallelism and are slow,,,AUTHOR-CLAIM,https://arxiv.org/abs/2403.08245,Section 1 Introduction,the naive implementation of SMoEs does not take full advantage of the parallelism of GPUs and are slow as a result.,2024-03-13,2026-10-01,High,Same applies to per-node expert/edge dispatch written as Python loops
R5-037,GPU,ScatterMoE (Triton) avoids padding and input copies; 38.1% higher training throughput than MegaBlocks sparse on a 1.5B Mixtral config,38.1,% throughput gain,REPORTED,https://arxiv.org/abs/2403.08245,"Section 4 Performance, Figure 4a",Our method outperforms both the Sparse Megablocks implementation by 38.1% in this setting.,2024-03-13,2026-10-01,Medium,"Baseline: MegaBlocks sparse, same model (identical FLOPs); single-setting result"
R5-038,GPU,"ScatterMoE MLP uses 66.2% of MegaBlocks' memory in training, 53.6% in inference",66.2,% of MegaBlocks memory,REPORTED,https://arxiv.org/abs/2403.08245,Section 4 Performance,"our implementation for the SMoE MLP uses 66.2% of the memory Megablocks uses during training, while using only 53.6% of the memory of Megablocks if we consider only inference.",2024-03-13,2026-10-01,Medium,Baseline MegaBlocks; same FLOPs
R5-039,ROUTE,TPU Switch-Transformer implementations need all tensor sizes (capacity) fixed at compile time,,,AUTHOR-CLAIM,https://arxiv.org/abs/2403.08245,Section 1 Introduction,"Initial implementations on Tensor Processing Units (TPUs) for Switch Transformers require all tensor sizes, or capacity, to be specified at compilation",2024-03-13,2026-10-01,High,Static-shape compilers (XLA/JAX jit) force capacity factors/padding for data-dependent routing
R5-040,ROUTE,MoBA applies MoE-style top-k gating over KV blocks so each query attends to a subset of blocks,,,DESIGN,https://arxiv.org/abs/2502.13189,Section 2.2 MoBA architecture,"By applying the top-k gating mechanism from MoE, we enable each query to selectively focus on a subset of tokens from different blocks, rather than the entire context",2025-02-18,2026-10-01,High,
R5-041,ROUTE,MoBA reaches up to 6.5x speedup prefilling 1M tokens vs FlashAttention full attention,6.5,x speedup,REPORTED,https://arxiv.org/abs/2502.13189,"Section 3.4 Efficiency, Figure 2","In particular, it achieves a speedup ratio of up to 6.5x when prefilling 1M tokens.",2025-02-18,2026-10-01,High,"Baseline: Flash Attention full attention; not FLOP-matched; gains appear only at very long sequences, irrelevant at graph sizes of hundreds of nodes"
R5-042,ROUTE,"Quest (query-aware top-k KV page selection): up to 7.03x self-attention speedup, 2.23x end-to-end decode latency vs FlashInfer",7.03,x attention speedup,REPORTED,https://arxiv.org/abs/2406.10774,Abstract,"We show that Quest can achieve up to 7.03× self-attention speedup, which reduces inference latency by 2.23× while performing well on tasks with long dependencies with negligible accuracy loss.",2024-06-16,2026-10-01,High,"Baseline FlashInfer full attention; decoding (memory-bound) long context; measured partly on RTX 4090; inference-only, not trained sparsity"
R5-043,THEORY,Unified routed scaling laws: routing improvement follows a power law in expert count that diminishes with dense model size,,,REPORTED,https://arxiv.org/abs/2202.01169,Section 1 / Section 4,introducing routing into a language model improves performance. That improvement follows a power-law in the number of experts E that diminishes with model size N,2022-02-02,2026-10-01,High,Baseline: dense models of same FLOPs per token (routing adds params at ~fixed FLOPs); ICML 2022
R5-044,X,Routed scaling laws define an Effective Parameter Count along which dense and routed models scale at the same rate,,,DESIGN,https://arxiv.org/abs/2202.01169,"Section 1, Figure 1(c)",deriving an Effective Parameter Count along which all models scale at the same rate,2022-02-02,2026-10-01,High,Template for reporting graph-arm parameters in dense-equivalent terms
R5-045,THEORY,"Abnar et al.: in MoE pretraining, adding parameters yields greater benefits than adding FLOPs per example",,,AUTHOR-CLAIM,https://arxiv.org/abs/2501.12370,Section 1 Introduction (summary of findings),"During pretraining, increasing a model’s capacity by adding more parameters yields greater benefits than increasing FLOPs per example.",2025-01-21,2026-10-01,High,"Opposite direction to the candidate's thesis (more compute per parameter); pretraining loss, not algorithmic reasoning"
R5-046,GPU,"Nsight Compute gives unified byte metrics for DRAM/HBM, L2 and L1 (dram__bytes.sum, lts__t_bytes.sum, l1tex__t_bytes.sum); shared-memory traffic is not in the L1 metric",,,DESIGN,https://arxiv.org/abs/2009.05257,"Section III.B (Bytes), Table II","For device memory (or HBM), L2 cache, and L1 cache, the latest Nsight Compute provides a unified byte metric for each of them to facilitate measurement. Note that shared memory transactions are not included in the current L1 metric.",2020-09-11,2026-10-01,High,Underscores in metric names are lost in PDF extraction; metric names from Table II
R5-047,GPU,"Nsight Compute has no unified FLOP metric; FLOPs must be summed per precision from add/mul/FMA instruction counts (FMA = 2 FLOPs), Tensor Core FLOPs from pipe_tensor instruction counts",,,DESIGN,https://arxiv.org/abs/2009.05257,"Section III.B (FLOPs), Eq. 6","Nsight Compute doesn’t provide a unified metric like flop_count_dp in nvprof. But for each floating-point precision (FP64, FP32 and FP16), it splits the measurement into three metrics based on the instruction type",2020-09-11,2026-10-01,High,Hardware-counter FLOPs include padding/masked-tile work that analytic counts omit
R5-048,GPU,GNN combination (dense) is generally compute-bound while aggregation fetches vertices with irregular memory patterns,,,AUTHOR-CLAIM,https://arxiv.org/abs/2010.00130,Section 5 (computing challenges),"which is generally computation-bound [138]. In contrast, aggregation involves, among other operations, fetching groups of vertices that often lead to irregular memory patterns [59].",2020-10-01,2026-10-01,Medium,Survey (ACM Computing Surveys)
R5-049,GPU,torch.utils.flop_counter: operators without a registered formula (and no decomposition) add zero FLOPs,,,CODE,https://github.com/pytorch/pytorch/blob/main/torch/utils/flop_counter.py,"torch/utils/flop_counter.py module docstring, 'Counting semantics' (commit 958e982, 2026-09-28)",Counts are produced by formulas in ``flop_registry``. Operators without a formula may be decomposed into registered operators; otherwise they add zero FLOPs.,2026-09-28,2026-10-01,High,"Registered aten ops in that file: mm, addmm, bmm, baddbmm, convolution variants, SDPA/flash/efficient attention, _scaled_mm. No scatter/index_add/gather/topk formula found (grep count 0) => message-passing aggregation counted as 0"
R5-050,GPU,"torch FlopCounterMode does not adjust for sparsity, masking, skipped elements, memory movement or data-dependent early exits; masked attention counted as upper bound",,,CODE,https://github.com/pytorch/pytorch/blob/main/torch/utils/flop_counter.py,"torch/utils/flop_counter.py module docstring, 'Counting semantics'","Counts do not automatically adjust for dtype-specific throughput, Tensor Cores, sparsity, quantization, masking, skipped elements, memory movement, or data-dependent early exits.",2026-09-28,2026-10-01,High,Halting (G3) and block-masked attention must be counted per executed iteration / with a custom formula
R5-051,GPU,torch flop_counter matmul formula counts 2*m*n*k FLOPs (dense naive definition),2,FLOPs per MAC,CODE,https://github.com/pytorch/pytorch/blob/main/torch/utils/flop_counter.py,torch/utils/flop_counter.py module docstring,"The default formulas use dense, naive mathematical definitions. For example, matrix multiplication counts ``2 * m * n * k`` FLOPs.",2026-09-28,2026-10-01,High,Contrast fvcore (1 FMA = 1 flop): factor-2 discrepancy between tools
R5-052,GPU,"torch flop_counter is explicitly not a measure of wall-clock, memory bandwidth or achieved FLOP/s",,,CODE,https://github.com/pytorch/pytorch/blob/main/torch/utils/flop_counter.py,torch/utils/flop_counter.py module docstring,"It should not be read as kernel instructions, wall-clock time, memory bandwidth, achieved FLOP/s, Tensor Core utilization, or the exact work done by a fused kernel.",2026-09-28,2026-10-01,High,
R5-053,GPU,fvcore FlopCountAnalysis counts one fused multiply-add as one flop,1,flop per FMA,CODE,https://github.com/facebookresearch/fvcore/blob/main/fvcore/nn/flop_count.py,"fvcore/nn/flop_count.py, FlopCountAnalysis docstring (last commit to file 2024-03-05)",1. Flop is not a well-defined concept. We just produce our best estimate. 2. We count one fused multiply-add as one flop.,2024-03-05,2026-10-01,High,"Default supported ops: addmm, bmm, conv, einsum, matmul, mm, linear, norms, upsample, pooling, grid_sampler; no scatter/index ops"
R5-054,GPU,"fvcore traces with torch.jit.trace; tracing does not capture control flow and can prune ops, possibly under-counting",,,CODE,https://github.com/facebookresearch/fvcore/blob/main/docs/flop_count.md,"docs/flop_count.md, 'Appendix: Mechanism & Limitations' item 3","JIT tracing currently prunes away ops that are not used by results. However, as tracing does not capture control flow, it may prune away useful ops whose results only affect control flow. This may lead to under-counting.",2024-03-05,2026-10-01,High,A traced halting loop records only the iteration count of the traced example; source_date = fvcore repo file date proxy
R5-055,GPU,DeepSpeed Flops Profiler assumes backward FLOPs = 2x forward FLOPs and fwd+bwd = 3x forward,2,x forward,DESIGN,https://www.deepspeed.ai/tutorials/flops-profiler/,"Flops Profiler tutorial, example output",bwd FLOPS per GPU = 2 * fwd flops per GPU / bwd latency: 116.27 TFLOPS fwd+bwd FLOPS per GPU = 3 * fwd flops per GPU / ( fwd+bwd latency ),2026,2026-10-01,Medium,"Heuristic, wrong for checkpointing (adds 1 fwd), one-step/JFB gradients (backward over 1 of T steps) and truncated BPTT; source_date = page retrieval year, no page date found"
R5-056,GPU,"DeepSpeed Flops Profiler: FLOP count is a theoretical estimate, so derived FLOPS can exceed system peak",,,DESIGN,https://www.deepspeed.ai/tutorials/flops-profiler/,"Flops Profiler tutorial, notes under detailed profile","Number of floating-point operations is a theoretical estimation, thus FLOPS computed using that could be larger than the maximum system throughput.",2026,2026-10-01,Medium,
R5-057,GPU,CUDA graph capture prohibits CPU-GPU sync ops (e.g. .item()) and dynamic control flow unless implemented via torch.cond on GPU data,,,DESIGN,https://docs.pytorch.org/docs/2.14/notes/cuda.html,"CUDA semantics, 'CUDA Graphs' > Constraints","Ops that synchronize the CPU with the GPU (e.g., .item() calls) are prohibited.",2026,2026-10-01,High,Per-instance learned halting with a Python while-loop on a GPU scalar breaks capture; use fixed T_max with masking or torch.cond
R5-058,GPU,CUDA graphs mainly elide CPU launch overhead; worth trying when a network is graph-safe (static shapes and control flow) and CPU-limited,,,DESIGN,https://docs.pytorch.org/docs/2.14/notes/cuda.html,"CUDA semantics, 'CUDA Graphs' intro","You should try CUDA graphs if all or part of your network is graph-safe (usually this means static shapes and static control flow, but see the other constraints ) and you suspect its runtime is at least somewhat CPU-limited.",2026,2026-10-01,High,Small-graph (N~100s) iterated models are typically launch-bound: T iterations x several kernels
R5-059,GPU,torch.compile CUDAGraph Trees re-record a CUDA graph for every unique input shape,,,DESIGN,https://docs.pytorch.org/docs/2.14/user_guide/torch_compiler/torch.compiler_cudagraph_trees.html,"CUDAGraph Trees, 'Dynamic Shape Support'","Since CUDAGraph requires fixed tensor addresses, CUDAGraph Trees re-record CUDAGraph for every unique shape of an input tensor.",2026,2026-10-01,High,Variable edge counts (E changes with learned topology) => new shapes => re-record; keep E fixed = N*k
R5-060,GPU,torch.compile assumes static input shapes by default; compilers typically require recompilation when shapes change,,,DESIGN,https://docs.pytorch.org/docs/2.14/user_guide/torch_compiler/torch.compiler_dynamic_shapes.html,"Dynamic Shapes page, introduction","By default, PyTorch assumes all input shapes to be static. Typically, deep learning compilers only support static shapes, requiring recompilation for input shape changes.",2026,2026-10-01,High,
R5-061,GPU,"Data-dependent ops (item, tolist, nonzero) create unbacked symbols in torch.compile and can raise GuardOnDataDependentSymNode errors",,,DESIGN,https://docs.pytorch.org/docs/2.14/user_guide/torch_compiler/compile/dynamic_shapes_troubleshooting_guardon_errors.html,"Troubleshooting GuardOnDataDependentSymNode Errors, intro","When working with PyTorch models that have unbacked symbols which could be coming from data dependent ops like item() , tolist() , or nonzero() ,",2026-03-17,2026-10-01,High,Edge creation via nonzero()/threshold gives data-dependent E; topk with fixed k keeps shapes static
R5-062,GPU,torch scatter_reduce may be nondeterministic on CUDA and is a beta API,,,DESIGN,https://docs.pytorch.org/docs/2.14/generated/torch.Tensor.scatter_reduce_.html,torch.Tensor.scatter_reduce_ notes,This operation may behave nondeterministically when given tensors on a CUDA device. See Reproducibility for more information. Note The backward pass is implemented only for src.shape == index.shape . Warning This function is in beta,2026,2026-10-01,High,Atomic-add aggregation: seed-level variance includes float nondeterminism for G0-G3
R5-063,GPU,"With deterministic algorithms enabled, CUDA index_add_ raises an error because it has no deterministic implementation (docs example)",,,DESIGN,https://docs.pytorch.org/docs/2.14/notes/randomness.html,"Reproducibility notes, torch.use_deterministic_algorithms example","For example, running the nondeterministic CUDA implementation of torch.Tensor.index_add_() will throw an error:",2026,2026-10-01,Medium,Doc example may lag current kernels; verify on our torch version
R5-064,GPU,PyTorch sparse tensor API is in beta,,,DESIGN,https://docs.pytorch.org/docs/2.14/sparse.html,"torch.sparse page, top warning (last updated 2026-05-12)",Warning The PyTorch API of sparse tensors is in beta and may change in the near future.,2026-05-12,2026-10-01,High,
R5-065,GPU,PyTorch docs: sparse formats pay off especially for high degrees of sparsity or highly structured sparsity,,,AUTHOR-CLAIM,https://docs.pytorch.org/docs/2.14/sparse.html,"torch.sparse, 'Why and when to use sparsity'",Especially for high degrees of sparsity or highly structured sparsity this can have significant performance implications.,2026-05-12,2026-10-01,High,
R5-066,GPU,jax.ops.segment_sum needs a static num_segments under jit; offers indices_are_sorted / unique_indices hints,,,DESIGN,https://docs.jax.dev/en/latest/_autosummary/jax.ops.segment_sum.html,jax.ops.segment_sum parameters,"Since num_segments determines the size of the output, a static value must be provided to use segment_sum in a JIT-compiled function.",2026,2026-10-01,High,JAX/XLA: graph arms must use fixed N and fixed E (padding) under jit
R5-067,GPU,"FlexAttention (blog, A100): 90% of FlashAttention-2 forward and 85% backward on causal attention",90,% of FA2 forward,AUTHOR-CLAIM,https://pytorch.org/blog/flexattention/,"PyTorch blog 'FlexAttention', Performance section",FlexAttention achieves 90% of FlashAttention2’s performance in the forward pass and 85% in the backward pass.,2024-08-07,2026-10-01,Medium,"Vendor (PyTorch team) blog; baseline FA2 same causal attention, same FLOPs"
R5-068,GPU,FlexAttention: create_block_mask is relatively expensive; changing the mask needs no recompile but uncached mask creation causes slowdowns,,,AUTHOR-CLAIM,https://pytorch.org/blog/flexattention/,"PyTorch blog 'FlexAttention', Mask Mods section","Note that create_block_mask is a relatively expensive operation! Although FlexAttention will not need to recompile when it changes, if you aren’t careful about caching it, it can lead to significant slowdowns",2024-08-07,2026-10-01,High,A state-conditioned mask changes every iteration => BlockMask rebuilt T times per forward; cost unmeasured for our sizes
R5-069,GPU,FlexAttention (Aug 2024) required sequence lengths to be a multiple of 128,128,tokens,AUTHOR-CLAIM,https://pytorch.org/blog/flexattention/,"PyTorch blog 'FlexAttention', Limitations and Future Work",FlexAttention requires that all sequence lengths be a multiple of 128 – this will be addressed soon.,2024-08-07,2026-10-01,Low,Dated limitation; may be lifted in PyTorch 2.14 (not verified)
R5-070,GPU,create_block_mask default BLOCK_SIZE=128 in PyTorch 2.14 API,128,tokens per block,CODE,https://docs.pytorch.org/docs/2.14/nn.attention.flex_attention.html,torch.nn.attention.flex_attention.create_block_mask signature,"create_block_mask ( mask_mod , B , H , Q_LEN , KV_LEN , device = None , BLOCK_SIZE = 128 , _compile = False",2026,2026-10-01,High,
R5-071,GPU,"Vast.ai live price card, RTX 4090 (24GB): from $0.31/hr, median $0.45/hr on 2026-10-01 17:01 UTC",0.31-0.45,USD/hr (from / median),REPORTED,https://vast.ai/pricing,vast.ai/pricing 'Live GPU Prices' card RTX 4090 (rendered 2026-10-01T17:01Z; saved sources/R5/vast_pricing_rendered_2026-10-01T1701Z.yml),RTX 4090 Ada Lovelace 24GB VRAM from $0.31 /hr median $0.45/hr,2026-10-01,2026-10-01,Medium,Marketplace snapshot; card does not label on-demand vs interruptible; page: 'Prices reflect currently available offers and update hourly' (RTX 4090 detail page). Per-GPU; volatile
R5-072,GPU,"Vast.ai live price card, RTX 5090 (32GB): from $0.34/hr, median $0.60/hr on 2026-10-01",0.34-0.60,USD/hr (from / median),REPORTED,https://vast.ai/pricing,vast.ai/pricing 'Live GPU Prices' card RTX 5090 (rendered 2026-10-01T17:01Z),RTX 5090 Blackwell 32GB VRAM from $0.34 /hr median $0.60/hr,2026-10-01,2026-10-01,Medium,Pricing mode not labelled on card; volatile
R5-073,GPU,"Vast.ai live price card, A100 SXM4 80GB: from $0.31/hr, median $0.80/hr on 2026-10-01",0.31-0.80,USD/hr (from / median),REPORTED,https://vast.ai/pricing,vast.ai/pricing 'Live GPU Prices' card A100 SXM4 (rendered 2026-10-01T17:01Z),A100 SXM4 Ampere 80GB VRAM from $0.31 /hr median $0.80/hr,2026-10-01,2026-10-01,Medium,'from' price below A100 PCIE floor; likely interruptible/outlier offer - plan on median; pricing mode not labelled
R5-074,GPU,"Vast.ai live price card, A100 PCIE 80GB: from $0.40/hr, median $0.66/hr on 2026-10-01",0.40-0.66,USD/hr (from / median),REPORTED,https://vast.ai/pricing,vast.ai/pricing 'Live GPU Prices' card A100 PCIE (rendered 2026-10-01T17:01Z),A100 PCIE Ampere 80GB VRAM from $0.40 /hr median $0.66/hr,2026-10-01,2026-10-01,Medium,Pricing mode not labelled
R5-075,GPU,"Vast.ai live price card, H100 SXM 80GB: from $1.60/hr, median $2.27/hr on 2026-10-01",1.60-2.27,USD/hr (from / median),REPORTED,https://vast.ai/pricing,vast.ai/pricing 'Live GPU Prices' card H100 SXM (rendered 2026-10-01T17:01Z),H100 SXM Hopper 80GB VRAM from $1.60 /hr median $2.27/hr,2026-10-01,2026-10-01,Medium,Pricing mode not labelled
R5-076,GPU,"Vast.ai live price card, H100 PCIE 80GB: from $1.93/hr (no median shown) on 2026-10-01",1.93,USD/hr (from),REPORTED,https://vast.ai/pricing,vast.ai/pricing 'Live GPU Prices' card H100 PCIE (rendered 2026-10-01T17:01Z),H100 PCIE Hopper 80GB VRAM from $1.93 /hr,2026-10-01,2026-10-01,Medium,Pricing mode not labelled
R5-077,GPU,"Vast.ai GPU pages state prices reflect currently available offers and update hourly (marketplace, not list price)",,,DESIGN,https://vast.ai/pricing/gpu/RTX-4090,RTX 4090 pricing page header (rendered 2026-10-01T17:00Z),Prices reflect currently available offers and update hourly.,2026-10-01,2026-10-01,High,"Budget with median, re-check on rental day"
R5-078,GPU,"RTX 5090 spec on Vast page: 32 GB GDDR7, 1.79 TB/s memory bandwidth",1.79,TB/s,DESIGN,https://vast.ai/pricing/gpu/RTX-5090,RTX 5090 page spec table (embedded JSON),"""Bandwidth"":""1.79 TB/s""",2026-10-01,2026-10-01,Medium,Third-party spec table; for roofline ridge point use vendor datasheet
R5-079,GPU,A100 SXM4 80GB spec on Vast page: 2.04 TB/s memory bandwidth,2.04,TB/s,DESIGN,https://vast.ai/pricing/gpu/A100-SXM4,A100 SXM4 page spec table (embedded JSON),"""Bandwidth"":""2.04 TB/s""",2026-10-01,2026-10-01,Medium,With 312 TFLOP/s BF16 (R5-011): ridge ~153 FLOP/byte (DERIVED in R5 dossier)
R5-080,GPU,H100 SXM 80GB spec on Vast page: 3.36 TB/s memory bandwidth,3.36,TB/s,DESIGN,https://vast.ai/pricing/gpu/H100-SXM,H100 SXM page spec table (embedded JSON),"""Bandwidth"":""3.36 TB/s""",2026-10-01,2026-10-01,Medium,
R5-081,GPU,"RTop-K: in MaxK-GNN training, row-wise top-k takes 11.6-26.9% of training time (GraphSAGE/GCN/GIN on OGB/Yelp/Reddit/Flickr)",26.86,"% of training time (max, Flickr GraphSAGE)",REPORTED,https://arxiv.org/abs/2409.00822,"Table 4, rows Reddit and Flickr (Acc(%) / Top-k Prop(%) for GraphSAGE, GCN, GIN); caption: percentage of time spent on row-wise top-k operations during training",Reddit 232965 96.74 11.66 95.18 11.61 94.96 11.62 Flickr 89250 53.44 26.86 50.42 26.78 51.73 26.73,2024-09-01,2026-10-01,Medium,"Quote is caption; numbers from Table 4 cells: Reddit 11.66/11.61/11.62, Flickr 26.86/26.78/26.73. Baseline top-k = PyTorch implementation. Direct cost proxy for G2's per-node top-k per iteration"
R5-082,GPU,RTop-K row-wise top-k kernel: up to 11.49x average speedup (early stopping) over SOTA row-wise GPU top-k; 11.97-33.29% end-to-end MaxK-GNN training speedup,11.49,x speedup,REPORTED,https://arxiv.org/abs/2409.00822,Abstract,"achieving an average speed-up of up to 11.49× with early stopping and 7.29× without early stopping. Moreover, RTop-K accelerates the overall training workflow of MaxK-GNNs, delivering speed-ups ranging from 11.97% to 33.29%",2024-09-01,2026-10-01,High,ICLR 2025. Baseline: PyTorch/other row-wise top-k; early stopping makes top-k approximate
R5-083,GPU,"PyTorch top-k uses RadixSelect, which RTop-K authors call overly complex for row-wise vectors under 1024 elements",,,AUTHOR-CLAIM,https://arxiv.org/abs/2409.00822,Section 2 Related work,"PyTorch’s top-k implementation (Pytorch, 2024) is suitable for row-wise top-k operations. It uses RadixSelect as the underlying method, which, as analyzed in Section 2.1, is overly complex",2024-09-01,2026-10-01,Medium,
R5-084,GPU,RadiK: sort-based top-k ('Sort & Choose') consumed up to 28.9% of total execution time serving a 7B model on one A10,28.9,% of execution time,REPORTED,https://arxiv.org/abs/2501.14336,Section 1 Introduction,sorting alone can consume as much as 28.9% of the total execution time when serving a model with 7 billion parameters on a single NVIDIA A10 GPU,2025-01-24,2026-10-01,Medium,"Vocabulary-size top-k (100k), not row-wise small-k; shows selection is not free"
R5-085,GPU,RadiK radix top-k: up to 2.5x (non-batch) and 4.8x (batch) speedup over prior GPU top-k,4.8,x speedup,REPORTED,https://arxiv.org/abs/2501.14336,Abstract,achieving up to 2.5× speedup over the prior art for non-batch queries and up to 4.8× speedup for batch queries.,2025-01-24,2026-10-01,High,ICS'24. Baseline: prior GPU top-k (merge-based); large k
R5-086,GPU,"GCN on GPU: aggregation is memory-bound (L2 hit 6.87%, 2.35 DRAM bytes/op) while combination is compute-bound (L2 hit 82.5%, 0.01 DRAM bytes/op, 90% unit utilisation)",2.35,DRAM bytes per op (aggregation),REPORTED,https://arxiv.org/abs/2001.10160,Section 4 / Table 3 (Reddit dataset),"The irregularity also leads to low L2 Cache Hit Rate (6.87%) and high DRAM Byte per Operation (2.35). In contrary, the Combination phase achieves 90% Computation Unit Utilization and 2.49 Executed IPC.",2020-01-28,2026-10-01,High,PyG on V100; aggregation moves ~235x more DRAM bytes per op than the dense combination (DERIVED 2.35/0.01). Extends R1-131
R5-087,GPU,GCN aggregation phase L2 hit ratio is only 6.9% vs 56.2% for classic graph processing (PageRank) on the same graph,6.9,% L2 hit,REPORTED,https://arxiv.org/abs/2001.10160,"Section 4, Fig. 2(g)","Fig. 2(g) shows L2 cache hit ratio of Aggregation phase is only 6.9% while that is 56.2% in PGR, even although they process the same graph.",2020-01-28,2026-10-01,High,Baseline PageRank on same graph
R5-088,X,"Kaplan scaling laws: training compute C ≈ 6N FLOPs per token (backward ≈ 2x forward), N excludes embeddings; context-dependent attention FLOPs omitted",6,FLOPs per parameter per token,DESIGN,https://arxiv.org/abs/2001.08361,"Section 2.1, Table 1","Accounting for the backwards pass (approximately twice the compute as the forwards pass), we then define the estimated non-embedding compute as C ≈ 6N floating point operators per training token.",2020-01-23,2026-10-01,High,"Assumes each parameter used once per token: for a T-times looped block, forward = 2*N_unique*T, so 6N under-counts by factor T (see R5 DERIVED row)"
R5-089,X,Kaplan forward FLOPs per token: Cforward = 2N + 2 n_layer n_ctx d_attn (attention-context term separate),,,DESIGN,https://arxiv.org/abs/2001.08361,"Section 2.1, Table 1",Cforward = 2N + 2nlayer nctx dattn Table 1 Parameter counts and compute (forward pass) estimates for a Transformer model.,2020-01-23,2026-10-01,High,Graph analogue: per iteration 2*N_msg_params*E + 2*N_upd_params*V + score/top-k terms
R5-090,X,"Chinchilla counts all training FLOPs including embedding matrices, counts embeddings in parameters, and uses a factor of 2 per multiply-accumulate",,,DESIGN,https://arxiv.org/abs/2203.15556,Appendix F FLOPs computation,"We include all training FLOPs, including those contributed to by the embedding matrices, in our analysis. Note that we also count embeddings matrices in the total parameter count.",2022-03-29,2026-10-01,High,"Kaplan excludes embeddings, Chinchilla includes them: conventions must be stated; our prereg counts embedding/readout params"
R5-091,THEORY,"Iso-depth looped scaling law: recurrence-equivalence exponent phi = 0.46 (looping r times worth r^0.46 unique blocks) from 116 runs, r in {1,2,4,8}",0.46,exponent phi,REPORTED,https://arxiv.org/abs/2604.21106,Abstract; Section 3,we fit a joint scaling law L = E + A (Nonce + rφ Nrec )−α + B D−β and measure a recurrence-equivalence exponent φ = 0.46.,2026-04,2026-10-01,High,"Comparison at matched per-token training FLOPs (iso-depth, same executed layers); pretraining loss, not algorithmic extrapolation. Extends R4-185"
R5-092,THEORY,At r=4 a 410M looped model matches a 580M non-looped model in loss but costs the training compute of a 1B non-looped model,410,M params,REPORTED,https://arxiv.org/abs/2604.21106,Abstract,"For example, at r=4 a 410M looped model performs on par with a 580M non-looped model, but incurs the training cost of a 1B non-looped one.",2026-04,2026-10-01,High,Failure evidence for 'capacity per FLOP'; win per stored parameter (410M vs 580M) but loss per training FLOP. Directly relevant to our param-matched vs FLOP-matched split
R5-093,LOOP,Truncated backpropagation lowers phi to 0.38 (loop poorly trained though validation loss decreases); hyperconnections raise phi to 0.65,0.38,exponent phi,REPORTED,https://arxiv.org/abs/2604.21106,Abstract; case studies section,"commonly used truncated backpropagation lowers φ to 0.38, indicating that the loop mechanism is poorly trained under truncation, even though validation loss decreases. Conversely, hyperconnections raise φ to 0.65",2026-04,2026-10-01,High,Baseline: full backprop phi 0.46; matched training FLOPs. Truncated BPTT saves memory but costs loop quality - relevant to T1/G1-G3 gradient choice
R5-094,X,"Shared block reuse raises FLOPs per parameter, so under a fixed FLOP budget the number of unique blocks must shrink",,,AUTHOR-CLAIM,https://arxiv.org/abs/2604.21106,Section 1 Introduction,"reusing a block leads to higher compute cost (FLOPs) per parameter, so under a limited FLOPs budget, the number of unique blocks must be reduced.",2026-04,2026-10-01,High,
R5-095,THEORY,"Loop Scaling Laws (looped MoE): bounded, sparsity-conditional effective-parameter gain from recurrence; recurrence ~2x total-parameter efficiency on reasoning",2,x total-parameter efficiency,REPORTED,https://arxiv.org/abs/2609.40316,Abstract,"sparsity delivers ∼3× active-parameter efficiency, recurrence yields ∼2× total-parameter efficiency on reasoning, and joint scaling further advances the performance frontier.",2026-09-30,2026-10-01,Medium,"Meta preprint dated 2026-09-30, not peer reviewed; efficiency measured per parameter, not per FLOP"
R5-096,THEORY,Looped MoE at matched training compute matches a ~2x larger non-looped MoE on reasoning benchmarks (trillion-token scale),2,x model size,REPORTED,https://arxiv.org/abs/2609.40316,Abstract,"at matched training compute, a looped MoE with law-derived recurrence matches a ∼2× larger non-looped MoE on the reasoning benchmarks, while enabling test-time scaling through recurrence.",2026-09-30,2026-10-01,Medium,Matched training FLOPs; 'larger' = total params. Positive counterpoint to R5 iso-depth result
R5-097,GPU,DEQ: implicit differentiation gives constant training memory equal to one layer's activations; up to 88% memory reduction,88,% memory reduction,REPORTED,https://arxiv.org/abs/1909.01377,Abstract,"vastly reduce memory consumption (often the bottleneck for training large sequence models), demonstrating an up-to 88% memory reduction in our experiments.",2019-09-03,2026-10-01,High,"Baseline: equivalent explicit deep models (TrellisNet/Transformer) - param-matched-ish, not FLOP-matched; solver iterations cost extra time"
R5-098,GPU,"Public DeepSeek CSA (indexer top-k) implementations materialize a [B,S,H_I,T] FP32 score tensor before top-k: 256 GB at S=65,536",256,GB,REPORTED,https://arxiv.org/abs/2605.02568,Abstract,"Public CSA implementations materialize a [B, S, HI , T ] FP32 score tensor before the top-k reduction. With HI =64 indexer heads and the V4-Flash compression ratio m=4, that intermediate is 256 GB at sequence length S=65,536",2026-05-04,2026-10-01,Medium,Naive score-then-topk materialises an N x N score matrix: the same cost an unfused G2 edge scorer pays (N^2 scores per iteration)
R5-099,BENCH,Long Range Arena: Reformer runs at half the speed of vanilla Transformer at 1K length; BigBird's speed is almost the same as vanilla,80,% of Transformer speed at 4K (Reformer),REPORTED,https://arxiv.org/abs/2011.04006,"Section 4, Results on Speed (Table 3)","the slowest model is the Reformer model (Kitaev et al., 2020) that is about 80% the speed of vanilla Transformer at 4K sequence lengths and half the speed at 1K sequence length.",2020-11-08,2026-10-01,High,"Baseline: vanilla Transformer same task/size (JAX, TPU); efficient/sparse attentions are not FLOP-matched (fewer FLOPs) yet can be slower at short lengths. Failure evidence"
R5-100,BENCH,LRA: BigBird (block-sparse attention) performs well but its speed is almost the same as the vanilla Transformer,,,AUTHOR-CLAIM,https://arxiv.org/abs/2011.04006,"Section 4, Figure 3 discussion","While BigBird performs well, its speed is almost similar to the vanilla Transformer.",2020-11-08,2026-10-01,High,
R5-101,HALT,"CALM early-exit decoding: up to ~3x speedup, measured at batch size one",3,x speedup,REPORTED,https://arxiv.org/abs/2207.07061,Abstract; Section 6 (inference setup),we demonstrate the efficacy of our framework in reducing compute—speedup of up to ×3—while provably maintaining high performance.,2022-07-14,2026-10-01,High,"Baseline: full-depth same model. Measured with batch size 1 on TPUv4 (see Section 6), so does not show batched gains"
R5-102,HALT,CALM wall-clock measured with batch size one to simulate one-at-a-time serving,,,DESIGN,https://arxiv.org/abs/2207.07061,Section 6 Experimental setup,"For inference, 22 we use a single TPUv4 chip with a batch size of one, simulating a one-at-a-time processing setting",2022-07-14,2026-10-01,High,'22' is a footnote marker in extracted text
R5-103,HALT,Early-exit in a batch: latency set by the slowest sample ('wooden barrel effect'); only batch size one realises the speedup,,,AUTHOR-CLAIM,https://arxiv.org/abs/2211.08842,Section on batch inference (Case 4),"Different samples in one batch will exit at different network layers, making the latency of the entire network be decided by the slowest sample of every single batch",2022-11-16,2026-10-01,Medium,G3 halting will not reduce batched wall-clock without re-batching
R5-104,HALT,Looped LMs: tokens with different loop counts cannot share a uniform forward pass; continuous depth batching realises up to 99% of the estimated maximum speedup,99,% of max speedup,REPORTED,https://arxiv.org/abs/2608.09444,Abstract,"Overall, CDB realizes up to 99% of the estimated maximum speedup available, leaving further gains primarily dependent on model architecture and exit behavior.",2026-08,2026-10-01,Medium,"Baseline: FLOP-based upper bound for same model (Ouro 1.4B, Huginn 3.5B)"
R5-105,HALT,"Early exits reduce recurrent-core FLOPs but not always wall-clock, especially in the memory-bound regime",,,AUTHOR-CLAIM,https://arxiv.org/abs/2608.09444,Section on hardware perspective of adaptive depth,"We find that early exits reduce recurrent-core FLOPs, but fewer FLOPs do not always reduce wall-clock time, especially in the memory bound regime.",2026-08,2026-10-01,High,V3 (0.7x iterations) may not translate to wall-clock
R5-106,HALT,"Updating batches between loop steps frequently stalls the GPU, requiring an asynchronous scheduler",,,AUTHOR-CLAIM,https://arxiv.org/abs/2608.09444,Discussion / conclusion,"Additionally, updating batches between loop steps frequently stalls the GPU, so an asynchronous system is needed.",2026-08,2026-10-01,High,
R5-107,GPU,"Exphormer: O(|V|^2) global graph attention cost is often acceptable for small graphs (molecules), prohibitive for large graphs",,,AUTHOR-CLAIM,https://arxiv.org/abs/2303.06147,Section 1 Introduction,"the standard global attention mechanism incurs time and memory complexity of O(|V |2 ), quadratic in the number of nodes in the graph. While this cost is often acceptable for datasets with small graphs (e.g., mol",2023-03-10,2026-10-01,High,Our task graphs (n up to a few hundred) are in the 'small' regime where dense attention is affordable
R5-108,BENCH,"GraphGPS: wall-clock varied notably across mixed V100/RTX8000/A100 infrastructure, so ablations were run on A100 only and median run-times reported",,,DESIGN,https://arxiv.org/abs/2205.12454,Appendix A.4 (run-time),Due to the variation in computing infrastructure and load on shared resources the execution time occasionally notably varied. Therefore for our ablation studies we used only compute nodes with NVidia A100 GPUs,2022-05-25,2026-10-01,High,"Protocol lesson for rented Vast.ai hosts: same GPU SKU per comparison, report medians"
R5-109,GPU,"torch_scatter (PyG scatter kernels): license MIT, language Python, last push 2026-06-03, archived=False",,,CODE,https://github.com/rusty1s/pytorch_scatter,GitHub API repos/rusty1s/pytorch_scatter (saved sources/R5/gh_rusty1s_pytorch_scatter.json),"{""archived"":false,""full_name"":""rusty1s/pytorch_scatter"",""language"":""Python"",""license"":""MIT"",""pushed_at"":""2026-06-03T00:51:47Z""}",2026-06-03,2026-10-01,High,CUDA/C++ scatter/segment kernels used by PyG MessagePassing; license null/NOASSERTION = not a recognised SPDX licence
R5-110,GPU,"FlashAttention official repo: license BSD-3-Clause, language Python, last push 2026-09-30, archived=False",,,CODE,https://github.com/Dao-AILab/flash-attention,GitHub API repos/Dao-AILab/flash-attention (saved sources/R5/gh_Dao-AILab_flash-attention.json),"{""archived"":false,""full_name"":""Dao-AILab/flash-attention"",""language"":""Python"",""license"":""BSD-3-Clause"",""pushed_at"":""2026-09-30T23:59:09Z""}",2026-09-30,2026-10-01,High,Dense fused attention baseline for T0/T1; license null/NOASSERTION = not a recognised SPDX licence
R5-111,GPU,"Triton compiler: license MIT, language MLIR, last push 2026-10-01, archived=False",,,CODE,https://github.com/triton-lang/triton,GitHub API repos/triton-lang/triton (saved sources/R5/gh_triton-lang_triton.json),"{""archived"":false,""full_name"":""triton-lang/triton"",""language"":""MLIR"",""license"":""MIT"",""pushed_at"":""2026-10-01T16:50:18Z""}",2026-10-01,2026-10-01,High,"Language for custom fused kernels (FlexAttention, ScatterMoE, NSA); license null/NOASSERTION = not a recognised SPDX licence"
R5-112,GPU,"fvcore (FlopCountAnalysis): license Apache-2.0, language Python, last push 2026-08-19, archived=False",,,CODE,https://github.com/facebookresearch/fvcore,GitHub API repos/facebookresearch/fvcore (saved sources/R5/gh_facebookresearch_fvcore.json),"{""archived"":false,""full_name"":""facebookresearch/fvcore"",""language"":""Python"",""license"":""Apache-2.0"",""pushed_at"":""2026-08-19T05:36:55Z""}",2026-08-19,2026-10-01,High,FLOP counter; license null/NOASSERTION = not a recognised SPDX licence
R5-113,GPU,"calflops: license MIT, language Python, last push 2024-06-27, archived=False",,,CODE,https://github.com/MrYxJ/calculate-flops.pytorch,GitHub API repos/MrYxJ/calculate-flops.pytorch (saved sources/R5/gh_MrYxJ_calculate-flops.pytorch.json),"{""archived"":false,""full_name"":""MrYxJ/calculate-flops.pytorch"",""language"":""Python"",""license"":""MIT"",""pushed_at"":""2024-06-27T19:39:38Z""}",2024-06-27,2026-10-01,High,FLOP counter; license null/NOASSERTION = not a recognised SPDX licence
R5-114,GPU,"DeepSpeed (Flops Profiler): license Apache-2.0, language Python, last push 2026-10-01, archived=False",,,CODE,https://github.com/deepspeedai/DeepSpeed,GitHub API repos/deepspeedai/DeepSpeed (saved sources/R5/gh_deepspeedai_DeepSpeed.json),"{""archived"":false,""full_name"":""deepspeedai/DeepSpeed"",""language"":""Python"",""license"":""Apache-2.0"",""pushed_at"":""2026-10-01T15:03:53Z""}",2026-10-01,2026-10-01,High,FLOP profiler; license null/NOASSERTION = not a recognised SPDX licence
R5-115,ROUTE,"ScatterMoE official repo: license Apache-2.0, language Python, last push 2025-10-03, archived=False",,,CODE,https://github.com/shawntan/scattermoe,GitHub API repos/shawntan/scattermoe (saved sources/R5/gh_shawntan_scattermoe.json),"{""archived"":false,""full_name"":""shawntan/scattermoe"",""language"":""Python"",""license"":""Apache-2.0"",""pushed_at"":""2025-10-03T01:51:31Z""}",2025-10-03,2026-10-01,High,Triton MoE dispatch without padding; license null/NOASSERTION = not a recognised SPDX licence
R5-116,ROUTE,"native-sparse-attention (fla-org, third-party Triton NSA implementation): license MIT, language Python, last push 2026-02-05, archived=False",,,CODE,https://github.com/fla-org/native-sparse-attention,GitHub API repos/fla-org/native-sparse-attention (saved sources/R5/gh_fla-org_native-sparse-attention.json),"{""archived"":false,""full_name"":""fla-org/native-sparse-attention"",""language"":""Python"",""license"":""MIT"",""pushed_at"":""2026-02-05T02:22:09Z""}",2026-02-05,2026-10-01,High,Not released by DeepSeek; community implementation; license null/NOASSERTION = not a recognised SPDX licence
R5-117,GPU,"Sputnik sparse kernels: license Apache-2.0, language C++, last push 2020-11-24, archived=True",,,CODE,https://github.com/google-research/sputnik,GitHub API repos/google-research/sputnik (saved sources/R5/gh_google-research_sputnik.json),"{""archived"":true,""full_name"":""google-research/sputnik"",""language"":""C++"",""license"":""Apache-2.0"",""pushed_at"":""2020-11-24T04:35:45Z""}",2020-11-24,2026-10-01,High,SpMM/SDDMM kernels (Gale et al. 2020); license null/NOASSERTION = not a recognised SPDX licence
R5-118,ROUTE,"MoBA official repo: license MIT, language Python, last push 2025-04-03, archived=False",,,CODE,https://github.com/MoonshotAI/MoBA,GitHub API repos/MoonshotAI/MoBA (saved sources/R5/gh_MoonshotAI_MoBA.json),"{""archived"":false,""full_name"":""MoonshotAI/MoBA"",""language"":""Python"",""license"":""MIT"",""pushed_at"":""2025-04-03T07:28:06Z""}",2025-04-03,2026-10-01,High,Block top-k attention; license null/NOASSERTION = not a recognised SPDX licence
R5-119,ROUTE,"Quest official repo: license MIT, language Cuda, last push 2025-07-10, archived=False",,,CODE,https://github.com/mit-han-lab/Quest,GitHub API repos/mit-han-lab/Quest (saved sources/R5/gh_mit-han-lab_Quest.json),"{""archived"":false,""full_name"":""mit-han-lab/Quest"",""language"":""Cuda"",""license"":""MIT"",""pushed_at"":""2025-07-10T21:29:37Z""}",2025-07-10,2026-10-01,High,Query-aware page top-k attention; license null/NOASSERTION = not a recognised SPDX licence
R5-120,GPU,"attention-gym (FlexAttention examples; now meta-pytorch/attention-gym): license BSD-3-Clause, language Python, last push 2026-09-30, archived=False",,,CODE,https://github.com/meta-pytorch/attention-gym,GitHub API repos/pytorch-labs/attention-gym (saved sources/R5/gh_pytorch-labs_attention-gym.json),"{""archived"":false,""full_name"":""meta-pytorch/attention-gym"",""language"":""Python"",""license"":""BSD-3-Clause"",""pushed_at"":""2026-09-30T19:23:27Z""}",2026-09-30,2026-10-01,High,mask_mod/score_mod examples; license null/NOASSERTION = not a recognised SPDX licence
R5-121,GPU,"PyTorch: license NOASSERTION, language Python, last push 2026-10-01, archived=False",,,CODE,https://github.com/pytorch/pytorch,GitHub API repos/pytorch/pytorch (saved sources/R5/gh_pytorch_pytorch.json),"{""archived"":false,""full_name"":""pytorch/pytorch"",""language"":""Python"",""license"":""NOASSERTION"",""pushed_at"":""2026-10-01T17:00:18Z""}",2026-10-01,2026-10-01,High,license reported NOASSERTION (custom BSD-style); license null/NOASSERTION = not a recognised SPDX licence
R5-122,GPU,"DEQ official repo: license MIT, language Python, last push 2022-07-04, archived=False",,,CODE,https://github.com/locuslab/deq,GitHub API repos/locuslab/deq (saved sources/R5/gh_locuslab_deq.json),"{""archived"":false,""full_name"":""locuslab/deq"",""language"":""Python"",""license"":""MIT"",""pushed_at"":""2022-07-04T02:25:25Z""}",2022-07-04,2026-10-01,High,Implicit-differentiation reference; license null/NOASSERTION = not a recognised SPDX licence
R5-123,GPU,"Nsight Compute locks SM clocks and flushes all GPU caches between replay passes by default; Nsight Systems does neither, so durations differ",,,DESIGN,https://docs.nvidia.com/nsight-compute/ProfilingGuide/index.html,"Profiling Guide, 'Measured duration' comparison with Nsight Systems (Clock control / Cache control)","Cache control : Nsight Compute flushes all GPU caches by default between replay passes. Nsight Systems collects data only in a single pass, and therefore also does not flush any caches.",2026,2026-10-01,High,Blind spot: small graph states that live in L2 across T iterations will show inflated dram__bytes under default ncu; use --cache-control none --replay-mode application for steady-state bytes
R5-124,GPU,Nsight Compute may replay a kernel several times to collect all requested metrics (not all metrics fit in one pass),,,DESIGN,https://docs.nvidia.com/nsight-compute/ProfilingGuide/index.html,Profiling Guide section 2.2.3 Replay,"Depending on which metrics are to be collected, kernels might need to be replayed one or more times, since not all metrics can be collected in a single pass .",2026,2026-10-01,High,Profile a few iterations only; never time under ncu
R5-125,GPU,GPU performance counters need admin/CAP_SYS_ADMIN (or CAP_PERFMON from R565); inside a container access must be enabled on the host or the container started with --cap-add=SYS_ADMIN,,,DESIGN,https://developer.nvidia.com/nvidia-development-tools-solutions-err_nvgpuctrperm-permission-issue-performance-counters,"ERR_NVGPUCTRPERM page, 'Run with Elevated Privileges'","When profiling within a container , access must be enabled on the host , or the container must be started with the appropriate permissions by passing --cap-add=SYS_ADMIN as an admin user.",2026,2026-10-01,High,Rented Vast.ai containers may not grant this: dram__bytes via ncu may be unavailable; fallback = analytic bytes + wall-clock. Whether Vast grants SYS_ADMIN: not verified
R5-126,GPU,torch.profiler with_flops estimates FLOPs only for specific operators (matrix multiplication and 2D convolution),,,DESIGN,https://docs.pytorch.org/docs/2.14/profiler.html,"torch.profiler.profile parameters, with_flops",with_flops ( bool ) – use formula to estimate the FLOPs (floating point operations) of specific operators (matrix multiplication and 2D convolution).,2026,2026-10-01,High,Scatter/gather/softmax/topk contribute 0 FLOPs
R5-127,GPU,PyG docs: most PyG mini-batches have dynamic shapes; use torch.compile(dynamic=True) and fullgraph=True to avoid recompiles/graph breaks,,,DESIGN,https://pytorch-geometric.readthedocs.io/en/latest/advanced/compile.html,"Compiled Graph Neural Networks, 'Maximizing Performance'","Most of the mini-batches observed in PyG are dynamic by nature, meaning that their shape varies across different mini-batches. For these scenarios, we can enforce dynamic shape tracing in PyTorch via the dynamic=True argument:",2026,2026-10-01,High,"Fixed-size task graphs (pad to N_max, E=N*k) avoid dynamism entirely"
R5-128,GPU,A100 roofline ridge point for BF16 tensor-core matmul is ~153 FLOP/byte (312 TFLOP/s / 2.04 TB/s); kernels below this intensity are memory-bound,153,FLOP/byte,DERIVED,https://arxiv.org/abs/2307.08691,Inputs: R5-011 (312 TFLOP/s BF16) and R5-079 (2.04 TB/s A100 SXM4),the A100 GPU has a max theoretical throughput of 312 TFLOPs/s of FP16/BF16 matmul,2026-10-01,2026-10-01,Medium,"ridge = 312e12 / 2.04e12 = 152.9 FLOP/byte. Non-matmul FP32 ridge = 19.5e12/2.04e12 = 9.6 FLOP/byte. Peak numbers, not sustained"
R5-129,GPU,"Scatter-add message aggregation (h_i += h_j per edge, fp32) has arithmetic intensity ~0.08 FLOP/byte, ~1,900x below the A100 BF16 ridge: it is bandwidth-bound regardless of FLOP count",0.083,FLOP/byte,DERIVED,https://arxiv.org/abs/2001.10160,Formula ours; consistent with measured 2.35 DRAM bytes/op for GCN aggregation (R5-086),The irregularity also leads to low L2 Cache Hit Rate (6.87%) and high DRAM Byte per Operation (2.35).,2026-10-01,2026-10-01,Medium,"Per edge, width d, fp32, no cache reuse: FLOPs = d (adds); bytes = 4d (read h_j) + 4d (read h_i) + 4d (write h_i) = 12d; AI = d/12d = 0.083. 153/0.083 = 1,836. Cache reuse raises AI; measured 1/2.35 = 0.43 op/byte"
R5-130,GPU,"For N graph nodes <= 128, FlexAttention's default 128x128 block tile holds the whole N x N mask, so a sparse (top-k) mask saves no attention compute vs dense",128,nodes,DERIVED,https://arxiv.org/abs/2412.05496,"Inputs: R5-002, R5-003 (BS=128 default, fully-masked blocks skipped only)",where BS is the block size (=128 by default).,2026-10-01,2026-10-01,High,Number of tiles = ceil(N/128)^2 = 1 for N<=128; only fully masked tiles are skipped. Smaller BLOCK_SIZE is a parameter (R5-070) but reduces tensor-core efficiency (not measured here)
R5-131,GPU,"Random top-k edges leave essentially no empty 128x128 tiles: at N=512, k=8 the probability a given tile is empty is ~1e-128, so block-sparse kernels degrade to dense for unstructured learned graphs",1e-128,probability,DERIVED,https://arxiv.org/abs/2412.05496,"Inputs: R5-002/R5-003 (block-skipping semantics, BS=128); independence assumption ours",The BlockMask unlocks the opportunity to save the work for fully-masked score matrix blocks without loading a large elementwise attention mask.,2026-10-01,2026-10-01,Medium,P(tile empty) = (1 - BS/N)^(BS*k) = (1 - 128/512)^(128*8) = 0.75^1024 = 10^(-127.9). Assumes uniformly random targets; learned locality/clustering would change this. Implication: G2 with unstructured top-k must use gather/scatter (memory-bound) or dense masked attention (full FLOPs)
R5-132,X,"FLOPs for a weight-shared block run T times scale with T while parameters do not: forward FLOPs/token ~ 2*N_unique*T, so Kaplan's 6N (one use per parameter) under-counts a looped arm by a factor T",T,x under-count,DERIVED,https://arxiv.org/abs/2001.08361,"Inputs: R5-088 (C ~ 6N per token, each parameter used once), R5-022 (sharing leaves FLOPs unchanged)",we then define the estimated non-embedding compute as C ≈ 6N floating point operators per training token.,2026-10-01,2026-10-01,High,C_train ~ 6 * (N_once + T*N_rec) per token/node for full BPTT; with checkpointing add one extra forward: ~8*(...); with one-step/JFB gradient: 2*(N_once+T*N_rec) + 4*(N_once+N_rec). Matches SMELT's observation R2-091
R5-133,X,FLOP crossover between dense attention over all N nodes and per-edge MLP messages over k edges per node: dense attention scores+mixing (4*N^2*d) is cheaper than per-edge messages (2*P_M*k*N) when N < P_M*k/(2d),,,DERIVED,https://arxiv.org/abs/2001.08361,Inputs: R5-089 (2 FLOPs per parameter use per token; attention context term 2*n_ctx*d per layer per token for QK and AV each),Cforward = 2N + 2nlayer nctx dattn Table 1 Parameter counts and compute (forward pass) estimates for a Transformer model.,2026-10-01,2026-10-01,Medium,"Attention per layer: QK^T 2N^2 d + AV 2N^2 d = 4N^2 d. Per-edge message MLP with P_M params: 2*P_M per edge * kN edges. Example d=256, P_M=2*d*d (two dxd mats)=131k, k=8: crossover N < 131072*8/512 = 2048 nodes. Below ~2k nodes the per-edge MLP graph costs MORE FLOPs than full attention; FLOP matching must account for this"
R5-134,GPU,Gradient checkpointing every iteration of a T-step recurrent arm raises training compute from ~3 to ~4 forward-equivalents (+33%) in exchange for O(1)-per-step activation storage,33,% extra training FLOPs,DERIVED,https://arxiv.org/abs/1604.06174,"Inputs: R5-030 (one extra forward), R5-088 (backward ~2x forward), R5-031 (30% measured runtime)","memory to train a n layer network, with only the computational cost of an extra forward pass per mini-batch.",2026-10-01,2026-10-01,High,"(1 fwd + 2 bwd + 1 recompute)/(1 fwd + 2 bwd) = 4/3. Measured runtime overhead 30% (Chen 2016, Titan X). Must be added to reported training FLOPs for any arm that uses it"
R5-135,GPU,"Budget: 1,000 GPU-hours at the 2026-10-01 Vast.ai median costs ~$450 on RTX 4090, ~$600 on RTX 5090, ~$800 on A100 SXM4, ~$2,270 on H100 SXM",450-2270,USD per 1000 GPU-hours,DERIVED,https://vast.ai/pricing,"Inputs: R5-071, R5-072, R5-073, R5-075 (median $/hr)",RTX 4090 Ada Lovelace 24GB VRAM from $0.31 /hr median $0.45/hr,2026-10-01,2026-10-01,Medium,"cost = 1000 h x median $/hr: 0.45, 0.60, 0.80, 2.27. Marketplace snapshot; excludes storage/bandwidth fees"
R5-136,BENCH,GNNBench: GNN system papers compare unequal math (e.g. GNNAdvisor/TC-GNN drop the GCN bias but keep it in the DGL baseline; missing backward kernels),,,AUTHOR-CLAIM,https://arxiv.org/abs/2404.04118,Section 1 Introduction,"GNNAdvisor [20], TC-GNN [21], etc. do not include the bias in their GCN model but keep it in their baseline system DGL [22] when comparing runtime.",2024-04-05,2026-10-01,High,Unmatched-comparison critique: speedups such as R1-132 (TC-GNN 1.70x) need this caveat
R5-137,BENCH,"GNNBench: on small datasets GNN training time is dominated by framework overhead, so system evaluations there are unreliable",,,AUTHOR-CLAIM,https://arxiv.org/abs/2404.04118,Section 1 Introduction,many current single-GPU GNN systems exclusively rely on smaller datasets where training time is dominated by framework overhead [19] thereby their evaluation is not reliable.,2024-04-05,2026-10-01,High,"Our task graphs are small: wall-clock of G0-G3 likely launch/overhead-bound, not bandwidth-bound; CUDA graphs / torch.compile matter"
R5-138,GPU,MaxK-GNN: SpMM (aggregation) accounts for over 83.6% of full-batch GraphSAGE training time,83.6,% of training time,REPORTED,https://arxiv.org/abs/2312.08656,"Section 1, Fig. 1","The computation and memory demands associated with the SpMM kernel are the major bottlenecks during the training process, contributing to over 83.6% of the total training time.",2023-12-14,2026-10-01,High,"Large graphs (Reddit-scale), DGL/cuSPARSE baseline profile"
R5-139,GPU,MaxK-GNN (top-k nonlinearity + custom SpGEMM kernels): 3.22x/4.24x speedup on Reddit vs DGL/GNNAdvisor (Amdahl limit 5.52x/7.27x),3.22,x speedup,REPORTED,https://arxiv.org/abs/2312.08656,Abstract,3.22×/4.24× speedup (vs. 5.52×/7.27×) on Reddit compared to DGL and GNNAdvisor implementations.,2023-12-14,2026-10-01,Medium,"Baselines DGL/GNNAdvisor, comparable accuracy (not FLOP-matched; MaxK reduces aggregation work)"
R5-140,GPU,Truncated BPTT gradient is biased toward short-term dependencies and loses SGD convergence guarantees,,,AUTHOR-CLAIM,https://arxiv.org/abs/1705.08209,Abstract,"truncation favors short-term dependencies: the gradient estimate of truncated BPTT is biased, so that it does not benefit from the convergence guarantees from stochastic gradient theory.",2017-05-23,2026-10-01,High,Pairs with R5-093 (truncation lowers loop quality)
R5-141,GPU,jax.lax.while_loop is not reverse-mode differentiable (XLA needs static memory bounds); data-dependent halting in JAX needs scan/fori_loop with a fixed max,,,DESIGN,https://docs.jax.dev/en/latest/_autosummary/jax.lax.while_loop.html,jax.lax.while_loop docstring,while_loop is not reverse-mode differentiable because XLA computations require static bounds on memory requirements.,2026,2026-10-01,High,G3 learned halting must be trained with T_max unrolled + masks (PonderNet/ACT style) in JAX
R5-142,GPU,torch.cond (the CUDA-graph-compatible data-dependent branch) is a prototype feature with limited input/output support,,,DESIGN,https://docs.pytorch.org/docs/2.14/generated/torch.cond.html,"torch.cond page, Warning",Warning torch.cond is a prototype feature in PyTorch. It has limited support for input and output types.,2026,2026-10-01,High,
R6-001,THEORY,"Softmax is not Enough: any learned softmax circuitry must disperse as the number of items grows at test time, even for finding the maximum key; proven theoretically",,,THEOREM,https://arxiv.org/abs/2410.01104,Abstract,"even for tasks as simple as finding the maximum key, any learned circuitry must disperse as the number of items grows at test time",2024-10,2026-10-01,High,Added by orchestrator after review R1 (B2). Pre-empts our hypothesis H*: dispersion of soft attention with N is a published theorem
R6-002,THEORY,Softmax is not Enough proposes adaptive temperature as an ad-hoc fix to sharpen softmax at inference time,,,DESIGN,https://arxiv.org/abs/2410.01104,Abstract,propose adaptive temperature as an ad-hoc technique for improving the sharpness of softmax at inference time,2024-10,2026-10-01,High,A cheaper non-graph fix the design must control for (T1-sharp arm)
R6-003,ROUTE,alpha-entmax / ASEntmax sparse attention avoids dispersion and reaches up to 1000x length extrapolation on synthetic benchmarks,1000,x length extrapolation,REPORTED,https://arxiv.org/abs/2506.16640,Abstract,achieving up to 1000$\times$ length extrapolation on synthetic benchmarks,2025-06,2026-10-01,Medium,Sparse (exact-zero) attention without a graph; unmatched vs our arms. Candidate for T1-sharp
R6-004,ROUTE,"Scalable-Softmax: softmax's max element approaches zero as input size grows, flattening attention as context grows and potentially limiting length generalisation",,,AUTHOR-CLAIM,https://arxiv.org/abs/2501.19399,Abstract,"The maximum element of the vector output by the Softmax function approaches zero as the input vector size increases. Transformer-based language models rely on Softmax to compute attention scores, causing the attention distribution to flatten as the context size grows. This reduces the model's ability to prioritize key information effectively and potentially limits its length generalization.",2025-01,2026-10-01,High,Second independent statement of dispersion; SSMax is a drop-in fix (T1-sharp candidate)
R6-005,NAR,Tropical (max-plus) attention claims stronger OOD length and value generalisation than softmax and recurrent attention baselines on combinatorial algorithms,,,AUTHOR-CLAIM,https://arxiv.org/abs/2505.17190,Abstract,"stronger out-of-distribution generalization in both length and value, with high robustness against perturbative noise, and substantially faster inference with fewer parameters compared to Softmax-based and recurrent attention baselines",2025-05,2026-10-01,Medium,Max-plus kernel = the max-aggregation ablation idea already published as an attention variant
R6-006,LOOP,ReSSFormer combines a recurrent reasoning unit with bounded depth and an adaptive sparse attention module,,,DESIGN,https://arxiv.org/abs/2510.01585,Abstract,"Recurrent Reasoning & Memory Unit (R2MU) for iterative reasoning with bounded depth, Adaptive Sparse Attention Module (ASAM) for efficient and focused context selection",2025-10,2026-10-01,High,Recurrence + sparse attention already combined as an architecture (review M1). Architecture novelty is therefore NOT ours
R6-007,ROUTE,"ReSSFormer's sparse attention selects, for each query, only the k highest-scoring keys (hard top-k routing)",,,DESIGN,https://arxiv.org/html/2510.01585,Section on ASAM (Adaptive Sparse Attention Module),"For each query q i q_{i} , only the k k highest-scoring keys are selected for attention computation",2025-10,2026-10-01,High,"= our G2 routing rule inside a recurrent block. Orchestrator grep of the HTML finds no looped or Universal Transformer baseline; tasks are LM / multi-hop QA, not size extrapolation"
R6-008,ROUTE,Explicit Sparse Transformer: explicit top-k selection of the most relevant segments in self-attention (2019),,,DESIGN,https://arxiv.org/abs/1912.11637,Abstract,improve the concentration of attention on the global context through an explicit selection of the most relevant segments,2019-12,2026-10-01,High,Per-query top-k attention predates this program by 7 years
R6-009,LOOP,"Parcae's stability fix constrains the state-transition matrix A (negative diagonal parameterisation) to bound its spectral norm, not the input-injection matrix",,,DESIGN,https://arxiv.org/abs/2604.12946,Section 3 (extracted text lines ~89-95),"parametrizes A as a negative diagonal matrix, constraining the spectral norm to prevent residual",2026-04,2026-10-01,High,"Corrects SYNTHESIS v0.1 §4/§6, which applied it to P (review M4)"
R6-010,NAR,"Discrete NAR enforces hard attention in its recurrent processor and reports it as important for size generalisation, overcoming attention-weight annealing on arbitrarily large graphs",,,AUTHOR-CLAIM,https://arxiv.org/html/2402.11628,Section on the processor (hard attention paragraph),"we enforce attention to be hard attention. We found this property important not only for interpretability but also for size generalization, as hard attention allows us to overcome the annealing of the attention weights for arbitrarily large graphs",2024-02,2026-10-01,High,"Review R2 M7. Hard selection inside a weight-shared loop for size generalisation is published; hint-supervised and over task-graph neighbours, not learned top-k over all nodes; not FLOP-matched. Narrows our novelty"
R6-011,NAR,Discrete NAR trains on SALSA-CLRS graphs of at most 16 nodes and tests on sparse graphs of 16 to 1600 nodes,1600,nodes (test max),DESIGN,https://arxiv.org/html/2402.11628,Experimental setup,The test set consists of sparse graphs of sizes from 16 to 1600 nodes,2024-02,2026-10-01,High,100x size ladder already used with hard attention
R6-012,LOOP,Neural Data Router (weight-tied Transformer with copy gate and geometric attention) reaches 100% length generalisation on compositional table lookup,100,% length-generalisation accuracy,REPORTED,https://arxiv.org/abs/2110.07732,Abstract,achieves 100% length generalization accuracy on the classic compositional table lookup task,2021-10,2026-10-01,High,"Sharp, selective attention in a weight-tied Transformer for length generalisation; candidate extra sharp-attention control"
R6-013,LOOP,Universal Transformers for Circuit Computations: masked hard attention per iteration identifies evaluable subexpressions; provably correct parameterisation with 280 learnable parameters,280,learnable parameters,DESIGN,https://arxiv.org/abs/2608.31067,Abstract,"identify evaluable subexpressions at each iteration via masked hard attention, with $O(n)$ per-iteration complexity via linear attention",2026-08,2026-10-01,Medium,"Hard attention + iteration + autonomous halting with exact length generalisation, but a constructed parameterisation for parenthesised expressions"
R6-014,LOOP,Length generalisation of looped Transformers is brittle with high OOD variance even across well-performing in-distribution solutions,,,AUTHOR-CLAIM,https://arxiv.org/abs/2606.29983,Abstract,"this behavior is brittle, yielding high out-of-distribution (OOD) variance, even across well-performing in-distribution solutions",2026-06,2026-10-01,High,Bears on seed count / power (review R2 B2)
R6-015,LOOP,Stochastic loop counts during training sharply reduce OOD variance of looped Transformers and stabilise predictions across inference-time loop counts,,,AUTHOR-CLAIM,https://arxiv.org/abs/2606.29983,Abstract,Introducing stochasticity into the number of loops during training sharply reduces OOD variance and stabilizes predictions across inference-time loop counts,2026-06,2026-10-01,High,Supports applying random-T training identically to every looped arm
R6-016,ROUTE,"ASEntmax (alpha-entmax with adaptive scalable temperature) outperforms softmax, scalable softmax and fixed-temperature alpha-entmax, reaching up to 1000x length extrapolation",1000,x length extrapolation,REPORTED,https://arxiv.org/abs/2506.16640,Abstract,"substantially outperforms softmax, scalable softmax, and fixed-temperature $\alpha$-entmax baselines, achieving up to 1000$\times$ length extrapolation on synthetic benchmarks",2025-06,2026-10-01,High,"Review R2 B4: the 1000x belongs to ASEntmax, not fixed 1.5-entmax; T1-sharp must use ASEntmax"
R6-017,NAR,"Neural execution of graph algorithms: soft attention restricted to the input graph (GAT*) reaches 99.97% last-step reachability at 100 nodes (trained at 20), vs 91.51% for attention over the complete graph (GAT-full)",99.97,"% reachability, last step, 100 nodes",REPORTED,https://arxiv.org/abs/1910.10593,"Table 1 (reachability), rows GAT* and GAT-full*","GAT* (Veličković et al., 2018) GAT-full* (Vaswani et al., 2017) 93.28% / 99.86% 78.40% / 77.86% 93.97% / 100.0% 85.76% / 91.83% 92.34% / 99.97% 88.98% / 91.51%",2019-10,2026-10-01,High,"Added after review N1 B3. Extracted text interleaves the two rows: per column the first value is GAT*, the second GAT-full*; columns 20 / 50 / 100 nodes, each mean-step / last-step. Shows the R4-001 vs R4-002 gap is complete graph vs task graph, not discrete vs soft selection (GAT* soft attention 99.97 > MPNN-max 99.80). Quote NFC-normalised."
R6-018,LOOP,"LT2 Table 5, Transformer (dense attention): NIAH-Single-1/2/3 at 4096 tokens after pre-training at 2048 = 0.0 / 0.0 / 0.0",0.0,% NIAH-Single-1 at 4096 tokens,REPORTED,https://arxiv.org/html/2605.20670,"Table 5 (1.3B, long-context evaluation), row Transformer",Transformer 48.9 46.6 58.4 67.5 31.7 26.4 100.0 100.0 0.0 92.2 100.0 0.0 98.6 99.4 0.0,2026-05,2026-10-01,High,"Added after review N2 (whole table, not one row). Column order: SWDE SQD FDA TQA NQ DROP, then NIAH-S1 at 1024/2048/4096, S2 at 1024/2048/4096, S3 at 1024/2048/4096. Looped = weights shared over T=4. Parameter matching is the authors' statement (R7-007)."
R6-019,LOOP,"LT2 Table 5, GDN (gated linear recurrence (no routing)): NIAH-Single-1/2/3 at 4096 tokens after pre-training at 2048 = 99.8 / 49.8 / 34.2",99.8,% NIAH-Single-1 at 4096 tokens,REPORTED,https://arxiv.org/html/2605.20670,"Table 5 (1.3B, long-context evaluation), row GDN",GDN 32.7 40.0 28.3 63.5 25.7 24.5 100.0 100.0 99.8 100.0 93.8 49.8 83.8 68.4 34.2,2026-05,2026-10-01,High,"Added after review N2 (whole table, not one row). Column order: SWDE SQD FDA TQA NQ DROP, then NIAH-S1 at 1024/2048/4096, S2 at 1024/2048/4096, S3 at 1024/2048/4096. Looped = weights shared over T=4. Parameter matching is the authors' statement (R7-007)."
R6-020,LOOP,"LT2 Table 5, Mamba-2 (state-space recurrence (no routing)): NIAH-Single-1/2/3 at 4096 tokens after pre-training at 2048 = 62.0 / 11.8 / 13.4",62.0,% NIAH-Single-1 at 4096 tokens,REPORTED,https://arxiv.org/html/2605.20670,"Table 5 (1.3B, long-context evaluation), row Mamba-2",Mamba-2 30.7 39.1 23.7 64.3 25.1 28.5 100.0 99.6 62.0 100.0 53.8 11.8 95.8 87.4 13.4,2026-05,2026-10-01,High,"Added after review N2 (whole table, not one row). Column order: SWDE SQD FDA TQA NQ DROP, then NIAH-S1 at 1024/2048/4096, S2 at 1024/2048/4096, S3 at 1024/2048/4096. Looped = weights shared over T=4. Parameter matching is the authors' statement (R7-007)."
R6-021,LOOP,"LT2 Table 5, Looped Transformer (dense attention): NIAH-Single-1/2/3 at 4096 tokens after pre-training at 2048 = 0.0 / 0.0 / 0.0",0.0,% NIAH-Single-1 at 4096 tokens,REPORTED,https://arxiv.org/html/2605.20670,"Table 5 (1.3B, long-context evaluation), row Looped Transformer",Looped Transformer 52.8 49.4 61.7 68.2 33.6 28.1 100.0 100.0 0.0 94.6 100.0 0.0 99.2 99.8 0.0,2026-05,2026-10-01,High,"Added after review N2 (whole table, not one row). Column order: SWDE SQD FDA TQA NQ DROP, then NIAH-S1 at 1024/2048/4096, S2 at 1024/2048/4096, S3 at 1024/2048/4096. Looped = weights shared over T=4. Parameter matching is the authors' statement (R7-007)."
R6-022,LOOP,"LT2 Table 5, Looped GDN (gated linear recurrence (no routing)): NIAH-Single-1/2/3 at 4096 tokens after pre-training at 2048 = 99.8 / 53.2 / 35.8",99.8,% NIAH-Single-1 at 4096 tokens,REPORTED,https://arxiv.org/html/2605.20670,"Table 5 (1.3B, long-context evaluation), row Looped GDN",Looped GDN 34.9 41.8 30.6 64.7 27.0 25.9 100.0 100.0 99.8 100.0 96.4 53.2 85.6 71.0 35.8,2026-05,2026-10-01,High,"Added after review N2 (whole table, not one row). Column order: SWDE SQD FDA TQA NQ DROP, then NIAH-S1 at 1024/2048/4096, S2 at 1024/2048/4096, S3 at 1024/2048/4096. Looped = weights shared over T=4. Parameter matching is the authors' statement (R7-007)."
R6-023,LOOP,"LT2 Table 5, Looped Mamba-2 (state-space recurrence (no routing)): NIAH-Single-1/2/3 at 4096 tokens after pre-training at 2048 = 65.7 / 13.5 / 16.2",65.7,% NIAH-Single-1 at 4096 tokens,REPORTED,https://arxiv.org/html/2605.20670,"Table 5 (1.3B, long-context evaluation), row Looped Mamba-2",Looped Mamba-2 33.9 40.5 25.8 65.1 26.8 29.7 100.0 100.0 65.7 100.0 57.1 13.5 96.2 88.1 16.2,2026-05,2026-10-01,High,"Added after review N2 (whole table, not one row). Column order: SWDE SQD FDA TQA NQ DROP, then NIAH-S1 at 1024/2048/4096, S2 at 1024/2048/4096, S3 at 1024/2048/4096. Looped = weights shared over T=4. Parameter matching is the authors' statement (R7-007)."
R6-024,LOOP,"LT2 Table 5, Looped Hybrid (GDN+DSA) (linear recurrence + learned sparse top-k attention (routing)): NIAH-Single-1/2/3 at 4096 tokens after pre-training at 2048 = 91.4 / 77.6 / 60.3",91.4,% NIAH-Single-1 at 4096 tokens,REPORTED,https://arxiv.org/html/2605.20670,"Table 5 (1.3B, long-context evaluation), row Looped Hybrid (GDN+DSA)",Looped Hybrid (GDN+DSA) 51.6 48.0 60.4 66.9 33.0 28.4 100.0 100.0 91.4 100.0 100.0 77.6 100.0 99.6 60.3,2026-05,2026-10-01,High,"Added after review N2 (whole table, not one row). Column order: SWDE SQD FDA TQA NQ DROP, then NIAH-S1 at 1024/2048/4096, S2 at 1024/2048/4096, S3 at 1024/2048/4096. Looped = weights shared over T=4. Parameter matching is the authors' statement (R7-007)."
R6-025,LOOP,"LT2 Table 5, Looped Hybrid (Full+GDN) (full attention + linear recurrence (no routing)): NIAH-Single-1/2/3 at 4096 tokens after pre-training at 2048 = 93.5 / 81.0 / 63.7",93.5,% NIAH-Single-1 at 4096 tokens,REPORTED,https://arxiv.org/html/2605.20670,"Table 5 (1.3B, long-context evaluation), row Looped Hybrid (Full+GDN)",Looped Hybrid (Full+GDN) 53.1 48.9 62.0 67.8 34.0 30.2 100.0 100.0 93.5 100.0 100.0 81.0 99.8 99.8 63.7,2026-05,2026-10-01,High,"Added after review N2 (whole table, not one row). Column order: SWDE SQD FDA TQA NQ DROP, then NIAH-S1 at 1024/2048/4096, S2 at 1024/2048/4096, S3 at 1024/2048/4096. Looped = weights shared over T=4. Parameter matching is the authors' statement (R7-007)."
R6-026,LOOP,LT2 authors: looped variants retain their base mixer's NIAH behaviour; recurrent backbones extrapolate to 4096 while dense-attention ones do not,,,AUTHOR-CLAIM,https://arxiv.org/html/2605.20670,Section on long-context evaluation (Table 5 discussion),they retain the qualitative NIAH behavior of their base versions – recurrent backbones extrapolate gracefully to 4096 while dense-attention ones do not,2026-05,2026-10-01,High,"The extrapolation advantage tracks recurrent mixers, not routing (review N2 B1)"
R6-027,LOOP,LT2 authors: looping helps subquadratic mixers more than full attention on the state-tracking + recall curriculum,,,AUTHOR-CLAIM,https://arxiv.org/html/2605.20670,Figure 9 discussion,The striking pattern is that looping helps subquadratic mixers more than it helps full attention,2026-05,2026-10-01,High,Subquadratic includes linear recurrences (GDN) and sparse attention (NSA)
R6-028,LOOP,"LT2: Looped Full+GDN (no routing) also reaches stage 5 (n_max = 128), attributed by the authors to its linear-time GDN half",,,AUTHOR-CLAIM,https://arxiv.org/html/2605.20670,Figure 9 discussion,"Looped Full+GDN does too, but only because half its block is already linear-time GDN",2026-05,2026-10-01,High,Fourth arm reaching 128 without routing (review N2 B2)
R6-029,LOOP,ReSSFormer applies a single shared block recurrently K times to persistent hidden states instead of stacking independent layers,,,DESIGN,https://arxiv.org/html/2510.01585,"Section 3.1 (R2MU), Eq. 1","Instead of stacking L L independent layers, a single block is recurrently applied K K times",2025-10,2026-10-01,High,"Added after review N2 B3: supports C1, C3, C4, C5 for ReSSFormer (doubled symbols are HTML extraction artefacts)"
R6-030,DYN,ReSSFormer's structure loss encourages gradual evolution of a latent token graph across recurrent steps,,,DESIGN,https://arxiv.org/html/2510.01585,"Section 3.3 (SOES), structure loss",This encourages gradual evolution of the latent token graph,2025-10,2026-10-01,High,Topology evolves during computation (C13 partly: no evolving node roles stated)
R6-031,HOP,"ReSSFormer keeps a step-indexed, segment-level memory with learned gated partial overwriting",,,DESIGN,https://arxiv.org/html/2510.01585,"Section 3.1 (R2MU), memory",R2MU supports partial overwriting of its memory based on a learned gating signal,2025-10,2026-10-01,High,"Within-input memory across steps, not persistent across inputs or associative: C9 partly"
R6-032,LOOP,LT2 curriculum: Looped GDN+Window solves only stage 3 at loop counts up to 4 and reaches stage 5 only at 8 loops; the n_max = 128 results are best-over-T,,,REPORTED,https://arxiv.org/html/2605.20670,Figure 9 discussion,"Looped GDN+Window is the most dramatic: stage 3 at T ≤ 4 , stage 5 at T = 8 .",2026-05,2026-10-01,High,Added after review N3 M1: the 128-vs-64 comparison takes each arm's best loop count (curriculum stages 8/16/32/64/128/256)
R6-033,DYN,"ReSSFormer builds, at each recurrent step, directed edge weights from token i to token j with a learned content-based scoring function (an implicit graph induced by attention)",,,DESIGN,https://arxiv.org/html/2510.01585,"Section 3.3 (SOES), Eq. 7","edges are induced by learned attention patterns. At step t t , the edge weight from token x i x_{i} to x j x_{j} is given by",2025-10,2026-10-01,High,Added after Astra A1 #2: with per-query top-k (R6-007) this is a sparse directed graph (C2 full); LaTeX duplication is an HTML extraction artefact
R6-034,HYP,Set-to-hypergraph model produces a new incidence matrix at every step from the previous step's edge and node vectors,,,DESIGN,https://arxiv.org/abs/2106.13919,Section 4 (iterative refinement),we produce a new incidence matrix for step t based on the edge and node vectors from the previous step,2021-06,2026-10-01,High,"Added after Astra A1 #3: learned hyperedge topology conditioned on state and evolving during computation (C7, C8; C13 partly)"
R6-035,HYP,"Set-to-hypergraph model shares parameters between refinement steps, making it recurrent",,,DESIGN,https://arxiv.org/abs/2106.13919,Section 4 (iterative refinement),"By sharing the parameters between different refinement steps, we naturally obtain a recurrent model.",2021-06,2026-10-01,High,"C3, C4, C5"
R6-036,HYP,"Set-to-hypergraph model aggregates neighbouring edges weighted by the learned incidence probabilities, akin to message passing",,,DESIGN,https://arxiv.org/abs/2106.13919,Section 4 (iterative refinement),This aggregation works akin to message passing in graph neural networks,2021-06,2026-10-01,High,Learned-incidence-weighted routing between nodes and hyperedges inside the recurrent loop (Astra A1 #3)
R6-037,LOOP,LT2 setup prose: hybrids interleave the mixer with full attention in a fixed 4:1 ratio,4,mixer layers per full-attention layer (prose),DESIGN,https://arxiv.org/html/2605.20670,Section 3 setup (Mamba-3 evaluation protocol paragraph),hybrids interleave that mixer with full attention in a fixed 4 : 1 ratio,2026-05,2026-10-01,High,"Added after Astra A1 #16: conflicts with the Table 5 caption (R6-038, 1:1)"
R6-038,LOOP,"LT2 Table 5 caption: hybrid models interleave with full attention in a 1:1 ratio, evaluated at 1.3B parameters",1,mixer layers per full-attention layer (Table 5 caption),DESIGN,https://arxiv.org/html/2605.20670,Table 5 caption,hybrid models interleave with full attention in a 1 : 1 ratio,2026-05,2026-10-01,High,"Conflicts with R6-037 (4:1) and with the table header (R6-039, 1.5B)"
R6-039,LOOP,"LT2 Table 5 header labels the models 1.5B, while its caption says 1.3B",1.5,B parameters (Table 5 header),DESIGN,https://arxiv.org/html/2605.20670,Table 5 header,underline marks the second best. Model (1.5B),2026-05,2026-10-01,High,Source-quality caveat: model size and hybrid ratio are stated inconsistently; only the reported scores are used
R7-001,LOOP,LT2 replaces softmax attention inside a weight-tied looped Transformer with linear or sparse attention; LT2-sparse is the sparse arm,,,DESIGN,https://arxiv.org/abs/2605.20670,Abstract,We study two variants: LT2-linear with linear attention and LT2-sparse with sparse attention.,2026-05-22,2026-10-01,High,Closest Transformer-vocabulary hit: a looped Transformer with learned sparse (top-w) attention compared against a dense looped Transformer.
R7-002,ROUTE,"LT2 sparse mixers include NSA (top-w selected indices) and DSA (top-w selected by a lightning indexer), i.e. learned content-based top-k over the causal context",,,DESIGN,https://arxiv.org/abs/2605.20670,"§2.1, Table 1 (mixer state-update rules)",KV cache + compressed blocks; ℐ t : top- w selected indices,2026-05-22,2026-10-01,Medium,"Selection is block/token top-w over all previous tokens (causal LM), learned end-to-end; whether DSA indexer gets an auxiliary/distillation loss in LT2 is not stated in the text we read."
R7-003,LOOP,LT2 looped variants define a Looped Transformer as N shared blocks reused for T iterations,,,DESIGN,https://arxiv.org/abs/2605.20670,§2.1 Eq. (2),yielding effective depth T ⋅ N with only N unique parameter sets—a T × parameter reduction over a Transformer of equivalent depth.,2026-05-22,2026-10-01,High,
R7-004,BENCH,"LT2 synthetic state-tracking+recall task grows n=m along a curriculum and reports the largest stage solved (n_max), i.e. trained-at-size performance, not train-small/test-large extrapolation",256,tokens (max curriculum n),DESIGN,https://arxiv.org/abs/2605.20670,§3.6 Task and setup,"We tie n = m and grow them together along the curriculum { 8 , 16 , 32 , 64 , 128 , 256 } ; a model advances once eval accuracy reaches 0.90 within a 100 k-step budget.",2026-05-22,2026-10-01,High,"Models are trained at each stage before being scored there; this is a capacity/learnability measure, not size extrapolation."
R7-005,LOOP,"On LT2 state-tracking+recall, the dense Looped Transformer plateaus at n_max=64 at every loop count T",64,n_max,REPORTED,https://arxiv.org/abs/2605.20670,"§3.6, Figure 9",Looped Transformer and Looped Full+Window plateau at stage 4 ( n max = 64 ) and never reach stage 5 at any T .,2026-05-22,2026-10-01,High,4-layer 256-wide backbone; dense arm = softmax looped Transformer.
R7-006,ROUTE,"On LT2 state-tracking+recall, Looped NSA (learned top-k sparse attention in a loop) reaches n_max=128, double the dense looped Transformer",128,n_max,REPORTED,https://arxiv.org/abs/2605.20670,"§3.6, Figure 9","three subquadratic variants — Looped NSA, Looped GDN+Window, and Looped GDN+NSA — all reach stage 5 ( n max = 128 )",2026-05-22,2026-10-01,High,"Nearest published evidence that learned sparse routing inside a loop beats a dense looped Transformer on a synthetic task. Not size extrapolation; no sharpened (entmax) arm; single-number outcome, seeds not stated in the sentence."
R7-007,LOOP,LT2 compares sparse and dense looped arms at the same parameter budget,,,AUTHOR-CLAIM,https://arxiv.org/abs/2605.20670,§3.6 Comparison across architectures,a doubling of n max over the global-attention baseline at the same parameter budget.,2026-05-22,2026-10-01,High,Parameter-matched; FLOPs not matched (sparse arms spend fewer attention FLOPs per loop).
R7-008,LOOP,LT2 language-model comparisons hold loop count T=4 and parameter count fixed across variants,4,loops,REPORTED,https://arxiv.org/abs/2605.20670,§3.2 figure caption,All variants use T = 4 at matched parameter count.,2026-05-22,2026-10-01,Medium,Equal steps + equal params; FLOP matching not claimed.
R7-009,ROUTE,"In LT2, sparse looped variants train without loss spikes but end at slightly higher LM loss than the dense looped Transformer",,,AUTHOR-CLAIM,https://arxiv.org/abs/2605.20670,"§3.5, Figure 7 caption","Sparse looped variants train without the spikes seen in the full-attention loop, but reach a slightly higher final loss than the Looped Transformer.",2026-05-22,2026-10-01,High,LM pretraining at 0.6B/1.3B on FineWeb-Edu.
R7-010,LOOP,"In LT2 NIAH-Single-1 at 4096 tokens (trained at 2048), the dense Looped Transformer scores 0.0",0.0,% accuracy,REPORTED,https://arxiv.org/abs/2605.20670,"Table 5 (row Looped Transformer, NIAH-Single-1 4096 column)",Looped Transformer 52.8 49.4 61.7 68.2 33.6 28.1 100.0 100.0 0.0,2026-05-22,2026-10-01,Medium,Columns: SWDE SQD FDA TQA NQ DROP then NIAH-S1 at 1024/2048/4096; column assignment read from the flattened table.
R7-011,ROUTE,"In LT2 NIAH-Single-1 at 4096 tokens, Looped Hybrid (GDN+DSA) scores 91.4 vs 0.0 for the dense looped Transformer",91.4,% accuracy,REPORTED,https://arxiv.org/abs/2605.20670,"Table 5 (row Looped Hybrid (GDN+DSA), NIAH-Single-1 4096 column)",Looped Hybrid (GDN+DSA) 51.6 48.0 60.4 66.9 33.0 28.4 100.0 100.0 91.4,2026-05-22,2026-10-01,Medium,"Length extrapolation 2x on retrieval, but the sparse arm is confounded with a linear-attention (GDN) branch; no pure looped-sparse row in Table 5; LM-scale, not algorithmic size extrapolation."
R7-012,ROUTE,LT2 attributes better NIAH extrapolation to the GDN+DSA loop despite it having no quadratic component,,,AUTHOR-CLAIM,https://arxiv.org/abs/2605.20670,§3.7,"Looped Hybrid (GDN+DSA) tracks the Looped Transformer closely on the knowledge suite despite containing no quadratic component, and additionally extrapolates substantially better at NIAH-4096.",2026-05-22,2026-10-01,High,
R7-013,LOOP,"Looped Transformers on graph walks: the hidden state steers which transition a frozen shared loop performs, with attention routing as a causal pathway",,,AUTHOR-CLAIM,https://arxiv.org/abs/2609.39892,Abstract,"Together, these results show that the hidden state can control shared computation, with attention routing as a causal pathway.",2026-09-30,2026-10-01,High,"Interpretability study of dense-softmax looped models; no sparse/top-k arm, no architecture comparison."
R7-014,LOOP,"In native looped-Transformer trajectories, a loop can advance by different numbers of graph steps",,,AUTHOR-CLAIM,https://arxiv.org/abs/2609.39892,Abstract,showing that recurrent progress need not follow a fixed one-loop-one-step pattern.,2026-09-30,2026-10-01,High,Relevant to our step-budget design (D3): one loop ≠ one hop in learned dense loops.
R7-015,CONN,Wu et al. vary intermediate supervision across five matched pairs of graph-walk looped models,,,AUTHOR-CLAIM,https://arxiv.org/abs/2609.39892,Abstract,"Across five matched pairs of graph models, changing intermediate supervision during backbone training changes which transitions can induce.",2026-09-30,2026-10-01,High,
R7-016,ROUTE,"In recurrent-depth LMs, attention routing (support and distribution) stabilises across loops earlier than hidden states",,,AUTHOR-CLAIM,https://arxiv.org/abs/2609.27373,Abstract,the model first discovers a sparse working set of relevant context and then continues refining representations over largely the same routing support.,2026-09-27,2026-10-01,High,Empirical support that dense looped attention becomes effectively sparse and stable across steps; argues that per-step re-routing may be redundant late in the loop.
R7-017,ROUTE,WISE is training-free: global attention in early loops discovers a block working set that later loops reuse as routing support,,,DESIGN,https://arxiv.org/abs/2609.27373,Abstract,"a training-free method that uses unrestricted global attention during early recurrent steps to discover a block-structured working set, and then reuses it as the routing support in later steps",2026-09-27,2026-10-01,High,"Inference-time sparsification of a pretrained dense looped LM; no trained routing, no extrapolation on algorithmic tasks."
R7-018,BENCH,WISE is evaluated on multi-hop QA against full-attention inference,,,AUTHOR-CLAIM,https://arxiv.org/abs/2609.27373,Abstract,"Across multi-hop QA benchmarks, WISE largely preserves the behavior of full-attention inference",2026-09-27,2026-10-01,High,
R7-019,ROUTE,MoSA: each attention head selects its own k tokens by expert-choice routing (learned content-based top-k over all tokens),,,DESIGN,https://arxiv.org/abs/2505.00315,§2.2,where each attention head is treated like an expert and selects its own specific tokens from the input.,2025-05-01,2026-10-01,High,Not looped/weight-tied; LM only; no length or size extrapolation. Already-known Routing Transformer is its baseline.
R7-020,ROUTE,MoSA reports up to 27% better perplexity than dense attention at identical compute,27,% perplexity,REPORTED,https://arxiv.org/abs/2505.00315,Abstract,"MoSA is the only one that can outperform the dense baseline, sometimes with up to 27% better perplexity for an identical compute budget.",2025-05-01,2026-10-01,High,"IsoFLOP comparison, non-looped. Shows learned top-k routing can beat dense at equal FLOPs in LM."
R7-021,ROUTE,MoSA reduces per-head complexity from O(T^2) to O(k^2+T),,,DESIGN,https://arxiv.org/abs/2505.00315,Abstract,"By selecting k tokens from a sequence of length T , MoSA reduces the computational complexity of each attention head from O ⁡ ( T 2 ) to O ⁡ ( k 2 + T ) .",2025-05-01,2026-10-01,High,"Expert-choice: tokens are chosen by heads, not keys by queries — differs from per-query top-k."
R7-022,LOOP,UniMatrix is a Universal-Transformer-style family reusing a shared recurrent block across depth,,,DESIGN,https://arxiv.org/abs/2604.25930,Abstract,"We introduce UniMatrix , a Universal Transformer style family that reuses a shared recurrent block across depth and augments it with hybrid state updates",2026-04-01,2026-10-01,High,
R7-023,ROUTE,UniMatrix-SparsePointer (sparse slot routing + pointer-logit fusion) reaches 99.2% on synthetic associative recall,99.2,% accuracy,REPORTED,https://arxiv.org/abs/2604.25930,Abstract,"UniMatrix-SparsePointer , which adds sparse slot routing and direct pointer-logit fusion, reaches 75.6% on the original pilot recipe and 99.2% on a no-dropout follow-up",2026-04-01,2026-10-01,Medium,"Pilot study; baseline is a non-looped Transformer (25.4%); no looped dense baseline, no sharpened baseline, no length/size extrapolation."
R7-024,LOOP,ChainGPT (ICLR 2026) combines recurrent depth with state-guided sparse attention,,,DESIGN,https://mlanthology.org/iclr/2026/zheng2026iclr-chaingpt/,Abstract (ML Anthology mirror of ICLR 2026 paper),"Within each layer, ChainGPT employs multi-substep state updates combined with state-guided sparse attention, enabling deep local computation and efficient long-range modeling without quadratic costs.",2026-01-26,2026-10-01,Medium,LM/reasoning model; abstract gives no size/length extrapolation or looped-dense vs sharpened comparison.
R7-025,LOOP,ChainGPT full text (OpenReview kdZbxizwGK) not retrieved: OpenReview browser-verification challenge,,,ACCESS-FAILED,https://openreview.net/forum?id=kdZbxizwGK,OpenReview forum + PDF,,2026-01-26,2026-10-01,Low,"Secondary summaries say SGSA = sliding window + periodic anchors (fixed pattern, not learned top-k); unverified at primary source."
R7-026,DYN,Graph Machine constructs and revises relational edges across layers via edge-augmented attention and edge-centric referral,,,DESIGN,https://arxiv.org/abs/2608.06834,Abstract,this enables the model to dynamically and differentiably construct and revise relational graphs across layers.,2026-08-19,2026-10-01,High,"State-conditioned learned graph rebuilt per layer; soft (temperature-sharpened) edges, not top-k."
R7-027,DYN,Graph Machine scores 86.0% on Sudoku vs 71.7% for a same-scale Transformer,86.0,% accuracy,REPORTED,https://arxiv.org/abs/2608.06834,Table 1,"GM 1 × Each Node, edge 2.70 M 86.0 ± 3.7",2026-08-19,2026-10-01,High,"Fixed-size Sudoku, no size extrapolation; 2.70M vs 2.12M params (not param-matched); Transformer-sin-PE-2x with ~8x params reaches 86.3."
R7-028,DYN,"Graph Machine tests top-s address sparsity only in preliminary, dense-simulated experiments",,,DESIGN,https://arxiv.org/abs/2608.06834,§3.3 / appendix (address sparsity),"We conduct preliminary experiments on address sparsity by varying sparsity s , simulated using our dense algorithm and representation by masking non-top- s entries to 0 along the last dimension of edge addresses.",2026-08-19,2026-10-01,High,
R7-029,ROUTE,Graph Machine frames itself as filling the gap between dense-dynamic Transformers and fixed-routing sparse Transformers,,,AUTHOR-CLAIM,https://arxiv.org/abs/2608.06834,§2,"In contrast to vanilla Transformers with dynamic dense interactions and sparse Transformers with fixed routing, a sparse Graph Machine would provide sparse but dynamic attention.",2026-08-19,2026-10-01,High,"""would provide"" — proposed, not built."
R7-030,LOOP,Labovich (2026) states it is unclear whether looped Transformers extrapolate to harder problems by iterating more,,,AUTHOR-CLAIM,https://arxiv.org/abs/2604.15259,§1,Whether looped transformers actually achieve this extrapolation remains unclear.,2026-04-22,2026-10-01,High,
R7-031,LOOP,"Labovich trains single-layer looped Transformers on chess, sudoku and prefix-sums, varying recall and normalisation (dense attention only)",,,DESIGN,https://arxiv.org/abs/2604.15259,Abstract,"we train single-layer looped transformers on chess, sudoku, and prefix-sums and find that downstream performance tracks the framework’s predictions",2026-04-22,2026-10-01,High,No sparse/top-k or entmax arm found.
R7-032,LOOP,Plain TRM fails to extrapolate on A5 state tracking: 45.8% at length 128 after training on up to 32 updates,45.8,% accuracy,REPORTED,https://arxiv.org/abs/2606.18206,"§ length generalization, Figure 4","plain TRM fails to extrapolate: at length 128, TRM and TRM with ACT enabled both obtain 45.8 % ± 3.9 % on A 5",2026-06-16,2026-10-01,High,"Trained up to 32 updates, tested up to 128."
R7-033,LOOP,Adding a causal 1D convolution to TRM raises A5 length-128 accuracy to 91.4%,91.4,% accuracy,REPORTED,https://arxiv.org/abs/2606.18206,"§ length generalization, Figure 4","Adding a causal 1D convolution layer substantially improves length generalization, reaching 91.4 % ± 2.3 % on A 5",2026-06-16,2026-10-01,High,"Locality prior, not learned sparse routing — a competitor explanation for extrapolation gains."
R7-034,LOOP,"Block Universal Transformer extrapolates to unseen recurrent depths on Rule 30 more reliably than CoTFormer, but degrades",,,AUTHOR-CLAIM,https://arxiv.org/abs/2609.19521,Abstract,"On Rule 30 cellular automata, BUT extrapolates to unseen recurrent depths more reliably than CoTFormer, although its accuracy eventually degrades.",2026-09-17,2026-10-01,High,"Dense attention; depth extrapolation, no sparse arm."
R7-035,LOOP,Ray Chowdhury & Caragea suggest dense softmax noise in longer contexts may harm Universal Transformer length generalization,,,AUTHOR-CLAIM,https://arxiv.org/abs/2402.00976,§6 (ListOps / logical inference discussion),higher noise from dense softmax in longer contexts may still harm its length generalization,2025-01-21,2026-10-01,Medium,"Hypothesis offered, not tested with a sparse arm; supports the dispersion motivation."
R7-036,LOOP,Chunk-wise recurrence with a fixed attention window is more robust than depth-wise (UT) recurrence for length generalization,,,AUTHOR-CLAIM,https://arxiv.org/abs/2402.00976,§1 contributions,chunk-wise recurrence with its fixed recurrent attention window tends to show more robustness than depth-wise recurrence in length generalization and flip-flop language modeling,2025-01-21,2026-10-01,High,Fixed (not learned) sparsity; TMLR-era study; no top-k arm.
R7-037,THEORY,Golowich et al.: length generalization occurs when each predicted token depends on a small fixed number of previous tokens,,,THEOREM,https://arxiv.org/abs/2502.16792,Abstract; §4,"Conceptually, we show that length generalization occurs as long as each predicted token depends on a small (fixed) number of previous tokens.",2025-02-24,2026-10-01,High,Theory for an idealised sparse-attention hypothesis class; not looped; motivates k-sparse routing for extrapolation.
R7-038,THEORY,Golowich et al. formalise k-sparse planted correlation distributions on which idealised transformers length-generalize,,,THEOREM,https://arxiv.org/abs/2502.16792,Abstract,"We formalize such tasks via a notion we call k -sparse planted correlation distributions, and show that an idealized model of transformers which generalize attention heads successfully length-generalize on such tasks.",2025-02-24,2026-10-01,High,
R7-039,ROUTE,Vanishing variance: layer norm after attention outputs improves length generalization on argmax retrieval and dictionary lookup,,,AUTHOR-CLAIM,https://arxiv.org/abs/2504.02827,Abstract,"On the argmax retrieval and dictionary lookup tasks, our experiments show that applying layer normalization after the attention outputs leads to significantly better length generalization.",2025-04-03,2026-10-01,High,A third non-graph fix for dispersion (besides temperature and entmax) a reviewer may ask for.
R7-040,THEORY,Sparsemax and alpha-entmax attention correspond to compact-kernel (e.g. Epanechnikov) Nadaraya-Watson regression; top-k is a heuristic within this family,,,THEOREM,https://arxiv.org/abs/2601.22766,Abstract,This unified perspective explains how sparsity naturally emerges from kernel design and provides principled alternatives to heuristic top- attention and other associative memory mechanisms.,2026-05-08,2026-10-01,Medium,"""top-k"" symbol stripped in HTML extraction (""top- attention"")."
R7-041,ROUTE,Rectified-polynomial (alpha-entmax) kernels generalize strongly on MQMTAR length-generalization tasks in Memory Mosaics,,,AUTHOR-CLAIM,https://arxiv.org/abs/2601.22766,§4.3,"In contrast, our rectified polynomial kernels ( -entmax) exhibit strong and stable generalization, particularly on the MQMTAR task.",2026-05-08,2026-10-01,Medium,Non-looped; adds evidence that sharpened attention is the baseline to beat.
R7-042,THEORY,"For top-k truncation of a softmax distribution, total-variation distance equals the discarded tail mass",,,THEOREM,https://arxiv.org/abs/2512.07647,Abstract; §2,"For a single attention distribution and its Top- truncation , we show that the total-variation distance coincides with the discarded softmax tail mass",2025-12-08,2026-10-01,High,Gives the exact error of top-k vs dense softmax per step; useful for bounding the dense-vs-top-k gap per loop.
R7-043,ROUTE,Grouped Cross Attention learns end-to-end to retrieve top-k past chunks and reports length generalization far beyond pretraining context,,,DESIGN,https://arxiv.org/abs/2410.01651,Abstract,our key innovation allows the retriever to learn how to retrieve past chunks that better minimize the auto-regressive loss of subsequent tokens in an end-to-end manner.,2025-06-12,2026-10-01,High,Learned unsupervised (by LM loss) top-k chunk retrieval; not looped; LM passkey only.
R7-044,ROUTE,"Discrete Transformer uses hard attention strictly as an information-routing operator, discretised by temperature-annealed sampling",,,DESIGN,https://arxiv.org/abs/2601.05770,§3.2,"we employ a hard attention mechanism designed strictly as an information routing operator, rather than a feature mixer.",2026-05-29,2026-10-01,High,Algorithm-extraction focus; not looped; no extrapolation comparison vs dense.
R7-045,LOOP,"Sparse layers in looped LMs means top-k MoE FFNs (routing over experts), not sparse attention over tokens",,,DESIGN,https://arxiv.org/abs/2605.09165,§1 contributions,Replace dense FFNs with top-k MoE layers in looped LMs.,2026-06-30,2026-10-01,High,"Vocabulary trap: ""sparse looped"" hits are mostly MoE, not token routing."
R7-046,LOOP,Foil (looped MoE) ends 0.012 nat below the unflattened looped baseline at equal parameters and compute,0.012,nat,REPORTED,https://arxiv.org/abs/2609.35751,Abstract,the most flattened Foil ending 0.012 nat below the baseline at equal parameters and compute,2026-09-28,2026-10-01,High,"Expert routing, not token routing; LM only."
R7-047,LOOP,Gated Recurrent Transformer: a 3-layer recurrent model matches a 12-layer GPT-2 Small under an iso-FLOPs constraint,3,layers,REPORTED,https://arxiv.org/abs/2608.15062,Abstract,"Under an iso FLOPs constraint, a 3-layer Gated Recurrent Transformer matches the accuracy of a 12-layer GPT-2 Small baseline with similar training and inference FLOPs",2026-08-26,2026-10-01,High,Dense attention; LM; example of iso-FLOP looped evaluation protocol.
R7-048,THEORY,Length-generalizable softmax CoT transformers are Turing-complete (via CoT C-RASP),,,THEOREM,https://arxiv.org/abs/2511.20038,Abstract,we prove a stronger result that length-generalizable softmax CoT transformers are Turing-complete.,2025-11-25,2026-10-01,High,"Hard attention not required for this expressivity result; CoT, not looped."
R7-049,ROUTE,MiTA gathers top-k attended key-value pairs via landmark queries as routed experts,,,DESIGN,https://arxiv.org/abs/2602.01219,Abstract,which employs a small set of landmark queries to gather top- attended key-value pairs as query-aware and deformable routed experts,2026-09-27,2026-10-01,Medium,"Vision; non-looped; ""top-k"" symbol stripped in extraction."
R7-050,LOOP,"Persistent fast-slow latent recurrence improves OOD length generalization over recurrent, SSM and Transformer baselines",,,AUTHOR-CLAIM,https://arxiv.org/abs/2604.01577,Abstract,"Across these settings, persistent latent recurrence improves OOD generalization over recurrent, state-space, and Transformer baselines.",2026-07-08,2026-10-01,High,"Streaming recurrence, no sparse routing arm."
R7-051,LOOP,Fast-slow recurrence ablations single out state-dependent transitions and feature-wise nonlinear mixing for OOD performance,,,AUTHOR-CLAIM,https://arxiv.org/abs/2604.01577,Abstract,"we identify architectural ingredients that are consistently associated with strong OOD performance, including state-dependent transitions and feature-wise nonlinear mixing.",2026-07-08,2026-10-01,Medium,
